<?xml version="1.0" encoding="UTF-8" standalone="no"?><pregnancyregistrations><pregnancyregistration><code>CLISS3001003-01</code><motherCode>CLISS3001003</motherCode><recordedDate>2023-03-22</recordedDate><pregMonths/><eddKnown/><hasPrenatalRecord/><eddDate/><eddType/><lmpKnown/><lmpDate/><expectedDeliveryDate/><status>DELIVERED</status><visitCode>CLISS3001-002-001</visitCode><collectedId>f6e1f2d677ba48bca4cf1592a3611e18</collectedId></pregnancyregistration><pregnancyregistration><code>MOMRN3003002-01</code><motherCode>MOMRN3003002</motherCode><recordedDate>2023-11-28</recordedDate><pregMonths>2</pregMonths><eddKnown>false</eddKnown><hasPrenatalRecord/><eddDate/><eddType/><lmpKnown>false</lmpKnown><lmpDate/><expectedDeliveryDate>2024-07-09</expectedDeliveryDate><status>PREGNANT</status><visitCode>MOMRN3003-002-001</visitCode><collectedId>0591d2146cfe4ab28c7a6fbec9117239</collectedId></pregnancyregistration><pregnancyregistration><code>CBBNT1002002-01</code><motherCode>CBBNT1002002</motherCode><recordedDate>2022-05-09</recordedDate><pregMonths/><eddKnown/><hasPrenatalRecord/><eddDate/><eddType/><lmpKnown/><lmpDate/><expectedDeliveryDate/><status>DELIVERED</status><visitCode>CBBNT1002-002-001</visitCode><collectedId>0210bab8eafa4a55ac430987aa04f10e</collectedId></pregnancyregistration></pregnancyregistrations>