<?xml version="1.0" encoding="UTF-8" standalone="no"?><pregnancyregistrations><pregnancyregistration><code>VIYYV1087003-01</code><motherCode>VIYYV1087003</motherCode><recordedDate>2025-01-12</recordedDate><pregMonths/><eddKnown/><hasPrenatalRecord/><eddDate/><eddType/><lmpKnown/><lmpDate/><expectedDeliveryDate/><status>DELIVERED</status><visitCode>VIYYV1087-002-001</visitCode><summary_antepartum_count>0</summary_antepartum_count><summary_postpartum_count>0</summary_postpartum_count><summary_last_visit_status/><summary_last_visit_type/><summary_last_visit_date/><summary_first_visit_date/><summary_has_pregnancy_outcome>false</summary_has_pregnancy_outcome><summary_nr_outcomes>0</summary_nr_outcomes><summary_followup_completed>false</summary_followup_completed><collectedId>8176deef8524418daad7b7b9a7888635</collectedId></pregnancyregistration><pregnancyregistration><code>CLISS3001003-01</code><motherCode>CLISS3001003</motherCode><recordedDate>2025-05-25</recordedDate><pregMonths>6</pregMonths><eddKnown>true</eddKnown><hasPrenatalRecord>true</hasPrenatalRecord><eddDate>2025-09-25</eddDate><eddType>ULTRASOUND</eddType><lmpKnown>false</lmpKnown><lmpDate/><expectedDeliveryDate>2025-09-25</expectedDeliveryDate><status>PREGNANT</status><visitCode>CLISS3001-002-001</visitCode><summary_antepartum_count>0</summary_antepartum_count><summary_postpartum_count>0</summary_postpartum_count><summary_last_visit_status/><summary_last_visit_type/><summary_last_visit_date/><summary_first_visit_date/><summary_has_pregnancy_outcome>false</summary_has_pregnancy_outcome><summary_nr_outcomes>0</summary_nr_outcomes><summary_followup_completed>false</summary_followup_completed><collectedId>65801adfa25549f5a36b4b6095422562</collectedId></pregnancyregistration><pregnancyregistration><code>CPTRC1015002-01</code><motherCode>CPTRC1015002</motherCode><recordedDate>2025-05-23</recordedDate><pregMonths>7</pregMonths><eddKnown>false</eddKnown><hasPrenatalRecord/><eddDate/><eddType/><lmpKnown>false</lmpKnown><lmpDate/><expectedDeliveryDate>2025-10-17</expectedDeliveryDate><status>DELIVERED</status><visitCode>CPTRC1015-002-001</visitCode><summary_antepartum_count>1</summary_antepartum_count><summary_postpartum_count>0</summary_postpartum_count><summary_last_visit_status>PREGNANT</summary_last_visit_status><summary_last_visit_type>ANTEPARTUM</summary_last_visit_type><summary_last_visit_date>2025-06-25</summary_last_visit_date><summary_first_visit_date>2025-06-25</summary_first_visit_date><summary_has_pregnancy_outcome>true</summary_has_pregnancy_outcome><summary_nr_outcomes>1</summary_nr_outcomes><summary_followup_completed>false</summary_followup_completed><collectedId>7e45176e21ac4e18b7fe163e961866a2</collectedId></pregnancyregistration><pregnancyregistration><code>VIYYV1087001-01</code><motherCode>VIYYV1087001</motherCode><recordedDate>2024-10-26</recordedDate><pregMonths/><eddKnown/><hasPrenatalRecord/><eddDate/><eddType/><lmpKnown/><lmpDate/><expectedDeliveryDate/><status>DELIVERED</status><visitCode>VIYYV1087-002-002</visitCode><summary_antepartum_count>0</summary_antepartum_count><summary_postpartum_count>2</summary_postpartum_count><summary_last_visit_status>DELIVERED</summary_last_visit_status><summary_last_visit_type>POSTPARTUM</summary_last_visit_type><summary_last_visit_date>2025-07-28</summary_last_visit_date><summary_first_visit_date>2025-05-29</summary_first_visit_date><summary_has_pregnancy_outcome>true</summary_has_pregnancy_outcome><summary_nr_outcomes>2</summary_nr_outcomes><summary_followup_completed>false</summary_followup_completed><collectedId>e93501959f3b4efd8f95d7c6e9c94109</collectedId></pregnancyregistration><pregnancyregistration><code>IRONT1001002-01</code><motherCode>IRONT1001002</motherCode><recordedDate>2025-06-28</recordedDate><pregMonths/><eddKnown/><hasPrenatalRecord/><eddDate/><eddType/><lmpKnown/><lmpDate/><expectedDeliveryDate/><status>DELIVERED</status><visitCode>IRONT1001-002-001</visitCode><summary_antepartum_count>0</summary_antepartum_count><summary_postpartum_count>1</summary_postpartum_count><summary_last_visit_status>DELIVERED</summary_last_visit_status><summary_last_visit_type>POSTPARTUM</summary_last_visit_type><summary_last_visit_date>2025-07-26</summary_last_visit_date><summary_first_visit_date>2025-07-26</summary_first_visit_date><summary_has_pregnancy_outcome>true</summary_has_pregnancy_outcome><summary_nr_outcomes>2</summary_nr_outcomes><summary_followup_completed>false</summary_followup_completed><collectedId>1dab61a8cf1946ff8c95bc3ab58f3d3d</collectedId></pregnancyregistration><pregnancyregistration><code>VIYYV1087002-01</code><motherCode>VIYYV1087002</motherCode><recordedDate>2025-05-28</recordedDate><pregMonths>6</pregMonths><eddKnown>false</eddKnown><hasPrenatalRecord/><eddDate/><eddType/><lmpKnown>false</lmpKnown><lmpDate/><expectedDeliveryDate>2025-11-17</expectedDeliveryDate><status>PREGNANT</status><visitCode>VIYYV1087-002-003</visitCode><summary_antepartum_count>0</summary_antepartum_count><summary_postpartum_count>0</summary_postpartum_count><summary_last_visit_status/><summary_last_visit_type/><summary_last_visit_date/><summary_first_visit_date/><summary_has_pregnancy_outcome>false</summary_has_pregnancy_outcome><summary_nr_outcomes>0</summary_nr_outcomes><summary_followup_completed>false</summary_followup_completed><collectedId>af07c2e34e914c24b61a1be8452b6e8d</collectedId></pregnancyregistration></pregnancyregistrations>