<?xml version="1.0" encoding="UTF-8" standalone="no"?><pregnancyregistrations><pregnancyregistration><code>CARYV1031002-01</code><motherCode>CARYV1031002</motherCode><recordedDate>2025-02-08</recordedDate><pregMonths>7</pregMonths><eddKnown>false</eddKnown><hasPrenatalRecord/><eddDate/><eddType/><lmpKnown>false</lmpKnown><lmpDate/><expectedDeliveryDate>2025-11-03</expectedDeliveryDate><status>PREGNANT</status><visitCode>INSSA1001-002-001</visitCode><summary_antepartum_count>1</summary_antepartum_count><summary_postpartum_count>0</summary_postpartum_count><summary_last_visit_status>PREGNANT</summary_last_visit_status><summary_last_visit_type>ANTEPARTUM</summary_last_visit_type><summary_last_visit_date>2025-07-11</summary_last_visit_date><summary_first_visit_date>2025-07-11</summary_first_visit_date><summary_has_pregnancy_outcome>false</summary_has_pregnancy_outcome><summary_nr_outcomes>0</summary_nr_outcomes><summary_followup_completed>false</summary_followup_completed><collectedId>dcf47a196dbc480a9e609db25ce7ccca</collectedId></pregnancyregistration><pregnancyregistration><code>MZZMN1001002-01</code><motherCode>MZZMN1001002</motherCode><recordedDate>2025-06-22</recordedDate><pregMonths/><eddKnown/><hasPrenatalRecord/><eddDate/><eddType/><lmpKnown/><lmpDate/><expectedDeliveryDate/><status>DELIVERED</status><visitCode>URASA1001-002-001</visitCode><summary_antepartum_count>0</summary_antepartum_count><summary_postpartum_count>0</summary_postpartum_count><summary_last_visit_status/><summary_last_visit_type/><summary_last_visit_date/><summary_first_visit_date/><summary_has_pregnancy_outcome>true</summary_has_pregnancy_outcome><summary_nr_outcomes>1</summary_nr_outcomes><summary_followup_completed>false</summary_followup_completed><collectedId>1402ecbf55dc4ba8953e4482c5956d5f</collectedId></pregnancyregistration><pregnancyregistration><code>CNNPR1005003-01</code><motherCode>CNNPR1005003</motherCode><recordedDate>2025-04-25</recordedDate><pregMonths/><eddKnown/><hasPrenatalRecord/><eddDate/><eddType/><lmpKnown/><lmpDate/><expectedDeliveryDate/><status>DELIVERED</status><visitCode>NPASA1001-002-002</visitCode><summary_antepartum_count>0</summary_antepartum_count><summary_postpartum_count>0</summary_postpartum_count><summary_last_visit_status/><summary_last_visit_type/><summary_last_visit_date/><summary_first_visit_date/><summary_has_pregnancy_outcome>true</summary_has_pregnancy_outcome><summary_nr_outcomes>1</summary_nr_outcomes><summary_followup_completed>false</summary_followup_completed><collectedId>6d989223c0414cf89ddb9d0385b4c5f3</collectedId></pregnancyregistration><pregnancyregistration><code>DOAJN5001002-01</code><motherCode>DOAJN5001002</motherCode><recordedDate>2025-02-27</recordedDate><pregMonths>7</pregMonths><eddKnown>true</eddKnown><hasPrenatalRecord>true</hasPrenatalRecord><eddDate>2025-10-21</eddDate><eddType>ULTRASOUND</eddType><lmpKnown>false</lmpKnown><lmpDate/><expectedDeliveryDate>2025-10-21</expectedDeliveryDate><status>PREGNANT</status><visitCode>DOAJN5001-002-001</visitCode><summary_antepartum_count>0</summary_antepartum_count><summary_postpartum_count>0</summary_postpartum_count><summary_last_visit_status/><summary_last_visit_type/><summary_last_visit_date/><summary_first_visit_date/><summary_has_pregnancy_outcome>false</summary_has_pregnancy_outcome><summary_nr_outcomes>0</summary_nr_outcomes><summary_followup_completed>false</summary_followup_completed><collectedId>ff846330f2a948b8a8ddac63a8ed8a9c</collectedId></pregnancyregistration><pregnancyregistration><code>URAHV1042001-01</code><motherCode>URAHV1042001</motherCode><recordedDate>2024-12-05</recordedDate><pregMonths>8</pregMonths><eddKnown>false</eddKnown><hasPrenatalRecord/><eddDate/><eddType/><lmpKnown>false</lmpKnown><lmpDate/><expectedDeliveryDate>2025-10-27</expectedDeliveryDate><status>DELIVERED</status><visitCode>URAHV1042-002-001</visitCode><summary_antepartum_count>1</summary_antepartum_count><summary_postpartum_count>1</summary_postpartum_count><summary_last_visit_status>DELIVERED</summary_last_visit_status><summary_last_visit_type>POSTPARTUM</summary_last_visit_type><summary_last_visit_date>2025-08-31</summary_last_visit_date><summary_first_visit_date>2025-07-05</summary_first_visit_date><summary_has_pregnancy_outcome>true</summary_has_pregnancy_outcome><summary_nr_outcomes>1</summary_nr_outcomes><summary_followup_completed>false</summary_followup_completed><collectedId>a94fe17ed06849b6b3155decb9397bc8</collectedId></pregnancyregistration><pregnancyregistration><code>MUVNT1001002-01</code><motherCode>MUVNT1001002</motherCode><recordedDate>2025-01-01</recordedDate><pregMonths/><eddKnown/><hasPrenatalRecord/><eddDate/><eddType/><lmpKnown/><lmpDate/><expectedDeliveryDate/><status>DELIVERED</status><visitCode>MUVNT1001-002-001</visitCode><summary_antepartum_count>0</summary_antepartum_count><summary_postpartum_count>1</summary_postpartum_count><summary_last_visit_status>DELIVERED</summary_last_visit_status><summary_last_visit_type>POSTPARTUM</summary_last_visit_type><summary_last_visit_date>2025-08-17</summary_last_visit_date><summary_first_visit_date>2025-08-17</summary_first_visit_date><summary_has_pregnancy_outcome>true</summary_has_pregnancy_outcome><summary_nr_outcomes>1</summary_nr_outcomes><summary_followup_completed>false</summary_followup_completed><collectedId>c01a0571e50243beaa6b34a52f71042f</collectedId></pregnancyregistration><pregnancyregistration><code>CARYV1031006-01</code><motherCode>CARYV1031006</motherCode><recordedDate>2025-03-01</recordedDate><pregMonths/><eddKnown/><hasPrenatalRecord/><eddDate/><eddType/><lmpKnown/><lmpDate/><expectedDeliveryDate/><status>DELIVERED</status><visitCode>INSSA1001-002-002</visitCode><summary_antepartum_count>0</summary_antepartum_count><summary_postpartum_count>0</summary_postpartum_count><summary_last_visit_status/><summary_last_visit_type/><summary_last_visit_date/><summary_first_visit_date/><summary_has_pregnancy_outcome>true</summary_has_pregnancy_outcome><summary_nr_outcomes>1</summary_nr_outcomes><summary_followup_completed>false</summary_followup_completed><collectedId>633656a01c8446cfa4b42d9f155cad68</collectedId></pregnancyregistration><pregnancyregistration><code>MUVNT1001005-01</code><motherCode>MUVNT1001005</motherCode><recordedDate>2025-03-02</recordedDate><pregMonths/><eddKnown/><hasPrenatalRecord/><eddDate/><eddType/><lmpKnown/><lmpDate/><expectedDeliveryDate/><status>DELIVERED</status><visitCode>MUVNT1001-002-001</visitCode><summary_antepartum_count>0</summary_antepartum_count><summary_postpartum_count>0</summary_postpartum_count><summary_last_visit_status/><summary_last_visit_type/><summary_last_visit_date/><summary_first_visit_date/><summary_has_pregnancy_outcome>false</summary_has_pregnancy_outcome><summary_nr_outcomes>0</summary_nr_outcomes><summary_followup_completed>false</summary_followup_completed><collectedId>6eca80f0a164468b8d4ef7ccfc7908ef</collectedId></pregnancyregistration><pregnancyregistration><code>MUVNT1001005-02</code><motherCode>MUVNT1001005</motherCode><recordedDate>2025-07-27</recordedDate><pregMonths/><eddKnown/><hasPrenatalRecord/><eddDate/><eddType/><lmpKnown/><lmpDate/><expectedDeliveryDate/><status>DELIVERED</status><visitCode>MUVNT1001-002-001</visitCode><summary_antepartum_count>0</summary_antepartum_count><summary_postpartum_count>0</summary_postpartum_count><summary_last_visit_status/><summary_last_visit_type/><summary_last_visit_date/><summary_first_visit_date/><summary_has_pregnancy_outcome>true</summary_has_pregnancy_outcome><summary_nr_outcomes>1</summary_nr_outcomes><summary_followup_completed>false</summary_followup_completed><collectedId>90fdb645a0ac4c06b45094c91fbb93f8</collectedId></pregnancyregistration><pregnancyregistration><code>REURN3008002-01</code><motherCode>REURN3008002</motherCode><recordedDate>2025-02-02</recordedDate><pregMonths/><eddKnown/><hasPrenatalRecord/><eddDate/><eddType/><lmpKnown/><lmpDate/><expectedDeliveryDate/><status>DELIVERED</status><visitCode>REURN3008-002-001</visitCode><summary_antepartum_count>0</summary_antepartum_count><summary_postpartum_count>1</summary_postpartum_count><summary_last_visit_status>DELIVERED</summary_last_visit_status><summary_last_visit_type>POSTPARTUM</summary_last_visit_type><summary_last_visit_date>2025-09-01</summary_last_visit_date><summary_first_visit_date>2025-09-01</summary_first_visit_date><summary_has_pregnancy_outcome>true</summary_has_pregnancy_outcome><summary_nr_outcomes>1</summary_nr_outcomes><summary_followup_completed>false</summary_followup_completed><collectedId>cbc1bc19ebd44c3b9a5253f0f7bd18f0</collectedId></pregnancyregistration><pregnancyregistration><code>VIMRN3005002-01</code><motherCode>VIMRN3005002</motherCode><recordedDate>2025-05-13</recordedDate><pregMonths/><eddKnown/><hasPrenatalRecord/><eddDate/><eddType/><lmpKnown/><lmpDate/><expectedDeliveryDate/><status>DELIVERED</status><visitCode>VIMRN3005-002-001</visitCode><summary_antepartum_count>0</summary_antepartum_count><summary_postpartum_count>0</summary_postpartum_count><summary_last_visit_status/><summary_last_visit_type/><summary_last_visit_date/><summary_first_visit_date/><summary_has_pregnancy_outcome>true</summary_has_pregnancy_outcome><summary_nr_outcomes>1</summary_nr_outcomes><summary_followup_completed>false</summary_followup_completed><collectedId>4c41f15a244a4171a40239c8c1ebe511</collectedId></pregnancyregistration></pregnancyregistrations>