<?xml version="1.0" encoding="UTF-8" standalone="no"?><deaths><death><memberCode>BEAPR1032002</memberCode><deathDate>2023-01-08</deathDate><ageAtDeath>63</ageAtDeath><ageDaysAtDeath>7</ageDaysAtDeath><deathCause>MALARIA</deathCause><deathPlace>HOME</deathPlace><visitCode>BEAPR1051-002-001</visitCode><isPregOutcomeDeath>false</isPregOutcomeDeath><collectedId>8d6c483bc8e446b1807f69cc539f037d</collectedId></death><death><memberCode>GOANT1001003</memberCode><deathDate>2023-10-28</deathDate><ageAtDeath>3</ageAtDeath><ageDaysAtDeath>25</ageDaysAtDeath><deathCause>ACCIDENT</deathCause><deathPlace>HOME</deathPlace><visitCode>GOANT1001-002-001</visitCode><isPregOutcomeDeath>false</isPregOutcomeDeath><collectedId>3e26c4efda3a4fa7b70668ea10598190</collectedId></death><death><memberCode>IRONR1002001</memberCode><deathDate>2024-04-01</deathDate><ageAtDeath>23</ageAtDeath><ageDaysAtDeath>21</ageDaysAtDeath><deathCause>OTHER_VB_INFECTION</deathCause><deathPlace>HOSPITAL</deathPlace><visitCode>IRONR1002-002-001</visitCode><isPregOutcomeDeath>false</isPregOutcomeDeath><collectedId>1c36e9b9cf284df1a04688bde09f22b7</collectedId></death><death><memberCode>NTYYV1012002</memberCode><deathDate>2024-03-05</deathDate><ageAtDeath>9</ageAtDeath><ageDaysAtDeath>11</ageDaysAtDeath><deathCause>TB</deathCause><deathPlace>HOSPITAL</deathPlace><visitCode>NTYYV1012-002-001</visitCode><isPregOutcomeDeath>false</isPregOutcomeDeath><collectedId>3d1a7171d72546a6b0f501e4addc650d</collectedId></death><death><memberCode>NTYYV1012001</memberCode><deathDate>2024-04-02</deathDate><ageAtDeath>83</ageAtDeath><ageDaysAtDeath>18</ageDaysAtDeath><deathCause>HIV_AIDS</deathCause><deathPlace>HOSPITAL</deathPlace><visitCode>NTYYV1012-002-001</visitCode><isPregOutcomeDeath>false</isPregOutcomeDeath><collectedId>0978c9da7aaa43d9bc11484916789536</collectedId></death><death><memberCode>TAAHN1001002</memberCode><deathDate>2024-02-08</deathDate><ageAtDeath>25</ageAtDeath><ageDaysAtDeath>12</ageDaysAtDeath><deathCause>OTHER_VB_INFECTION</deathCause><deathPlace>HOSPITAL</deathPlace><visitCode>TAAHN1001-002-001</visitCode><isPregOutcomeDeath>false</isPregOutcomeDeath><collectedId>47a1d0a534184bd39e5f2292e1be455b</collectedId></death><death><memberCode>CUUNR1001002</memberCode><deathDate>2024-04-08</deathDate><ageAtDeath>41</ageAtDeath><ageDaysAtDeath>2</ageDaysAtDeath><deathCause>OTHER_VB_INFECTION</deathCause><deathPlace>HEALTH_CENTER</deathPlace><visitCode>CUUNR1001-002-002</visitCode><isPregOutcomeDeath>false</isPregOutcomeDeath><collectedId>16f96f540c00412e9bbe6914c51f6b68</collectedId></death><death><memberCode>CUUHN1002002</memberCode><deathDate>2024-04-09</deathDate><ageAtDeath>24</ageAtDeath><ageDaysAtDeath>11</ageDaysAtDeath><deathCause>UNKNOWN</deathCause><deathPlace>HEALTH_CENTER</deathPlace><visitCode>CUUHN1002-002-001</visitCode><isPregOutcomeDeath>false</isPregOutcomeDeath><collectedId>cc8c3cdc87144ae9b25a88e34f9d4c34</collectedId></death><death><memberCode>CUUHN1002001</memberCode><deathDate>2024-04-09</deathDate><ageAtDeath>30</ageAtDeath><ageDaysAtDeath>18</ageDaysAtDeath><deathCause>DONT_KNOW</deathCause><deathPlace>HOSPITAL</deathPlace><visitCode>CUUHN1002-002-001</visitCode><isPregOutcomeDeath>false</isPregOutcomeDeath><collectedId>804e44ac11d24255a14033ba62114065</collectedId></death><death><memberCode>ZOBYV1038001</memberCode><deathDate>2024-04-03</deathDate><ageAtDeath>79</ageAtDeath><ageDaysAtDeath>10</ageDaysAtDeath><deathCause>ACCIDENT</deathCause><deathPlace>HOSPITAL</deathPlace><visitCode>ZOBYV1038-002-001</visitCode><isPregOutcomeDeath>false</isPregOutcomeDeath><collectedId>1c7a5a7bb67244d1a43c5ac22864b68b</collectedId></death></deaths>