<?xml version="1.0" encoding="UTF-8" standalone="no"?><deaths><death><memberCode>BEAPR1032002</memberCode><deathDate>2023-01-08</deathDate><ageAtDeath>63</ageAtDeath><ageDaysAtDeath>7</ageDaysAtDeath><deathCause>MALARIA</deathCause><deathPlace>HOME</deathPlace><visitCode>BEAPR1051-002-001</visitCode><isPregOutcomeDeath>false</isPregOutcomeDeath><collectedId>8d6c483bc8e446b1807f69cc539f037d</collectedId></death><death><memberCode>MLLRN3007001</memberCode><deathDate>2025-01-15</deathDate><ageAtDeath>26</ageAtDeath><ageDaysAtDeath>21</ageDaysAtDeath><deathCause>ACCIDENT</deathCause><deathPlace>HOME</deathPlace><visitCode>MLLRN3007-002-001</visitCode><isPregOutcomeDeath>false</isPregOutcomeDeath><collectedId>5fc033e18c0340e0bb4fa6d1ce7eb5be</collectedId></death><death><memberCode>VIYYV1087004</memberCode><deathDate>2025-01-04</deathDate><ageAtDeath>18</ageAtDeath><ageDaysAtDeath>30</ageDaysAtDeath><deathCause>OTHER_VB_INFECTION</deathCause><deathPlace>HOME</deathPlace><visitCode>VIYYV1087-002-001</visitCode><isPregOutcomeDeath>false</isPregOutcomeDeath><collectedId>7201c731c7c84ceaa8742e8fc358bd22</collectedId></death></deaths>