<?xml version="1.0" encoding="UTF-8" standalone="no"?><deaths><death><memberCode>BEAPR1032002</memberCode><deathDate>2023-01-08</deathDate><ageAtDeath>63</ageAtDeath><ageDaysAtDeath>7</ageDaysAtDeath><deathCause>MALARIA</deathCause><deathPlace>HOME</deathPlace><visitCode>BEAPR1051-002-001</visitCode><isPregOutcomeDeath>false</isPregOutcomeDeath><collectedId>8d6c483bc8e446b1807f69cc539f037d</collectedId></death><death><memberCode>GOAVS2002004</memberCode><deathDate>2025-08-10</deathDate><ageAtDeath>11</ageAtDeath><ageDaysAtDeath>7</ageDaysAtDeath><deathCause>HIV_AIDS</deathCause><deathPlace>HOSPITAL</deathPlace><visitCode>GOAVS2002-002-001</visitCode><isPregOutcomeDeath>false</isPregOutcomeDeath><collectedId>0e04b294d7a3468cbf24e8a6f35afc69</collectedId></death><death><memberCode>BAINT1001001</memberCode><deathDate>2025-07-15</deathDate><ageAtDeath>28</ageAtDeath><ageDaysAtDeath>14</ageDaysAtDeath><deathCause>HIV_AIDS</deathCause><deathPlace>HOME</deathPlace><visitCode>BAINT1001-002-001</visitCode><isPregOutcomeDeath>false</isPregOutcomeDeath><collectedId>3551df4cbdc342f1ae6ea76049d50a27</collectedId></death><death><memberCode>INASS3001003</memberCode><deathDate>2025-08-01</deathDate><ageAtDeath>13</ageAtDeath><ageDaysAtDeath>0</ageDaysAtDeath><deathCause>HIV_AIDS</deathCause><deathPlace>HEALTH_CENTER</deathPlace><visitCode>INASS3001-002-001</visitCode><isPregOutcomeDeath>false</isPregOutcomeDeath><collectedId>a0fbc51ea3ac4b5ba12164c382f667ce</collectedId></death><death><memberCode>REURN3008004</memberCode><deathDate>2025-08-27</deathDate><ageAtDeath>9</ageAtDeath><ageDaysAtDeath>14</ageDaysAtDeath><deathCause>OTHER_VB_INFECTION</deathCause><deathPlace>HOSPITAL</deathPlace><visitCode>REURN3008-002-001</visitCode><isPregOutcomeDeath>false</isPregOutcomeDeath><collectedId>13901f1e6f8745d9992d9737f3abaa4d</collectedId></death></deaths>