<?xml version="1.0" encoding="UTF-8" standalone="no"?><deaths><death><memberCode>BEAPR1032002</memberCode><deathDate>2023-01-08</deathDate><ageAtDeath>63</ageAtDeath><ageDaysAtDeath>7</ageDaysAtDeath><deathCause>MALARIA</deathCause><deathPlace>HOME</deathPlace><visitCode>BEAPR1051-002-001</visitCode><isPregOutcomeDeath>false</isPregOutcomeDeath><collectedId>8d6c483bc8e446b1807f69cc539f037d</collectedId></death><death><memberCode>MLLRN3007001</memberCode><deathDate>2025-01-15</deathDate><ageAtDeath>26</ageAtDeath><ageDaysAtDeath>21</ageDaysAtDeath><deathCause>ACCIDENT</deathCause><deathPlace>HOME</deathPlace><visitCode>MLLRN3007-002-001</visitCode><isPregOutcomeDeath>false</isPregOutcomeDeath><collectedId>5fc033e18c0340e0bb4fa6d1ce7eb5be</collectedId></death><death><memberCode>VIYYV1087004</memberCode><deathDate>2025-01-04</deathDate><ageAtDeath>18</ageAtDeath><ageDaysAtDeath>30</ageDaysAtDeath><deathCause>OTHER_VB_INFECTION</deathCause><deathPlace>HOME</deathPlace><visitCode>VIYYV1087-002-001</visitCode><isPregOutcomeDeath>false</isPregOutcomeDeath><collectedId>7201c731c7c84ceaa8742e8fc358bd22</collectedId></death><death><memberCode>7DEEC3015001</memberCode><deathDate>2025-06-28</deathDate><ageAtDeath>28</ageAtDeath><ageDaysAtDeath>22</ageDaysAtDeath><deathCause>MALARIA</deathCause><deathPlace>HOME</deathPlace><visitCode>7DEEC3015-002-001</visitCode><isPregOutcomeDeath>false</isPregOutcomeDeath><collectedId>eaa89426ba784a0a8ded4ebe51806911</collectedId></death><death><memberCode>IRONT1001001</memberCode><deathDate>2025-06-28</deathDate><ageAtDeath>38</ageAtDeath><ageDaysAtDeath>1</ageDaysAtDeath><deathCause>MALARIA</deathCause><deathPlace>HOME</deathPlace><visitCode>IRONT1001-002-001</visitCode><isPregOutcomeDeath>false</isPregOutcomeDeath><collectedId>5188572ea76a4bdc9d9c801b6370e202</collectedId></death><death><memberCode>IRONT1001006</memberCode><deathDate>2025-01-28</deathDate><ageAtDeath>0</ageAtDeath><ageDaysAtDeath>0</ageDaysAtDeath><deathCause>SBR</deathCause><deathPlace>HOSPITAL</deathPlace><visitCode>IRONT1001-002-001</visitCode><isPregOutcomeDeath>true</isPregOutcomeDeath><collectedId>a39802e021dd437e937f467051c09136</collectedId></death></deaths>