<?xml version="1.0" encoding="UTF-8" standalone="no"?><datasets><dataset><datasetId>ff80818180e8db410180e8db8fbf07b0</datasetId><name>MedOpenHDSLocation</name><label>MedOpenHDSLocation</label><keyColumn>Household_ID</keyColumn><tableName>Household</tableName><tableColumn>code</tableColumn><tableColumnLabels/><modules>MX-001</modules><createdBy/><creationDate/><updatedBy/><updatedDate>2022-10-28</updatedDate></dataset><dataset><datasetId>ff80818180e8db410180e8db8fe907b1</datasetId><name>Vaccines</name><label>Vaccines</label><keyColumn>openhds_individualID</keyColumn><tableName>Member</tableName><tableColumn>code</tableColumn><tableColumnLabels/><modules>MX-001</modules><createdBy/><creationDate/><updatedBy/><updatedDate>2022-10-28</updatedDate></dataset><dataset><datasetId>ff80818180e8db410180e8db901307b2</datasetId><name>MedOpenHDS</name><label>MedOpenHDS</label><keyColumn>openhds_individualID</keyColumn><tableName>Member</tableName><tableColumn>code</tableColumn><tableColumnLabels/><modules>MX-001</modules><createdBy/><creationDate/><updatedBy/><updatedDate>2022-10-28</updatedDate></dataset><dataset><datasetId>ff80818180e8db410180e8db903b07b3</datasetId><name>P2VenMedOpenHDS</name><label>P2VenMedOpenHDS</label><keyColumn>Individual_ID</keyColumn><tableName>Member</tableName><tableColumn>code</tableColumn><tableColumnLabels/><modules>MX-001</modules><createdBy/><creationDate/><updatedBy/><updatedDate>2022-10-28</updatedDate></dataset><dataset><datasetId>ff80818180e8db410180e8db906907b4</datasetId><name>InfantMedOpenHDS</name><label>InfantMedOpenHDS</label><keyColumn>child_refine_id</keyColumn><tableName>Member</tableName><tableColumn>code</tableColumn><tableColumnLabels/><modules>MX-001</modules><createdBy/><creationDate/><updatedBy/><updatedDate>2022-10-28</updatedDate></dataset><dataset><datasetId>ff80818180e8db410180e8db909207b5</datasetId><name>MapsMedia</name><label>MapsMedia</label><keyColumn>individualID</keyColumn><tableName>Member</tableName><tableColumn>code</tableColumn><tableColumnLabels/><modules>MX-001</modules><createdBy/><creationDate/><updatedBy/><updatedDate>2022-10-28</updatedDate></dataset><dataset><datasetId>ff80818180e8db410180e8db90ba07b6</datasetId><name>RefineMedia</name><label>RefineMedia</label><keyColumn>openhds_individualID</keyColumn><tableName>Member</tableName><tableColumn>code</tableColumn><tableColumnLabels/><modules>MX-001</modules><createdBy/><creationDate/><updatedBy/><updatedDate>2022-10-28</updatedDate></dataset><dataset><datasetId>ff80818180e8db410180e8db90e507b7</datasetId><name>P3MedOpenHDS</name><label>P3MedOpenHDS</label><keyColumn>openhds_individualID</keyColumn><tableName>Member</tableName><tableColumn>code</tableColumn><tableColumnLabels/><modules>MX-001</modules><createdBy/><creationDate/><updatedBy/><updatedDate>2022-10-28</updatedDate></dataset><dataset><datasetId>ff80818180e922540180ed1989b46796</datasetId><name>RegionExtData</name><label>Region StudySet 1</label><keyColumn>﻿regionId</keyColumn><tableName>Region</tableName><tableColumn>code</tableColumn><tableColumnLabels>Region Identifier,Region Number Located at?,Household Number needs Repaint?,Has Kitchen,Is the Kitchen Inside the House,Which Fuel is Used,The House Has Water Source?,Is Water Source Inside the House,The Has Latrine?,Latrine Type,Head of Household Lives here?</tableColumnLabels><modules>MX-002,MX-003,MX-001</modules><createdBy>System Administrator</createdBy><creationDate>2022-05-22</creationDate><updatedBy/><updatedDate>2022-10-28</updatedDate></dataset><dataset><datasetId>ff80818180e922540180ed1a38c36797</datasetId><name>MemberExtData</name><label>Member StudySet 1</label><keyColumn>individualId</keyColumn><tableName>Member</tableName><tableColumn>code</tableColumn><tableColumnLabels>Individual Identifier,Individual Number Located at?,Household Number needs Repaint?,Has Kitchen,Is the Kitchen Inside the House,Which Fuel is Used,The House Has Water Source?,Is Water Source Inside the House,The Has Latrine?,Latrine Type,Head of Household Lives here?</tableColumnLabels><modules>MX-001</modules><createdBy>System Administrator</createdBy><creationDate>2022-05-22</creationDate><updatedBy/><updatedDate>2022-10-28</updatedDate></dataset><dataset><datasetId>ff80818180f663690180f66e0693004b</datasetId><name>HouseExtData</name><label>Household StudySet2</label><keyColumn>householdId</keyColumn><tableName>Household</tableName><tableColumn>code</tableColumn><tableColumnLabels>Household Identifier,Household Number Located at?,Household Number needs Repaint?,Has Kitchen,Is the Kitchen Inside the House,Which Fuel is Used,The House Has Water Source?,Is Water Source Inside the House,The Has Latrine?,Latrine Type,Head of Household Lives here?</tableColumnLabels><modules>MX-002,MX-003,MX-001</modules><createdBy>System Administrator</createdBy><creationDate>2022-05-24</creationDate><updatedBy/><updatedDate>2022-10-28</updatedDate></dataset></datasets>