<?xml version="1.0" encoding="UTF-8" standalone="no"?><applicationParams><applicationParam><name>hds.explorer.trackinglists.max_data_columns</name><type>INTEGER</type><value>25</value></applicationParam><applicationParam><name>hds.explorer.constraints.mother.age.min</name><type>INTEGER</type><value>12</value></applicationParam><applicationParam><name>hds.explorer.constraints.father.age.min</name><type>INTEGER</type><value>12</value></applicationParam><applicationParam><name>hds.explorer.constraints.head.age.min</name><type>INTEGER</type><value>12</value></applicationParam><applicationParam><name>hds.explorer.constraints.spouse.age.min</name><type>INTEGER</type><value>16</value></applicationParam><applicationParam><name>hds.explorer.constraints.gender.checking</name><type>BOOLEAN</type><value>true</value></applicationParam><applicationParam><name>hierarchy1</name><type>STRING</type><value>Country</value></applicationParam><applicationParam><name>hierarchy2</name><type>STRING</type><value>Province</value></applicationParam><applicationParam><name>hierarchy3</name><type>STRING</type><value>District</value></applicationParam><applicationParam><name>hierarchy4</name><type>STRING</type><value>Locality</value></applicationParam><applicationParam><name>hierarchy5</name><type>STRING</type><value>Village</value></applicationParam><applicationParam><name>hierarchy6</name><type>STRING</type><value/></applicationParam><applicationParam><name>hierarchy7</name><type>STRING</type><value/></applicationParam><applicationParam><name>hierarchy8</name><type>STRING</type><value/></applicationParam><applicationParam><name>hierarchy9</name><type>STRING</type><value/></applicationParam><applicationParam><name>hierarchy10</name><type>STRING</type><value/></applicationParam><applicationParam><name>hds.explorer.system.language</name><type>STRING</type><value>en</value></applicationParam><applicationParam><name>hds.explorer.system.codegenerator</name><type>STRING</type><value>org.philimone.hds.explorer.server.settings.generator.DefaultCodeGenerator</value></applicationParam><applicationParam><name>hds.explorer.system.path</name><type>STRING</type><value>/var/lib/hds-explorer</value></applicationParam><applicationParam><name>hds.explorer.constraints.respondent.age.min</name><type>INTEGER</type><value>12</value></applicationParam><applicationParam><name>hds.explorer.system.codegenerator_rules.incremental</name><type>STRING</type><value>FILL_GAPS</value></applicationParam><applicationParam><name>hierarchy1.head</name><type>STRING</type><value/></applicationParam><applicationParam><name>hierarchy2.head</name><type>STRING</type><value/></applicationParam><applicationParam><name>hierarchy3.head</name><type>STRING</type><value/></applicationParam><applicationParam><name>hierarchy4.head</name><type>STRING</type><value/></applicationParam><applicationParam><name>hierarchy5.head</name><type>STRING</type><value>true</value></applicationParam><applicationParam><name>hierarchy6.head</name><type>STRING</type><value/></applicationParam><applicationParam><name>hierarchy7.head</name><type>STRING</type><value/></applicationParam><applicationParam><name>hierarchy8.head</name><type>STRING</type><value/></applicationParam><applicationParam><name>hierarchy9.head</name><type>STRING</type><value/></applicationParam><applicationParam><name>hierarchy10.head</name><type>STRING</type><value/></applicationParam><applicationParam><name>hds.explorer.system.region.head.support</name><type>BOOLEAN</type><value>true</value></applicationParam></applicationParams>