<?xml version="1.0" encoding="UTF-8" standalone="no"?><coreformexts><coreformext><formName>coreFormExtension.household.label</formName><formId>rawHousehold</formId><extFormId>household_ext</extFormId><required>true</required><enabled>false</enabled><columnsMapping>core_form_id&lt;#&gt;rawHousehold;collected_id&lt;#&gt;#id;household_code&lt;#&gt;#householdCode;household_name&lt;#&gt;#householdName;visit_code&lt;#&gt;#visitCode;head_code&lt;#&gt;#headCode;head_name&lt;#&gt;#headName</columnsMapping></coreformext><coreformext><formName>coreFormExtension.visit.label</formName><formId>rawVisit</formId><extFormId>visit_ext</extFormId><required>true</required><enabled>false</enabled><columnsMapping>core_form_id&lt;#&gt;rawVisit;collected_id&lt;#&gt;#id;household_code&lt;#&gt;#householdCode;household_name&lt;#&gt;Household.name;visit_code&lt;#&gt;#code;round_number&lt;#&gt;#roundNumber</columnsMapping></coreformext><coreformext><formName>coreFormExtension.memberenu.label</formName><formId>rawMemberEnu</formId><extFormId>member_ext</extFormId><required>true</required><enabled>false</enabled><columnsMapping>core_form_id&lt;#&gt;rawMemberEnu;collected_id&lt;#&gt;#id;household_code&lt;#&gt;#householdCode;household_name&lt;#&gt;Household.name;visit_code&lt;#&gt;#visitCode;member_code&lt;#&gt;#code;member_name&lt;#&gt;#name</columnsMapping></coreformext><coreformext><formName>coreFormExtension.maritalreg.label</formName><formId>rawMaritalRelationship</formId><extFormId>marital_relationship_ext</extFormId><required>true</required><enabled>false</enabled><columnsMapping>core_form_id&lt;#&gt;rawMaritalRelationship;collected_id&lt;#&gt;#id;visit_code&lt;#&gt;#visitCode;member_a&lt;#&gt;#memberA;member_b&lt;#&gt;#memberB;member_a_name&lt;#&gt;#memberA_name;member_b_name&lt;#&gt;#memberB_name</columnsMapping></coreformext><coreformext><formName>coreFormExtension.inmigration.label</formName><formId>rawInMigration</formId><extFormId>in_migration_ext</extFormId><required>true</required><enabled>false</enabled><columnsMapping>core_form_id&lt;#&gt;rawInMigration;collected_id&lt;#&gt;#id;visit_code&lt;#&gt;#visitCode;household_code&lt;#&gt;Household.code;household_name&lt;#&gt;Household.name;member_code&lt;#&gt;#memberCode;member_name&lt;#&gt;#memberName;migration_type&lt;#&gt;#migrationType;ext_migration_type&lt;#&gt;#extMigrationType</columnsMapping></coreformext><coreformext><formName>coreFormExtension.outmigration.label</formName><formId>rawOutMigration</formId><extFormId>out_migration_ext</extFormId><required>true</required><enabled>false</enabled><columnsMapping>core_form_id&lt;#&gt;rawOutMigration;collected_id&lt;#&gt;#id;visit_code&lt;#&gt;#visitCode;household_code&lt;#&gt;Household.code;household_name&lt;#&gt;Household.name;member_code&lt;#&gt;#memberCode;member_name&lt;#&gt;#memberName;migration_type&lt;#&gt;#migrationType</columnsMapping></coreformext><coreformext><formName>coreFormExtension.pregnancyreg.label</formName><formId>rawPregnancyRegistration</formId><extFormId>pregnancy_registration_ext</extFormId><required>true</required><enabled>false</enabled><columnsMapping>core_form_id&lt;#&gt;rawPregnancyRegistration;collected_id&lt;#&gt;#id;visit_code&lt;#&gt;#visitCode;household_code&lt;#&gt;Household.code;household_name&lt;#&gt;Household.name;mother_code&lt;#&gt;#motherCode;mother_name&lt;#&gt;#motherName;pregnancy_code&lt;#&gt;#code;pregnancy_status&lt;#&gt;#status</columnsMapping></coreformext><coreformext><formName>coreFormExtension.pregnancyoutcome.label</formName><formId>rawPregnancyOutcome</formId><extFormId>pregnancy_outcome_ext</extFormId><required>true</required><enabled>false</enabled><columnsMapping>core_form_id&lt;#&gt;rawPregnancyOutcome;collected_id&lt;#&gt;#id;visit_code&lt;#&gt;#visitCode;household_code&lt;#&gt;Household.code;household_name&lt;#&gt;Household.name;mother_code&lt;#&gt;#motherCode;mother_name&lt;#&gt;#motherName;father_code&lt;#&gt;#fatherCode;father_name&lt;#&gt;#fatherName;pregnancy_code&lt;#&gt;#code;number_of_outcomes&lt;#&gt;#numberOfOutcomes;childs.child_outcome_type&lt;#&gt;$childs.outcomeType;childs.child_code&lt;#&gt;$childs.childCode;childs.child_name&lt;#&gt;$childs.childName;childs.child_gender&lt;#&gt;$childs.childGender</columnsMapping></coreformext><coreformext><formName>coreFormExtension.death.label</formName><formId>rawDeath</formId><extFormId>death_ext</extFormId><required>true</required><enabled>false</enabled><columnsMapping>core_form_id&lt;#&gt;rawDeath;collected_id&lt;#&gt;#id;visit_code&lt;#&gt;#visitCode;household_code&lt;#&gt;Household.code;household_name&lt;#&gt;Household.name;member_code&lt;#&gt;#memberCode;member_name&lt;#&gt;#memberName</columnsMapping></coreformext><coreformext><formName>coreFormExtension.changehead.label</formName><formId>rawChangeHead</formId><extFormId>change_head_ext</extFormId><required>true</required><enabled>false</enabled><columnsMapping>core_form_id&lt;#&gt;rawChangeHead;collected_id&lt;#&gt;#id;household_code&lt;#&gt;#householdCode;household_name&lt;#&gt;Household.name;visit_code&lt;#&gt;#visitCode;old_head_code&lt;#&gt;#oldHeadCode;old_head_name&lt;#&gt;#oldHeadName;new_head_code&lt;#&gt;#newHeadCode;new_head_name&lt;#&gt;#newHeadName</columnsMapping></coreformext><coreformext><formName>coreFormExtension.incompletevisit.label</formName><formId>rawIncompleteVisit</formId><extFormId>incomplete_visit_ext</extFormId><required>true</required><enabled>false</enabled><columnsMapping>core_form_id&lt;#&gt;rawIncompleteVisit;collected_id&lt;#&gt;#id;household_code&lt;#&gt;#householdCode;household_name&lt;#&gt;Household.name;visit_code&lt;#&gt;#visitCode;member_code&lt;#&gt;#memberCode;member_name&lt;#&gt;#memberName</columnsMapping></coreformext><coreformext><formName>coreFormExtension.region.label</formName><formId>rawRegion</formId><extFormId>region_ext</extFormId><required>true</required><enabled>false</enabled><columnsMapping>core_form_id&lt;#&gt;rawRegion;collected_id&lt;#&gt;#id;parent_code&lt;#&gt;#parentCode;parent_name&lt;#&gt;#parentName;region_code&lt;#&gt;#regionCode;region_name&lt;#&gt;#regionName</columnsMapping></coreformext><coreformext><formName>coreFormExtension.changeregionhead.label</formName><formId>rawChangeRegionHead</formId><extFormId>change_region_head_ext</extFormId><required>true</required><enabled>false</enabled><columnsMapping>core_form_id&lt;#&gt;rawChangeRegionHead;collected_id&lt;#&gt;#id;region_code&lt;#&gt;#regionCode;region_name&lt;#&gt;#regionName;visit_code&lt;#&gt;#visitCode;old_head_code&lt;#&gt;#oldHeadCode;old_head_name&lt;#&gt;#oldHeadName;new_head_code&lt;#&gt;#newHeadCode;new_head_name&lt;#&gt;#newHeadName</columnsMapping></coreformext><coreformext><formName>coreFormExtension.householdrelocation.label</formName><formId>rawHouseholdRelocation</formId><extFormId>household_relocation_ext</extFormId><required>true</required><enabled>false</enabled><columnsMapping>core_form_id&lt;#&gt;rawHouseholdRelocation;collected_id&lt;#&gt;#id;visit_code&lt;#&gt;#visitCode;origin_code&lt;#&gt;#originCode;destination_code&lt;#&gt;#destinationCode;head_code&lt;#&gt;#headCode;head_name&lt;#&gt;#headName</columnsMapping></coreformext><coreformext><formName>coreFormExtension.pregnancyvisit.label</formName><formId>rawPregnancyVisit</formId><extFormId>pregnancy_visit_ext</extFormId><required>true</required><enabled>false</enabled><columnsMapping>core_form_id&lt;#&gt;rawPregnancyVisit;collected_id&lt;#&gt;#id;visit_code&lt;#&gt;#visitCode;household_code&lt;#&gt;Household.code;household_name&lt;#&gt;Household.name;mother_code&lt;#&gt;#motherCode;mother_name&lt;#&gt;#motherName;pregnancy_code&lt;#&gt;#code;visit_type&lt;#&gt;#visitType;visit_number&lt;#&gt;#visitNumber;status&lt;#&gt;#status;number_of_childs&lt;#&gt;#numberOfChilds;childs.child_outcome_type&lt;#&gt;$childs.outcomeType;childs.child_code&lt;#&gt;$childs.childCode;childs.child_name&lt;#&gt;$childs.childName;childs.child_gender&lt;#&gt;$childs.childGender;childs.child_status&lt;#&gt;$childs.childStatus</columnsMapping></coreformext></coreformexts>