<?xml version="1.0" encoding="UTF-8" standalone="no"?><regions><region><code>INC</code><name>Inchope</name><hierarchyLevel>hierarchy4</hierarchyLevel><parent>MCO</parent><modules>MX-004,MX-001</modules></region><region><code>CIT</code><name>Chiungo</name><hierarchyLevel>hierarchy5</hierarchyLevel><parent>INC</parent><modules>MX-004,MX-001</modules></region><region><code>MTN</code><name>Matsinho sede</name><hierarchyLevel>hierarchy5</hierarchyLevel><parent>INC</parent><modules>MX-004,MX-001</modules></region><region><code>MCT</code><name>Macate</name><hierarchyLevel>hierarchy4</hierarchyLevel><parent>MCO</parent><modules>MX-004,MX-001</modules></region><region><code>MU3</code><name>Muzongo</name><hierarchyLevel>hierarchy5</hierarchyLevel><parent>MCT</parent><modules>MX-004,MX-001</modules></region><region><code>VIE</code><name>Vila de Machipanda</name><hierarchyLevel>hierarchy5</hierarchyLevel><parent>MCT</parent><modules>MX-004,MX-001</modules></region><region><code>CNI</code><name>Chinhambuzi</name><hierarchyLevel>hierarchy5</hierarchyLevel><parent>MCT</parent><modules>MX-004,MX-001</modules></region><region><code>NHC</code><name>Nhaucaca</name><hierarchyLevel>hierarchy5</hierarchyLevel><parent>MCT</parent><modules>MX-004,MX-001</modules></region><region><code>BAD</code><name>Bandula</name><hierarchyLevel>hierarchy5</hierarchyLevel><parent>MCT</parent><modules>MX-004,MX-001</modules></region><region><code>VID</code><name>Vila de Messica</name><hierarchyLevel>hierarchy5</hierarchyLevel><parent>MCT</parent><modules>MX-004,MX-001</modules></region><region><code>PUN</code><name>Pungue Sul</name><hierarchyLevel>hierarchy5</hierarchyLevel><parent>MCT</parent><modules>MX-004,MX-001</modules></region><region><code>CGI</code><name>Chigodore</name><hierarchyLevel>hierarchy5</hierarchyLevel><parent>MCT</parent><modules>MX-004,MX-001</modules></region><region><code>VAD</code><name>Vanduzi sede</name><hierarchyLevel>hierarchy5</hierarchyLevel><parent>MCT</parent><modules>MX-004,MX-001</modules></region><region><code>CTI</code><name>Chitunga</name><hierarchyLevel>hierarchy5</hierarchyLevel><parent>MCT</parent><modules>MX-004,MX-001</modules></region><region><code>MVO</code><name>Mavonde sede</name><hierarchyLevel>hierarchy5</hierarchyLevel><parent>MCT</parent><modules>MX-004,MX-001</modules></region><region><code>MNC</code><name>Manica sede</name><hierarchyLevel>hierarchy5</hierarchyLevel><parent>MCT</parent><modules>MX-004,MX-001</modules></region><region><code>BUJ</code><name>Bunje</name><hierarchyLevel>hierarchy5</hierarchyLevel><parent>MCT</parent><modules>MX-004,MX-001</modules></region><region><code>NHS</code><name>Nhamassonge sede</name><hierarchyLevel>hierarchy5</hierarchyLevel><parent>MCT</parent><modules>MX-004,MX-001</modules></region><region><code>DEM</code><name>Demaufe sede</name><hierarchyLevel>hierarchy5</hierarchyLevel><parent>MCT</parent><modules>MX-004,MX-001</modules></region><region><code>MSN</code><name>Massangano</name><hierarchyLevel>hierarchy5</hierarchyLevel><parent>MCT</parent><modules>MX-004,MX-001</modules></region><region><code>BAM</code><name>Bamba - Chitondo</name><hierarchyLevel>hierarchy5</hierarchyLevel><parent>MCT</parent><modules>MX-004,MX-001</modules></region><region><code>MU2</code><name>Mungari sede</name><hierarchyLevel>hierarchy5</hierarchyLevel><parent>MCT</parent><modules>MX-004,MX-001</modules></region><region><code>CIY</code><name>Chivuli</name><hierarchyLevel>hierarchy5</hierarchyLevel><parent>MCT</parent><modules>MX-004,MX-001</modules></region><region><code>BUN</code><name>Bunga</name><hierarchyLevel>hierarchy5</hierarchyLevel><parent>MCT</parent><modules>MX-004,MX-001</modules></region><region><code>SAG</code><name>Sanga sede</name><hierarchyLevel>hierarchy5</hierarchyLevel><parent>MCT</parent><modules>MX-004,MX-001</modules></region><region><code>MRI</code><name>Maridza</name><hierarchyLevel>hierarchy5</hierarchyLevel><parent>MCT</parent><modules>MX-004,MX-001</modules></region><region><code>MU6</code><name>Mupandea</name><hierarchyLevel>hierarchy5</hierarchyLevel><parent>MCT</parent><modules>MX-004,MX-001</modules></region><region><code>MUC</code><name>Muoco</name><hierarchyLevel>hierarchy5</hierarchyLevel><parent>MCT</parent><modules>MX-004,MX-001</modules></region><region><code>MBI</code><name>Mabaia</name><hierarchyLevel>hierarchy5</hierarchyLevel><parent>MCT</parent><modules>MX-004,MX-001</modules></region><region><code>JAV</code><name>Javera</name><hierarchyLevel>hierarchy5</hierarchyLevel><parent>MCT</parent><modules>MX-004,MX-001</modules></region><region><code>MTK</code><name>Matakara</name><hierarchyLevel>hierarchy5</hierarchyLevel><parent>MCT</parent><modules>MX-004,MX-001</modules></region><region><code>DAR</code><name>Darue sede</name><hierarchyLevel>hierarchy5</hierarchyLevel><parent>MCT</parent><modules>MX-004,MX-001</modules></region><region><code>SAE</code><name>Sabeta (Régulo Tsangazasue)</name><hierarchyLevel>hierarchy5</hierarchyLevel><parent>MCT</parent><modules>MX-004,MX-001</modules></region><region><code>MU5</code><name>Muhoa sede</name><hierarchyLevel>hierarchy5</hierarchyLevel><parent>MCT</parent><modules>MX-004,MX-001</modules></region><region><code>SAR</code><name>Sabata (Régulo Sabata)</name><hierarchyLevel>hierarchy5</hierarchyLevel><parent>MCT</parent><modules>MX-004,MX-001</modules></region><region><code>MU4</code><name>Munhinga</name><hierarchyLevel>hierarchy5</hierarchyLevel><parent>MCT</parent><modules>MX-004,MX-001</modules></region><region><code>MUP</code><name>Mussapa</name><hierarchyLevel>hierarchy5</hierarchyLevel><parent>MCT</parent><modules>MX-004,MX-001</modules></region><region><code>ROT</code><name>Rotanda sede</name><hierarchyLevel>hierarchy5</hierarchyLevel><parent>MCT</parent><modules>MX-004,MX-001</modules></region><region><code>SUU</code><name>Sussundenga sede</name><hierarchyLevel>hierarchy5</hierarchyLevel><parent>MCT</parent><modules>MX-004,MX-001</modules></region><region><code>MUH</code><name>Munhinga</name><hierarchyLevel>hierarchy5</hierarchyLevel><parent>MCT</parent><modules>MX-004,MX-001</modules></region><region><code>MT1</code><name>Matica</name><hierarchyLevel>hierarchy5</hierarchyLevel><parent>MCT</parent><modules>MX-004,MX-001</modules></region><region><code>NHR</code><name>Nhaurombe</name><hierarchyLevel>hierarchy5</hierarchyLevel><parent>MCT</parent><modules>MX-004,MX-001</modules></region><region><code>CCI</code><name>Chicaluete</name><hierarchyLevel>hierarchy5</hierarchyLevel><parent>MCT</parent><modules>MX-004,MX-001</modules></region><region><code>CRI</code><name>Chirera</name><hierarchyLevel>hierarchy5</hierarchyLevel><parent>MCT</parent><modules>MX-004,MX-001</modules></region><region><code>CUI</code><name>Chiurairue sede</name><hierarchyLevel>hierarchy5</hierarchyLevel><parent>MCT</parent><modules>MX-004,MX-001</modules></region><region><code>MOW</code><name>Mowe</name><hierarchyLevel>hierarchy5</hierarchyLevel><parent>MCT</parent><modules>MX-004,MX-001</modules></region><region><code>MCU</code><name>Macuvo</name><hierarchyLevel>hierarchy5</hierarchyLevel><parent>MCT</parent><modules>MX-004,MX-001</modules></region><region><code>ESP</code><name>Espungabera sede</name><hierarchyLevel>hierarchy5</hierarchyLevel><parent>MCT</parent><modules>MX-004,MX-001</modules></region><region><code>URB</code><name>Urbana 1 (sede)</name><hierarchyLevel>hierarchy5</hierarchyLevel><parent>INC</parent><modules>MX-004,MX-001</modules></region><region><code>CIX</code><name>Chimera</name><hierarchyLevel>hierarchy5</hierarchyLevel><parent>INC</parent><modules>MX-004,MX-001</modules></region><region><code>BEG</code><name>Benga</name><hierarchyLevel>hierarchy5</hierarchyLevel><parent>INC</parent><modules>MX-004,MX-001</modules></region><region><code>CUZ</code><name>Cuzuana sede</name><hierarchyLevel>hierarchy5</hierarchyLevel><parent>INC</parent><modules>MX-004,MX-001</modules></region><region><code>NHB</code><name>Nhambonda</name><hierarchyLevel>hierarchy5</hierarchyLevel><parent>INC</parent><modules>MX-004,MX-001</modules></region><region><code>AMT</code><name>Amatongas sede</name><hierarchyLevel>hierarchy5</hierarchyLevel><parent>INC</parent><modules>MX-004,MX-001</modules></region><region><code>VIA</code><name>Vila de Gondola</name><hierarchyLevel>hierarchy5</hierarchyLevel><parent>INC</parent><modules>MX-004,MX-001</modules></region><region><code>NHU</code><name>Nhauroa</name><hierarchyLevel>hierarchy5</hierarchyLevel><parent>INC</parent><modules>MX-004,MX-001</modules></region><region><code>COA</code><name>Choa sede</name><hierarchyLevel>hierarchy5</hierarchyLevel><parent>INC</parent><modules>MX-004,MX-001</modules></region><region><code>NHN</code><name>Nhanssacara</name><hierarchyLevel>hierarchy5</hierarchyLevel><parent>INC</parent><modules>MX-004,MX-001</modules></region><region><code>NFU</code><name>N'Fudzi</name><hierarchyLevel>hierarchy5</hierarchyLevel><parent>INC</parent><modules>MX-004,MX-001</modules></region><region><code>CI9</code><name>Chivalo</name><hierarchyLevel>hierarchy5</hierarchyLevel><parent>INC</parent><modules>MX-004,MX-001</modules></region><region><code>INH</code><name>Inhazónia</name><hierarchyLevel>hierarchy5</hierarchyLevel><parent>INC</parent><modules>MX-004,MX-001</modules></region><region><code>VIL</code><name>Vila de Cantadica</name><hierarchyLevel>hierarchy5</hierarchyLevel><parent>INC</parent><modules>MX-004,MX-001</modules></region><region><code>PIN</code><name>Pindanganga</name><hierarchyLevel>hierarchy5</hierarchyLevel><parent>INC</parent><modules>MX-004,MX-001</modules></region><region><code>INO</code><name>Inchope sede</name><hierarchyLevel>hierarchy5</hierarchyLevel><parent>INC</parent><modules>MX-004,MX-001</modules></region><region><code>DOE</code><name>Doeroi</name><hierarchyLevel>hierarchy5</hierarchyLevel><parent>INC</parent><modules>MX-004,MX-001</modules></region><region><code>MUE</code><name>Muda Serração</name><hierarchyLevel>hierarchy5</hierarchyLevel><parent>INC</parent><modules>MX-004,MX-001</modules></region><region><code>MRR</code><name>Marera</name><hierarchyLevel>hierarchy5</hierarchyLevel><parent>INC</parent><modules>MX-004,MX-001</modules></region><region><code>MCE</code><name>Macate sede</name><hierarchyLevel>hierarchy5</hierarchyLevel><parent>INC</parent><modules>MX-004,MX-001</modules></region><region><code>CIQ</code><name>Chissassa</name><hierarchyLevel>hierarchy5</hierarchyLevel><parent>INC</parent><modules>MX-004,MX-001</modules></region><region><code>MCN</code><name>Maconha</name><hierarchyLevel>hierarchy5</hierarchyLevel><parent>INC</parent><modules>MX-004,MX-001</modules></region><region><code>CAA</code><name>Charonga sede</name><hierarchyLevel>hierarchy5</hierarchyLevel><parent>INC</parent><modules>MX-004,MX-001</modules></region><region><code>BOA</code><name>Boavista</name><hierarchyLevel>hierarchy5</hierarchyLevel><parent>INC</parent><modules>MX-004,MX-001</modules></region><region><code>GOD</code><name>Gondola</name><hierarchyLevel>hierarchy4</hierarchyLevel><parent>MCO</parent><modules>MX-004,MX-001</modules></region><region><code>MU7</code><name>Murraça sede</name><hierarchyLevel>hierarchy5</hierarchyLevel><parent>GOD</parent><modules>MX-004,MX-001</modules></region><region><code>AMP</code><name>Ampara</name><hierarchyLevel>hierarchy5</hierarchyLevel><parent>GOD</parent><modules>MX-004,MX-001</modules></region><region><code>CSI</code><name>Chissinguana</name><hierarchyLevel>hierarchy5</hierarchyLevel><parent>GOD</parent><modules>MX-004,MX-001</modules></region><region><code>EST</code><name>Estaquinha sede</name><hierarchyLevel>hierarchy5</hierarchyLevel><parent>GOD</parent><modules>MX-004,MX-001</modules></region><region><code>VIC</code><name>Vila de Caia</name><hierarchyLevel>hierarchy5</hierarchyLevel><parent>GOD</parent><modules>MX-004,MX-001</modules></region><region><code>CAI</code><name>Caia sede</name><hierarchyLevel>hierarchy5</hierarchyLevel><parent>GOD</parent><modules>MX-004,MX-001</modules></region><region><code>SOF</code><name>Sofala sede</name><hierarchyLevel>hierarchy5</hierarchyLevel><parent>GOD</parent><modules>MX-004,MX-001</modules></region><region><code>SEN</code><name>Sena</name><hierarchyLevel>hierarchy5</hierarchyLevel><parent>GOD</parent><modules>MX-004,MX-001</modules></region><region><code>MUT</code><name>Mutanda</name><hierarchyLevel>hierarchy5</hierarchyLevel><parent>GOD</parent><modules>MX-004,MX-001</modules></region><region><code>MCD</code><name>Macossa sede</name><hierarchyLevel>hierarchy5</hierarchyLevel><parent>GOD</parent><modules>MX-004,MX-001</modules></region><region><code>UR5</code><name>Urbano 5 - Posto Central</name><hierarchyLevel>hierarchy5</hierarchyLevel><parent>GOD</parent><modules>MX-004,MX-001</modules></region><region><code>GRU</code><name>Grudja</name><hierarchyLevel>hierarchy5</hierarchyLevel><parent>GOD</parent><modules>MX-004,MX-001</modules></region><region><code>BAU</code><name>Bandua</name><hierarchyLevel>hierarchy5</hierarchyLevel><parent>GOD</parent><modules>MX-004,MX-001</modules></region><region><code>BUZ</code><name>Búzi sede</name><hierarchyLevel>hierarchy5</hierarchyLevel><parent>GOD</parent><modules>MX-004,MX-001</modules></region><region><code>VIO</code><name>Vila do Búzi</name><hierarchyLevel>hierarchy5</hierarchyLevel><parent>GOD</parent><modules>MX-004,MX-001</modules></region><region><code>UR6</code><name>Urbano 6</name><hierarchyLevel>hierarchy5</hierarchyLevel><parent>GOD</parent><modules>MX-004,MX-001</modules></region><region><code>UR4</code><name>Urbano 4</name><hierarchyLevel>hierarchy5</hierarchyLevel><parent>GOD</parent><modules>MX-004,MX-001</modules></region><region><code>UR3</code><name>Urbano 3</name><hierarchyLevel>hierarchy5</hierarchyLevel><parent>GOD</parent><modules>MX-004,MX-001</modules></region><region><code>UR2</code><name>Urbano 2</name><hierarchyLevel>hierarchy5</hierarchyLevel><parent>GOD</parent><modules>MX-004,MX-001</modules></region><region><code>URO</code><name>Urbano 1</name><hierarchyLevel>hierarchy5</hierarchyLevel><parent>GOD</parent><modules>MX-004,MX-001</modules></region><region><code>MCS</code><name>Machaze sede</name><hierarchyLevel>hierarchy5</hierarchyLevel><parent>GOD</parent><modules>MX-004,MX-001</modules></region><region><code>DUN</code><name>Dunda</name><hierarchyLevel>hierarchy5</hierarchyLevel><parent>GOD</parent><modules>MX-004,MX-001</modules></region><region><code>NHG</code><name>Nhamangua sede</name><hierarchyLevel>hierarchy5</hierarchyLevel><parent>GOD</parent><modules>MX-004,MX-001</modules></region><region><code>MVI</code><name>Mavissanga</name><hierarchyLevel>hierarchy5</hierarchyLevel><parent>GOD</parent><modules>MX-004,MX-001</modules></region><region><code>MVE</code><name>Mavende</name><hierarchyLevel>hierarchy5</hierarchyLevel><parent>GOD</parent><modules>MX-004,MX-001</modules></region><region><code>SA1</code><name>Sambassoca</name><hierarchyLevel>hierarchy5</hierarchyLevel><parent>GOD</parent><modules>MX-004,MX-001</modules></region><region><code>SAS</code><name>Save sede</name><hierarchyLevel>hierarchy5</hierarchyLevel><parent>GOD</parent><modules>MX-004,MX-001</modules></region><region><code>CPI</code><name>Chipudje</name><hierarchyLevel>hierarchy5</hierarchyLevel><parent>GOD</parent><modules>MX-004,MX-001</modules></region><region><code>NGW</code><name>Nguawala sede</name><hierarchyLevel>hierarchy5</hierarchyLevel><parent>GOD</parent><modules>MX-004,MX-001</modules></region><region><code>MIU</code><name>Miranau (Régulo Bonga)</name><hierarchyLevel>hierarchy5</hierarchyLevel><parent>GOD</parent><modules>MX-004,MX-001</modules></region><region><code>CMI</code><name>Chimbia</name><hierarchyLevel>hierarchy5</hierarchyLevel><parent>GOD</parent><modules>MX-004,MX-001</modules></region><region><code>BAS</code><name>Bassane</name><hierarchyLevel>hierarchy5</hierarchyLevel><parent>GOD</parent><modules>MX-004,MX-001</modules></region><region><code>ZEM</code><name>Zembe</name><hierarchyLevel>hierarchy4</hierarchyLevel><parent>MCO</parent><modules>MX-004,MX-001</modules></region><region><code>MNA</code><name>Mangane</name><hierarchyLevel>hierarchy5</hierarchyLevel><parent>ZEM</parent><modules>MX-004,MX-001</modules></region><region><code>DZU</code><name>Dzunga</name><hierarchyLevel>hierarchy5</hierarchyLevel><parent>ZEM</parent><modules>MX-004,MX-001</modules></region><region><code>NDU</code><name>Ndaula</name><hierarchyLevel>hierarchy5</hierarchyLevel><parent>ZEM</parent><modules>MX-004,MX-001</modules></region><region><code>CAM</code><name>Camphessa</name><hierarchyLevel>hierarchy5</hierarchyLevel><parent>ZEM</parent><modules>MX-004,MX-001</modules></region><region><code>DOM</code><name>Dómué sede</name><hierarchyLevel>hierarchy5</hierarchyLevel><parent>ZEM</parent><modules>MX-004,MX-001</modules></region><region><code>CAO</code><name>Catondo</name><hierarchyLevel>hierarchy5</hierarchyLevel><parent>ZEM</parent><modules>MX-004,MX-001</modules></region><region><code>CFI</code><name>Chifumbe</name><hierarchyLevel>hierarchy5</hierarchyLevel><parent>ZEM</parent><modules>MX-004,MX-001</modules></region><region><code>KHO</code><name>Khombe</name><hierarchyLevel>hierarchy5</hierarchyLevel><parent>ZEM</parent><modules>MX-004,MX-001</modules></region><region><code>MUJ</code><name>Mulinje</name><hierarchyLevel>hierarchy5</hierarchyLevel><parent>ZEM</parent><modules>MX-004,MX-001</modules></region><region><code>DZN</code><name>Dzunsa</name><hierarchyLevel>hierarchy5</hierarchyLevel><parent>ZEM</parent><modules>MX-004,MX-001</modules></region><region><code>MTJ</code><name>Matenje</name><hierarchyLevel>hierarchy5</hierarchyLevel><parent>ZEM</parent><modules>MX-004,MX-001</modules></region><region><code>CAU</code><name>Caunda</name><hierarchyLevel>hierarchy5</hierarchyLevel><parent>ZEM</parent><modules>MX-004,MX-001</modules></region><region><code>LUM</code><name>Lumadzi</name><hierarchyLevel>hierarchy5</hierarchyLevel><parent>ZEM</parent><modules>MX-004,MX-001</modules></region><region><code>MNJ</code><name>Manje sede</name><hierarchyLevel>hierarchy5</hierarchyLevel><parent>ZEM</parent><modules>MX-004,MX-001</modules></region><region><code>NFI</code><name>N'Figo</name><hierarchyLevel>hierarchy5</hierarchyLevel><parent>ZEM</parent><modules>MX-004,MX-001</modules></region><region><code>CTH</code><name>Chitholo sede</name><hierarchyLevel>hierarchy5</hierarchyLevel><parent>ZEM</parent><modules>MX-004,MX-001</modules></region><region><code>CTT</code><name>Chitima sede</name><hierarchyLevel>hierarchy5</hierarchyLevel><parent>ZEM</parent><modules>MX-004,MX-001</modules></region><region><code>NHE</code><name>Nhacapirere</name><hierarchyLevel>hierarchy5</hierarchyLevel><parent>ZEM</parent><modules>MX-004,MX-001</modules></region><region><code>NHD</code><name>Nhabando</name><hierarchyLevel>hierarchy5</hierarchyLevel><parent>ZEM</parent><modules>MX-004,MX-001</modules></region><region><code>CCC</code><name>Chicoa Nova</name><hierarchyLevel>hierarchy5</hierarchyLevel><parent>ZEM</parent><modules>MX-004,MX-001</modules></region><region><code>CBA</code><name>Chibagadigo</name><hierarchyLevel>hierarchy5</hierarchyLevel><parent>ZEM</parent><modules>MX-004,MX-001</modules></region><region><code>SOG</code><name>Songo sede</name><hierarchyLevel>hierarchy5</hierarchyLevel><parent>ZEM</parent><modules>MX-004,MX-001</modules></region><region><code>VIU</code><name>Vila de Ulongoe</name><hierarchyLevel>hierarchy5</hierarchyLevel><parent>ZEM</parent><modules>MX-004,MX-001</modules></region><region><code>VIS</code><name>Vila do Songo</name><hierarchyLevel>hierarchy5</hierarchyLevel><parent>ZEM</parent><modules>MX-004,MX-001</modules></region><region><code>LIR</code><name>Liranga</name><hierarchyLevel>hierarchy5</hierarchyLevel><parent>ZEM</parent><modules>MX-004,MX-001</modules></region><region><code>BOG</code><name>Bonga</name><hierarchyLevel>hierarchy5</hierarchyLevel><parent>ZEM</parent><modules>MX-004,MX-001</modules></region><region><code>SEZ</code><name>Seze</name><hierarchyLevel>hierarchy5</hierarchyLevel><parent>ZEM</parent><modules>MX-004,MX-001</modules></region><region><code>NKM</code><name>N'Khame</name><hierarchyLevel>hierarchy5</hierarchyLevel><parent>ZEM</parent><modules>MX-004,MX-001</modules></region><region><code>MPN</code><name>Mpandula</name><hierarchyLevel>hierarchy5</hierarchyLevel><parent>ZEM</parent><modules>MX-004,MX-001</modules></region><region><code>MOZ</code><name>Mozambique</name><hierarchyLevel>hierarchy1</hierarchyLevel><parent/><modules>MX-001</modules></region><region><code>MNI</code><name>Manica</name><hierarchyLevel>hierarchy2</hierarchyLevel><parent>MOZ</parent><modules>MX-001</modules></region><region><code>CI6</code><name>Cidade de Chimoio</name><hierarchyLevel>hierarchy3</hierarchyLevel><parent>MNI</parent><modules>MX-001</modules></region><region><code>NHM</code><name>Nhamassonge</name><hierarchyLevel>hierarchy4</hierarchyLevel><parent>CI6</parent><modules>MX-001</modules></region><region><code>VIQ</code><name>Vila Insaca sede</name><hierarchyLevel>hierarchy5</hierarchyLevel><parent>NHM</parent><modules>MX-001</modules></region><region><code>MOS</code><name>Mossurize</name><hierarchyLevel>hierarchy3</hierarchyLevel><parent>MNI</parent><modules>MX-001</modules></region><region><code>CAF</code><name>Cafumpe</name><hierarchyLevel>hierarchy4</hierarchyLevel><parent>MOS</parent><modules>MX-001</modules></region><region><code>SAO</code><name>Sabata (Régulo Ngondonga)</name><hierarchyLevel>hierarchy5</hierarchyLevel><parent>CAF</parent><modules>MX-001</modules></region><region><code>SUS</code><name>Sussundenga</name><hierarchyLevel>hierarchy3</hierarchyLevel><parent>MNI</parent><modules>MX-001</modules></region><region><code>NHA</code><name>Nhampassa</name><hierarchyLevel>hierarchy4</hierarchyLevel><parent>SUS</parent><modules>MX-001</modules></region><region><code>CRR</code><name>Chiringa</name><hierarchyLevel>hierarchy5</hierarchyLevel><parent>NHA</parent><modules>MX-001</modules></region><region><code>TAB</code><name>Tambara</name><hierarchyLevel>hierarchy3</hierarchyLevel><parent>MNI</parent><modules>MX-001</modules></region><region><code>MVV</code><name>Mavonde</name><hierarchyLevel>hierarchy4</hierarchyLevel><parent>TAB</parent><modules>MX-001</modules></region><region><code>MCO</code><name>Macossa</name><hierarchyLevel>hierarchy3</hierarchyLevel><parent>MNI</parent><modules>MX-001</modules></region><region><code>MCZ</code><name>Machaze</name><hierarchyLevel>hierarchy3</hierarchyLevel><parent>MNI</parent><modules>MX-001</modules></region><region><code>CI7</code><name>Cidade de Chimoio</name><hierarchyLevel>hierarchy4</hierarchyLevel><parent>MCZ</parent><modules>MX-001</modules></region><region><code>NTN</code><name>Ntengo-Wambalane sede</name><hierarchyLevel>hierarchy5</hierarchyLevel><parent>CI7</parent><modules>MX-001</modules></region><region><code>CAL</code><name>Chaualo</name><hierarchyLevel>hierarchy5</hierarchyLevel><parent>CI7</parent><modules>MX-001</modules></region><region><code>CAT</code><name>Catandica</name><hierarchyLevel>hierarchy4</hierarchyLevel><parent>SUS</parent><modules>MX-001</modules></region><region><code>CMM</code><name>Chimwala</name><hierarchyLevel>hierarchy5</hierarchyLevel><parent>CAT</parent><modules>MX-001</modules></region><region><code>CI8</code><name>Cidade de Manica</name><hierarchyLevel>hierarchy4</hierarchyLevel><parent>TAB</parent><modules>MX-001</modules></region><region><code>LUS</code><name>Lumgo sede</name><hierarchyLevel>hierarchy5</hierarchyLevel><parent>CI8</parent><modules>MX-001</modules></region><region><code>CPT</code><name>Chiputo sede</name><hierarchyLevel>hierarchy5</hierarchyLevel><parent>NHA</parent><modules>MX-001</modules></region><region><code>NPA</code><name>N'Panzu</name><hierarchyLevel>hierarchy5</hierarchyLevel><parent>NHA</parent><modules>MX-001</modules></region><region><code>VIT</code><name>Vila de Moatize</name><hierarchyLevel>hierarchy5</hierarchyLevel><parent>NHA</parent><modules>MX-001</modules></region><region><code>MOI</code><name>Moatize sede</name><hierarchyLevel>hierarchy5</hierarchyLevel><parent>NHA</parent><modules>MX-001</modules></region><region><code>URA</code><name>Urbana 3</name><hierarchyLevel>hierarchy5</hierarchyLevel><parent>MVV</parent><modules>MX-001</modules></region><region><code>DAC</code><name>Dacata</name><hierarchyLevel>hierarchy4</hierarchyLevel><parent>MCZ</parent><modules>MX-001</modules></region><region><code>VI9</code><name>Vila de Iapala</name><hierarchyLevel>hierarchy5</hierarchyLevel><parent>DAC</parent><modules>MX-001</modules></region><region><code>CPM</code><name>Chipembere</name><hierarchyLevel>hierarchy5</hierarchyLevel><parent>CI7</parent><modules>MX-001</modules></region><region><code>GUR</code><name>Guro</name><hierarchyLevel>hierarchy3</hierarchyLevel><parent>MNI</parent><modules>MX-001</modules></region><region><code>MTS</code><name>Matsinho</name><hierarchyLevel>hierarchy4</hierarchyLevel><parent>GUR</parent><modules>MX-001</modules></region><region><code>BAA</code><name>Baruma</name><hierarchyLevel>hierarchy5</hierarchyLevel><parent>CI7</parent><modules>MX-001</modules></region><region><code>MT2</code><name>Mutiua</name><hierarchyLevel>hierarchy5</hierarchyLevel><parent>CI7</parent><modules>MX-001</modules></region><region><code>CAR</code><name>Capiridzanje</name><hierarchyLevel>hierarchy5</hierarchyLevel><parent>NHA</parent><modules>MX-001</modules></region><region><code>CUU</code><name>Chupanga sede</name><hierarchyLevel>hierarchy5</hierarchyLevel><parent>CAT</parent><modules>MX-001</modules></region><region><code>7DE</code><name>7 de Abril sede</name><hierarchyLevel>hierarchy5</hierarchyLevel><parent>CI7</parent><modules>MX-001</modules></region><region><code>BEA</code><name>Benga</name><hierarchyLevel>hierarchy5</hierarchyLevel><parent>NHA</parent><modules>MX-001</modules></region><region><code>NA5</code><name>Naputha</name><hierarchyLevel>hierarchy5</hierarchyLevel><parent>CI7</parent><modules>MX-001</modules></region><region><code>INT</code><name>Intete sede</name><hierarchyLevel>hierarchy5</hierarchyLevel><parent>CI7</parent><modules>MX-001</modules></region><region><code>MSW</code><name>M'Sawize sede</name><hierarchyLevel>hierarchy5</hierarchyLevel><parent>DAC</parent><modules>MX-001</modules></region><region><code>MLL</code><name>Maling</name><hierarchyLevel>hierarchy5</hierarchyLevel><parent>CAT</parent><modules>MX-001</modules></region><region><code>MUR</code><name>Mungari</name><hierarchyLevel>hierarchy4</hierarchyLevel><parent>MCZ</parent><modules>MX-001</modules></region><region><code>VI1</code><name>Vila de Malema</name><hierarchyLevel>hierarchy5</hierarchyLevel><parent>CI7</parent><modules>MX-001</modules></region><region><code>CNN</code><name>Chinthopo sede</name><hierarchyLevel>hierarchy5</hierarchyLevel><parent>NHA</parent><modules>MX-001</modules></region><region><code>MRA</code><name>Muralelo</name><hierarchyLevel>hierarchy5</hierarchyLevel><parent>CI7</parent><modules>MX-001</modules></region><region><code>VIM</code><name>Vila de Marromeu</name><hierarchyLevel>hierarchy5</hierarchyLevel><parent>CAT</parent><modules>MX-001</modules></region><region><code>GUO</code><name>Guro sede</name><hierarchyLevel>hierarchy4</hierarchyLevel><parent>MCZ</parent><modules>MX-001</modules></region><region><code>MUY</code><name>Mukangadzi</name><hierarchyLevel>hierarchy5</hierarchyLevel><parent>GUO</parent><modules>MX-001</modules></region><region><code>RE7</code><name>Régulo Nhamacolome</name><hierarchyLevel>hierarchy5</hierarchyLevel><parent>CAT</parent><modules>MX-001</modules></region><region><code>RE6</code><name>Régulo Palama</name><hierarchyLevel>hierarchy5</hierarchyLevel><parent>CAT</parent><modules>MX-001</modules></region><region><code>RE8</code><name>Régulo Maneto</name><hierarchyLevel>hierarchy5</hierarchyLevel><parent>CAT</parent><modules>MX-001</modules></region><region><code>MRM</code><name>Marromeu sede</name><hierarchyLevel>hierarchy5</hierarchyLevel><parent>CAT</parent><modules>MX-001</modules></region><region><code>ENG</code><name>Engof</name><hierarchyLevel>hierarchy5</hierarchyLevel><parent>CI8</parent><modules>MX-001</modules></region><region><code>AMA</code><name>Amatongas</name><hierarchyLevel>hierarchy4</hierarchyLevel><parent>MCO</parent><modules>MX-001</modules></region><region><code>ENT</code><name>Entre - Rios</name><hierarchyLevel>hierarchy5</hierarchyLevel><parent>AMA</parent><modules>MX-001</modules></region><region><code>MWW</code><name>Mawonekera</name><hierarchyLevel>hierarchy5</hierarchyLevel><parent>CAT</parent><modules>MX-001</modules></region><region><code>GON</code><name>Gondola</name><hierarchyLevel>hierarchy3</hierarchyLevel><parent>MNI</parent><modules>MX-001</modules></region><region><code>VAN</code><name>Vanduzi</name><hierarchyLevel>hierarchy4</hierarchyLevel><parent>GON</parent><modules>MX-001</modules></region><region><code>CGG</code><name>Cigoma</name><hierarchyLevel>hierarchy5</hierarchyLevel><parent>VAN</parent><modules>MX-001</modules></region><region><code>BAR</code><name>Barue</name><hierarchyLevel>hierarchy3</hierarchyLevel><parent>MNI</parent><modules>MX-001</modules></region><region><code>MN1</code><name>Mandie</name><hierarchyLevel>hierarchy4</hierarchyLevel><parent>BAR</parent><modules>MX-001</modules></region><region><code>KZZ</code><name>Kazula sede</name><hierarchyLevel>hierarchy5</hierarchyLevel><parent>MN1</parent><modules>MX-001</modules></region><region><code>CAV</code><name>Cava</name><hierarchyLevel>hierarchy5</hierarchyLevel><parent>DAC</parent><modules>MX-001</modules></region><region><code>NTM</code><name>Nteme (Régulo Nhamissolo)</name><hierarchyLevel>hierarchy5</hierarchyLevel><parent>MUR</parent><modules>MX-001</modules></region><region><code>NA2</code><name>Namigonha</name><hierarchyLevel>hierarchy5</hierarchyLevel><parent>CAT</parent><modules>MX-001</modules></region><region><code>KLL</code><name>Kalomwe</name><hierarchyLevel>hierarchy5</hierarchyLevel><parent>CAT</parent><modules>MX-001</modules></region><region><code>NA3</code><name>Nabruma</name><hierarchyLevel>hierarchy5</hierarchyLevel><parent>CI7</parent><modules>MX-001</modules></region><region><code>LUL</code><name>Lupilichi</name><hierarchyLevel>hierarchy5</hierarchyLevel><parent>CI8</parent><modules>MX-001</modules></region><region><code>SEG</code><name>Senga-Senga</name><hierarchyLevel>hierarchy5</hierarchyLevel><parent>CAT</parent><modules>MX-001</modules></region><region><code>CAC</code><name>Cachembe</name><hierarchyLevel>hierarchy5</hierarchyLevel><parent>CI7</parent><modules>MX-001</modules></region><region><code>MC2</code><name>Macone</name><hierarchyLevel>hierarchy5</hierarchyLevel><parent>DAC</parent><modules>MX-001</modules></region><region><code>MUQ</code><name>Mukumbura sede</name><hierarchyLevel>hierarchy5</hierarchyLevel><parent>NHA</parent><modules>MX-001</modules></region><region><code>MOP</code><name>Monapo sede</name><hierarchyLevel>hierarchy5</hierarchyLevel><parent>DAC</parent><modules>MX-001</modules></region><region><code>VIH</code><name>Vila de Chemba</name><hierarchyLevel>hierarchy5</hierarchyLevel><parent>CAT</parent><modules>MX-001</modules></region><region><code>ZOB</code><name>Zóbué sede</name><hierarchyLevel>hierarchy5</hierarchyLevel><parent>NHA</parent><modules>MX-001</modules></region><region><code>CNG</code><name>Chinga sede</name><hierarchyLevel>hierarchy5</hierarchyLevel><parent>DAC</parent><modules>MX-001</modules></region><region><code>REN</code><name>Régulo Ndango</name><hierarchyLevel>hierarchy5</hierarchyLevel><parent>CAT</parent><modules>MX-001</modules></region><region><code>NCE</code><name>N'Chenga</name><hierarchyLevel>hierarchy5</hierarchyLevel><parent>CI7</parent><modules>MX-001</modules></region><region><code>REU</code><name>Régulo Calamo</name><hierarchyLevel>hierarchy5</hierarchyLevel><parent>CAT</parent><modules>MX-001</modules></region><region><code>NIA</code><name>Niaca</name><hierarchyLevel>hierarchy5</hierarchyLevel><parent>DAC</parent><modules>MX-001</modules></region><region><code>MUW</code><name>Mussenguezi</name><hierarchyLevel>hierarchy5</hierarchyLevel><parent>NHA</parent><modules>MX-001</modules></region><region><code>LIO</code><name>Licoma</name><hierarchyLevel>hierarchy5</hierarchyLevel><parent>CAT</parent><modules>MX-001</modules></region><region><code>VIY</code><name>Vila de Nhamayabue</name><hierarchyLevel>hierarchy5</hierarchyLevel><parent>NHA</parent><modules>MX-001</modules></region><region><code>REL</code><name>Régulo Chaves</name><hierarchyLevel>hierarchy5</hierarchyLevel><parent>CAT</parent><modules>MX-001</modules></region><region><code>REH</code><name>Régulo Nharrungu</name><hierarchyLevel>hierarchy5</hierarchyLevel><parent>CAT</parent><modules>MX-001</modules></region><region><code>INM</code><name>Inhamitanga sede</name><hierarchyLevel>hierarchy5</hierarchyLevel><parent>CAT</parent><modules>MX-001</modules></region><region><code>MU8</code><name>Muanza sede</name><hierarchyLevel>hierarchy5</hierarchyLevel><parent>CAT</parent><modules>MX-001</modules></region><region><code>GAL</code><name>Galinha sede</name><hierarchyLevel>hierarchy5</hierarchyLevel><parent>CAT</parent><modules>MX-001</modules></region><region><code>MET</code><name>Meti sede</name><hierarchyLevel>hierarchy5</hierarchyLevel><parent>DAC</parent><modules>MX-001</modules></region><region><code>CVI</code><name>Chivano</name><hierarchyLevel>hierarchy5</hierarchyLevel><parent>CI7</parent><modules>MX-001</modules></region><region><code>MID</code><name>Mitande sede</name><hierarchyLevel>hierarchy5</hierarchyLevel><parent>DAC</parent><modules>MX-001</modules></region><region><code>BAE</code><name>Bawe</name><hierarchyLevel>hierarchy5</hierarchyLevel><parent>NHA</parent><modules>MX-001</modules></region><region><code>CSA</code><name>Chissaua</name><hierarchyLevel>hierarchy5</hierarchyLevel><parent>DAC</parent><modules>MX-001</modules></region><region><code>MPU</code><name>Muapula</name><hierarchyLevel>hierarchy5</hierarchyLevel><parent>DAC</parent><modules>MX-001</modules></region><region><code>MRN</code><name>Marangira sede</name><hierarchyLevel>hierarchy5</hierarchyLevel><parent>DAC</parent><modules>MX-001</modules></region><region><code>MNT</code><name>Mantete</name><hierarchyLevel>hierarchy5</hierarchyLevel><parent>DAC</parent><modules>MX-001</modules></region><region><code>NUN</code><name>Nungo sede</name><hierarchyLevel>hierarchy5</hierarchyLevel><parent>DAC</parent><modules>MX-001</modules></region><region><code>NHF</code><name>Nhacafula sede</name><hierarchyLevel>hierarchy5</hierarchyLevel><parent>CAF</parent><modules>MX-001</modules></region><region><code>NPI</code><name>Napipine</name><hierarchyLevel>hierarchy5</hierarchyLevel><parent>DAC</parent><modules>MX-001</modules></region><region><code>NM1</code><name>Namicopo</name><hierarchyLevel>hierarchy5</hierarchyLevel><parent>DAC</parent><modules>MX-001</modules></region><region><code>ANC</code><name>Anchilo sede</name><hierarchyLevel>hierarchy5</hierarchyLevel><parent>DAC</parent><modules>MX-001</modules></region><region><code>NMD</code><name>Namapa sede</name><hierarchyLevel>hierarchy5</hierarchyLevel><parent>DAC</parent><modules>MX-001</modules></region><region><code>VI3</code><name>Vila de Meconta</name><hierarchyLevel>hierarchy5</hierarchyLevel><parent>CI7</parent><modules>MX-001</modules></region><region><code>ME1</code><name>Meluluca</name><hierarchyLevel>hierarchy5</hierarchyLevel><parent>AMA</parent><modules>MX-001</modules></region><region><code>CBI</code><name>Chibabava sede</name><hierarchyLevel>hierarchy5</hierarchyLevel><parent>CAT</parent><modules>MX-001</modules></region><region><code>MNO</code><name>Muanona sede</name><hierarchyLevel>hierarchy5</hierarchyLevel><parent>CI7</parent><modules>MX-001</modules></region><region><code>PAN</code><name>Panja</name><hierarchyLevel>hierarchy5</hierarchyLevel><parent>CAT</parent><modules>MX-001</modules></region><region><code>MIE</code><name>Muite sede</name><hierarchyLevel>hierarchy5</hierarchyLevel><parent>DAC</parent><modules>MX-001</modules></region><region><code>LUB</code><name>Lumbo sede</name><hierarchyLevel>hierarchy5</hierarchyLevel><parent>CI7</parent><modules>MX-001</modules></region><region><code>GOB</code><name>Gomba</name><hierarchyLevel>hierarchy5</hierarchyLevel><parent>AMA</parent><modules>MX-001</modules></region><region><code>LIU</code><name>Liupo sede</name><hierarchyLevel>hierarchy5</hierarchyLevel><parent>DAC</parent><modules>MX-001</modules></region><region><code>KMM</code><name>Kambulatsitsi sede</name><hierarchyLevel>hierarchy5</hierarchyLevel><parent>NHA</parent><modules>MX-001</modules></region><region><code>MEM</code><name>Memba sede</name><hierarchyLevel>hierarchy5</hierarchyLevel><parent>DAC</parent><modules>MX-001</modules></region><region><code>NA8</code><name>Namialo</name><hierarchyLevel>hierarchy5</hierarchyLevel><parent>DAC</parent><modules>MX-001</modules></region><region><code>KZU</code><name>Kazuzu</name><hierarchyLevel>hierarchy5</hierarchyLevel><parent>DAC</parent><modules>MX-001</modules></region><region><code>MSQ</code><name>Massaquesso</name><hierarchyLevel>hierarchy5</hierarchyLevel><parent>AMA</parent><modules>MX-001</modules></region><region><code>NMT</code><name>Namitatari</name><hierarchyLevel>hierarchy5</hierarchyLevel><parent>DAC</parent><modules>MX-001</modules></region><region><code>CUH</code><name>Chihulo sede</name><hierarchyLevel>hierarchy5</hierarchyLevel><parent>CI7</parent><modules>MX-001</modules></region><region><code>ITO</code><name>Itoculo sede</name><hierarchyLevel>hierarchy5</hierarchyLevel><parent>DAC</parent><modules>MX-001</modules></region><region><code>VIP</code><name>Vila de Monapo</name><hierarchyLevel>hierarchy5</hierarchyLevel><parent>DAC</parent><modules>MX-001</modules></region><region><code>CA3</code><name>Canacue</name><hierarchyLevel>hierarchy5</hierarchyLevel><parent>DAC</parent><modules>MX-001</modules></region><region><code>MT3</code><name>Matadane</name><hierarchyLevel>hierarchy5</hierarchyLevel><parent>DAC</parent><modules>MX-001</modules></region><region><code>SA4</code><name>Saua-Saua sede</name><hierarchyLevel>hierarchy5</hierarchyLevel><parent>CI7</parent><modules>MX-001</modules></region><region><code>MTD</code><name>Muatua sede</name><hierarchyLevel>hierarchy5</hierarchyLevel><parent>DAC</parent><modules>MX-001</modules></region><region><code>ILH</code><name>Ilha de Mocambique (cidade)</name><hierarchyLevel>hierarchy5</hierarchyLevel><parent>CI7</parent><modules>MX-001</modules></region><region><code>CT1</code><name>Chitete</name><hierarchyLevel>hierarchy5</hierarchyLevel><parent>NHA</parent><modules>MX-001</modules></region><region><code>BAI</code><name>Barira</name><hierarchyLevel>hierarchy5</hierarchyLevel><parent>CAT</parent><modules>MX-001</modules></region><region><code>MII</code><name>Maiaia</name><hierarchyLevel>hierarchy5</hierarchyLevel><parent>CI7</parent><modules>MX-001</modules></region><region><code>NAS</code><name>Namaponda sede</name><hierarchyLevel>hierarchy5</hierarchyLevel><parent>CI7</parent><modules>MX-001</modules></region><region><code>NEH</code><name>Nehessine sede</name><hierarchyLevel>hierarchy5</hierarchyLevel><parent>DAC</parent><modules>MX-001</modules></region><region><code>TUL</code><name>Tulo</name><hierarchyLevel>hierarchy5</hierarchyLevel><parent>AMA</parent><modules>MX-001</modules></region><region><code>MI1</code><name>Miaja</name><hierarchyLevel>hierarchy5</hierarchyLevel><parent>DAC</parent><modules>MX-001</modules></region><region><code>VIR</code><name>Vila de Mossuril</name><hierarchyLevel>hierarchy5</hierarchyLevel><parent>DAC</parent><modules>MX-001</modules></region><region><code>MUV</code><name>Mucheve</name><hierarchyLevel>hierarchy5</hierarchyLevel><parent>CAT</parent><modules>MX-001</modules></region><region><code>IRO</code><name>Ironga</name><hierarchyLevel>hierarchy5</hierarchyLevel><parent>CAT</parent><modules>MX-001</modules></region><region><code>RET</code><name>Régulo Susooto</name><hierarchyLevel>hierarchy5</hierarchyLevel><parent>CAT</parent><modules>MX-001</modules></region><region><code>ISI</code><name>Issipe</name><hierarchyLevel>hierarchy5</hierarchyLevel><parent>DAC</parent><modules>MX-001</modules></region><region><code>GOA</code><name>Gonda sede</name><hierarchyLevel>hierarchy5</hierarchyLevel><parent>CAT</parent><modules>MX-001</modules></region><region><code>ME2</code><name>Mecua 2</name><hierarchyLevel>hierarchy5</hierarchyLevel><parent>DAC</parent><modules>MX-001</modules></region><region><code>NHO</code><name>Nhacolo sede</name><hierarchyLevel>hierarchy5</hierarchyLevel><parent>CAF</parent><modules>MX-001</modules></region><region><code>FUR</code><name>Furancungo sede</name><hierarchyLevel>hierarchy5</hierarchyLevel><parent>NHA</parent><modules>MX-001</modules></region><region><code>COR</code><name>Corrane sede</name><hierarchyLevel>hierarchy5</hierarchyLevel><parent>DAC</parent><modules>MX-001</modules></region><region><code>NA7</code><name>Nataleia</name><hierarchyLevel>hierarchy5</hierarchyLevel><parent>CI7</parent><modules>MX-001</modules></region><region><code>CPN</code><name>Chipene sede</name><hierarchyLevel>hierarchy5</hierarchyLevel><parent>DAC</parent><modules>MX-001</modules></region><region><code>NIO</code><name>Nioce</name><hierarchyLevel>hierarchy5</hierarchyLevel><parent>CI7</parent><modules>MX-001</modules></region><region><code>QUI</code><name>Quixaxe sede</name><hierarchyLevel>hierarchy5</hierarchyLevel><parent>DAC</parent><modules>MX-001</modules></region><region><code>MLM</code><name>Malema sede</name><hierarchyLevel>hierarchy5</hierarchyLevel><parent>CI7</parent><modules>MX-001</modules></region><region><code>VI2</code><name>Vila de Mutuali</name><hierarchyLevel>hierarchy5</hierarchyLevel><parent>CI7</parent><modules>MX-001</modules></region><region><code>NMI</code><name>Namingue sede</name><hierarchyLevel>hierarchy5</hierarchyLevel><parent>DAC</parent><modules>MX-001</modules></region><region><code>VI5</code><name>Vila de Nametil</name><hierarchyLevel>hierarchy5</hierarchyLevel><parent>DAC</parent><modules>MX-001</modules></region><region><code>TAP</code><name>Tapaca</name><hierarchyLevel>hierarchy5</hierarchyLevel><parent>CI7</parent><modules>MX-001</modules></region><region><code>NII</code><name>Nairrube sede</name><hierarchyLevel>hierarchy5</hierarchyLevel><parent>DAC</parent><modules>MX-001</modules></region><region><code>MEL</code><name>Meluluca</name><hierarchyLevel>hierarchy5</hierarchyLevel><parent>DAC</parent><modules>MX-001</modules></region><region><code>HOD</code><name>Hode</name><hierarchyLevel>hierarchy5</hierarchyLevel><parent>CAT</parent><modules>MX-001</modules></region><region><code>VII</code><name>Vila de Inhaminga</name><hierarchyLevel>hierarchy5</hierarchyLevel><parent>CAT</parent><modules>MX-001</modules></region><region><code>INA</code><name>Inhaminga sede</name><hierarchyLevel>hierarchy5</hierarchyLevel><parent>CAT</parent><modules>MX-001</modules></region><region><code>MRS</code><name>Marrupa sede</name><hierarchyLevel>hierarchy5</hierarchyLevel><parent>DAC</parent><modules>MX-001</modules></region><region><code>MS1</code><name>Maúa sede</name><hierarchyLevel>hierarchy5</hierarchyLevel><parent>DAC</parent><modules>MX-001</modules></region><region><code>MSE</code><name>Massenguesse</name><hierarchyLevel>hierarchy5</hierarchyLevel><parent>DAC</parent><modules>MX-001</modules></region><region><code>MZE</code><name>Muze sede</name><hierarchyLevel>hierarchy5</hierarchyLevel><parent>GUO</parent><modules>MX-001</modules></region><region><code>MTL</code><name>Muatala</name><hierarchyLevel>hierarchy5</hierarchyLevel><parent>DAC</parent><modules>MX-001</modules></region><region><code>CPP</code><name>Chipiri</name><hierarchyLevel>hierarchy5</hierarchyLevel><parent>MN1</parent><modules>MX-001</modules></region><region><code>NTT</code><name>Natiripe</name><hierarchyLevel>hierarchy5</hierarchyLevel><parent>DAC</parent><modules>MX-001</modules></region><region><code>MTV</code><name>Mutivaze sede</name><hierarchyLevel>hierarchy5</hierarchyLevel><parent>DAC</parent><modules>MX-001</modules></region><region><code>NMS</code><name>Namaita sede</name><hierarchyLevel>hierarchy5</hierarchyLevel><parent>DAC</parent><modules>MX-001</modules></region><region><code>CAS</code><name>Cassuende</name><hierarchyLevel>hierarchy5</hierarchyLevel><parent>NHA</parent><modules>MX-001</modules></region><region><code>NMP</code><name>Namiope</name><hierarchyLevel>hierarchy5</hierarchyLevel><parent>DAC</parent><modules>MX-001</modules></region><region><code>NPU</code><name>Napuri</name><hierarchyLevel>hierarchy5</hierarchyLevel><parent>DAC</parent><modules>MX-001</modules></region><region><code>CSS</code><name>Chissete</name><hierarchyLevel>hierarchy5</hierarchyLevel><parent>NHA</parent><modules>MX-001</modules></region><region><code>REM</code><name>Régulo Mulima</name><hierarchyLevel>hierarchy5</hierarchyLevel><parent>CAT</parent><modules>MX-001</modules></region><region><code>MCI</code><name>Muchico</name><hierarchyLevel>hierarchy5</hierarchyLevel><parent>CI7</parent><modules>MX-001</modules></region><region><code>RAP</code><name>Rapale sede</name><hierarchyLevel>hierarchy5</hierarchyLevel><parent>DAC</parent><modules>MX-001</modules></region><region><code>VIW</code><name>Vila de Metangula</name><hierarchyLevel>hierarchy5</hierarchyLevel><parent>AMA</parent><modules>MX-001</modules></region><region><code>NTY</code><name>Ntayansupa</name><hierarchyLevel>hierarchy5</hierarchyLevel><parent>NHA</parent><modules>MX-001</modules></region><region><code>NA6</code><name>Nacaroa sede</name><hierarchyLevel>hierarchy5</hierarchyLevel><parent>CI7</parent><modules>MX-001</modules></region><region><code>COV</code><name>Covo sede</name><hierarchyLevel>hierarchy5</hierarchyLevel><parent>DAC</parent><modules>MX-001</modules></region><region><code>REC</code><name>Régulo Cado</name><hierarchyLevel>hierarchy5</hierarchyLevel><parent>CAT</parent><modules>MX-001</modules></region><region><code>SA5</code><name>Sana-Sana</name><hierarchyLevel>hierarchy5</hierarchyLevel><parent>DAC</parent><modules>MX-001</modules></region><region><code>MN2</code><name>Muanona</name><hierarchyLevel>hierarchy5</hierarchyLevel><parent>DAC</parent><modules>MX-001</modules></region><region><code>ALU</code><name>Alua sede</name><hierarchyLevel>hierarchy5</hierarchyLevel><parent>DAC</parent><modules>MX-001</modules></region><region><code>SAH</code><name>Samora Machel</name><hierarchyLevel>hierarchy5</hierarchyLevel><parent>DAC</parent><modules>MX-001</modules></region><region><code>ODI</code><name>Odinepa</name><hierarchyLevel>hierarchy5</hierarchyLevel><parent>DAC</parent><modules>MX-001</modules></region><region><code>VIF</code><name>Vila de Namapa</name><hierarchyLevel>hierarchy5</hierarchyLevel><parent>DAC</parent><modules>MX-001</modules></region><region><code>MHH</code><name>Muhala</name><hierarchyLevel>hierarchy5</hierarchyLevel><parent>DAC</parent><modules>MX-001</modules></region><region><code>KUE</code><name>Kunle sede</name><hierarchyLevel>hierarchy5</hierarchyLevel><parent>DAC</parent><modules>MX-001</modules></region><region><code>REO</code><name>Regulado Chimbwe</name><hierarchyLevel>hierarchy5</hierarchyLevel><parent>CAT</parent><modules>MX-001</modules></region><region><code>VIB</code><name>Vila de Ribaue</name><hierarchyLevel>hierarchy5</hierarchyLevel><parent>DAC</parent><modules>MX-001</modules></region><region><code>CAE</code><name>Chare sede</name><hierarchyLevel>hierarchy5</hierarchyLevel><parent>GUO</parent><modules>MX-001</modules></region><region><code>INS</code><name>Insaca sede</name><hierarchyLevel>hierarchy5</hierarchyLevel><parent>NHM</parent><modules>MX-001</modules></region><region><code>CCA</code><name>Chica</name><hierarchyLevel>hierarchy5</hierarchyLevel><parent>DAC</parent><modules>MX-001</modules></region><region><code>RED</code><name>Regulado Catulene</name><hierarchyLevel>hierarchy5</hierarchyLevel><parent>CAT</parent><modules>MX-001</modules></region><region><code>URN</code><name>Urbana 2</name><hierarchyLevel>hierarchy5</hierarchyLevel><parent>MTS</parent><modules>MX-001</modules></region><region><code>NME</code><name>Nametil sede</name><hierarchyLevel>hierarchy5</hierarchyLevel><parent>DAC</parent><modules>MX-001</modules></region><region><code>REA</code><name>Regulado N'Susso</name><hierarchyLevel>hierarchy5</hierarchyLevel><parent>CAT</parent><modules>MX-001</modules></region><region><code>JAR</code><name>Jardim (Kanumua)</name><hierarchyLevel>hierarchy5</hierarchyLevel><parent>GUO</parent><modules>MX-001</modules></region><region><code>RES</code><name>Regulado Sanhabuzi</name><hierarchyLevel>hierarchy5</hierarchyLevel><parent>CAT</parent><modules>MX-001</modules></region><region><code>NKO</code><name>Nkodeze</name><hierarchyLevel>hierarchy5</hierarchyLevel><parent>NHA</parent><modules>MX-001</modules></region><region><code>MSG</code><name>Msungo</name><hierarchyLevel>hierarchy5</hierarchyLevel><parent>NHA</parent><modules>MX-001</modules></region><region><code>VAU</code><name>Vanduzi sede</name><hierarchyLevel>hierarchy5</hierarchyLevel><parent>CAT</parent><modules>MX-001</modules></region><region><code>INN</code><name>Inhangoma sede</name><hierarchyLevel>hierarchy5</hierarchyLevel><parent>GUO</parent><modules>MX-001</modules></region><region><code>ML2</code><name>Malica</name><hierarchyLevel>hierarchy5</hierarchyLevel><parent>VAN</parent><modules>MX-001</modules></region><region><code>VIV</code><name>Vila Nova da Fronteira</name><hierarchyLevel>hierarchy5</hierarchyLevel><parent>GUO</parent><modules>MX-001</modules></region><region><code>NMH</code><name>Namiconha</name><hierarchyLevel>hierarchy5</hierarchyLevel><parent>DAC</parent><modules>MX-001</modules></region><region><code>ZAM</code><name>Zambue sede</name><hierarchyLevel>hierarchy5</hierarchyLevel><parent>CI7</parent><modules>MX-001</modules></region><region><code>MCP</code><name>Macopa</name><hierarchyLevel>hierarchy5</hierarchyLevel><parent>CAT</parent><modules>MX-001</modules></region><region><code>SA3</code><name>Santo</name><hierarchyLevel>hierarchy5</hierarchyLevel><parent>CAT</parent><modules>MX-001</modules></region><region><code>NRR</code><name>Narre</name><hierarchyLevel>hierarchy5</hierarchyLevel><parent>DAC</parent><modules>MX-001</modules></region><region><code>MFF</code><name>Mafunda (Régulo Casado)</name><hierarchyLevel>hierarchy5</hierarchyLevel><parent>CAF</parent><modules>MX-001</modules></region><region><code>LAL</code><name>Lalaua sede</name><hierarchyLevel>hierarchy5</hierarchyLevel><parent>DAC</parent><modules>MX-001</modules></region><region><code>LUI</code><name>Lúrio</name><hierarchyLevel>hierarchy5</hierarchyLevel><parent>DAC</parent><modules>MX-001</modules></region><region><code>NHP</code><name>Nhampoca</name><hierarchyLevel>hierarchy5</hierarchyLevel><parent>CAT</parent><modules>MX-001</modules></region><region><code>NQQ</code><name>Naquessa</name><hierarchyLevel>hierarchy5</hierarchyLevel><parent>DAC</parent><modules>MX-001</modules></region><region><code>MB2</code><name>Mbamba</name><hierarchyLevel>hierarchy5</hierarchyLevel><parent>AMA</parent><modules>MX-001</modules></region><region><code>REP</code><name>Regulado Pungue</name><hierarchyLevel>hierarchy5</hierarchyLevel><parent>CAT</parent><modules>MX-001</modules></region><region><code>MUX</code><name>Muxungue sede</name><hierarchyLevel>hierarchy5</hierarchyLevel><parent>CAT</parent><modules>MX-001</modules></region><region><code>VIG</code><name>Vila da Gorongosa</name><hierarchyLevel>hierarchy5</hierarchyLevel><parent>CAT</parent><modules>MX-001</modules></region><region><code>REZ</code><name>Regulado Sacundzi</name><hierarchyLevel>hierarchy5</hierarchyLevel><parent>CAT</parent><modules>MX-001</modules></region><region><code>RE1</code><name>Regulado Canda</name><hierarchyLevel>hierarchy5</hierarchyLevel><parent>CAT</parent><modules>MX-001</modules></region><region><code>MPP</code><name>Mapanda</name><hierarchyLevel>hierarchy5</hierarchyLevel><parent>CAT</parent><modules>MX-001</modules></region><region><code>MFC</code><name>Mufa - Conde</name><hierarchyLevel>hierarchy5</hierarchyLevel><parent>CI7</parent><modules>MX-001</modules></region><region><code>CWI</code><name>Chiwindi</name><hierarchyLevel>hierarchy5</hierarchyLevel><parent>VAN</parent><modules>MX-001</modules></region><region><code>CZI</code><name>Chizane</name><hierarchyLevel>hierarchy5</hierarchyLevel><parent>NHA</parent><modules>MX-001</modules></region><region><code>CFF</code><name>Chifunde sede</name><hierarchyLevel>hierarchy5</hierarchyLevel><parent>CI7</parent><modules>MX-001</modules></region><region><code>VI8</code><name>Vila de Nacala-Velha</name><hierarchyLevel>hierarchy5</hierarchyLevel><parent>DAC</parent><modules>MX-001</modules></region><region><code>CPU</code><name>Chipungo</name><hierarchyLevel>hierarchy5</hierarchyLevel><parent>NHA</parent><modules>MX-001</modules></region><region><code>DOA</code><name>Doa sede</name><hierarchyLevel>hierarchy5</hierarchyLevel><parent>GUO</parent><modules>MX-001</modules></region><region><code>CAJ</code><name>Caranja Napome</name><hierarchyLevel>hierarchy5</hierarchyLevel><parent>DAC</parent><modules>MX-001</modules></region><region><code>TCH</code><name>Tcharane</name><hierarchyLevel>hierarchy5</hierarchyLevel><parent>DAC</parent><modules>MX-001</modules></region><region><code>REE</code><name>Régulo Samatere sede</name><hierarchyLevel>hierarchy5</hierarchyLevel><parent>CAT</parent><modules>MX-001</modules></region><region><code>CPE</code><name>Chipera sede</name><hierarchyLevel>hierarchy5</hierarchyLevel><parent>NHA</parent><modules>MX-001</modules></region><region><code>BOL</code><name>Bolimo</name><hierarchyLevel>hierarchy5</hierarchyLevel><parent>CI7</parent><modules>MX-001</modules></region><region><code>RE2</code><name>Régulo Macoco</name><hierarchyLevel>hierarchy5</hierarchyLevel><parent>CAT</parent><modules>MX-001</modules></region><region><code>NMC</code><name>Namiconha</name><hierarchyLevel>hierarchy5</hierarchyLevel><parent>DAC</parent><modules>MX-001</modules></region><region><code>CDA</code><name>Cidade de Angoche</name><hierarchyLevel>hierarchy5</hierarchyLevel><parent>CI7</parent><modules>MX-001</modules></region><region><code>KSS</code><name>Kassumpe</name><hierarchyLevel>hierarchy5</hierarchyLevel><parent>NHA</parent><modules>MX-001</modules></region><region><code>REJ</code><name>Régulo Madja Gumbalacai</name><hierarchyLevel>hierarchy5</hierarchyLevel><parent>CAT</parent><modules>MX-001</modules></region><region><code>MIL</code><name>Mirula</name><hierarchyLevel>hierarchy5</hierarchyLevel><parent>GUO</parent><modules>MX-001</modules></region><region><code>NMA</code><name>Namachilo</name><hierarchyLevel>hierarchy5</hierarchyLevel><parent>DAC</parent><modules>MX-001</modules></region><region><code>NA4</code><name>Naiculo</name><hierarchyLevel>hierarchy5</hierarchyLevel><parent>CI7</parent><modules>MX-001</modules></region><region><code>AUB</code><name>Aube sede</name><hierarchyLevel>hierarchy5</hierarchyLevel><parent>CI7</parent><modules>MX-001</modules></region><region><code>URC</code><name>Urbano Central</name><hierarchyLevel>hierarchy5</hierarchyLevel><parent>DAC</parent><modules>MX-001</modules></region><region><code>REI</code><name>Régulo Nhachire</name><hierarchyLevel>hierarchy5</hierarchyLevel><parent>CAT</parent><modules>MX-001</modules></region><region><code>RE4</code><name>Régulo Madja</name><hierarchyLevel>hierarchy5</hierarchyLevel><parent>CAT</parent><modules>MX-001</modules></region><region><code>NHH</code><name>Nhacanha</name><hierarchyLevel>hierarchy5</hierarchyLevel><parent>NHA</parent><modules>MX-001</modules></region><region><code>REX</code><name>Régulo Canxixe</name><hierarchyLevel>hierarchy5</hierarchyLevel><parent>CAT</parent><modules>MX-001</modules></region><region><code>MZZ</code><name>Mazeze</name><hierarchyLevel>hierarchy5</hierarchyLevel><parent>NHA</parent><modules>MX-001</modules></region><region><code>NH2</code><name>Nhenda</name><hierarchyLevel>hierarchy5</hierarchyLevel><parent>NHA</parent><modules>MX-001</modules></region><region><code>MNB</code><name>Maniamba sede</name><hierarchyLevel>hierarchy5</hierarchyLevel><parent>VAN</parent><modules>MX-001</modules></region><region><code>RE5</code><name>Régulo Nsicuo</name><hierarchyLevel>hierarchy5</hierarchyLevel><parent>CAT</parent><modules>MX-001</modules></region><region><code>CBB</code><name>Chibuto</name><hierarchyLevel>hierarchy5</hierarchyLevel><parent>CAT</parent><modules>MX-001</modules></region><region><code>CER</code><name>Cherinda</name><hierarchyLevel>hierarchy5</hierarchyLevel><parent>CAT</parent><modules>MX-001</modules></region><region><code>ANO</code><name>Angoche sede</name><hierarchyLevel>hierarchy5</hierarchyLevel><parent>CI7</parent><modules>MX-001</modules></region><region><code>MUK</code><name>Muchena</name><hierarchyLevel>hierarchy5</hierarchyLevel><parent>MN1</parent><modules>MX-001</modules></region><region><code>MGO</code><name>Mugoma</name><hierarchyLevel>hierarchy5</hierarchyLevel><parent>DAC</parent><modules>MX-001</modules></region><region><code>CLI</code><name>Chiloane</name><hierarchyLevel>hierarchy5</hierarchyLevel><parent>CAT</parent><modules>MX-001</modules></region><region><code>MI4</code><name>Maiaca sede</name><hierarchyLevel>hierarchy5</hierarchyLevel><parent>DAC</parent><modules>MX-001</modules></region><region><code>NKL</code><name>N'Kalapa - Mavago</name><hierarchyLevel>hierarchy5</hierarchyLevel><parent>DAC</parent><modules>MX-001</modules></region><region><code>FIN</code><name>Fíngoé sede</name><hierarchyLevel>hierarchy5</hierarchyLevel><parent>NHA</parent><modules>MX-001</modules></region><region><code>MRO</code><name>Maropanhe</name><hierarchyLevel>hierarchy5</hierarchyLevel><parent>CAT</parent><modules>MX-001</modules></region><region><code>COO</code><name>Choa</name><hierarchyLevel>hierarchy4</hierarchyLevel><parent>MCO</parent><modules>MX-001</modules></region><region><code>MIG</code><name>Minga</name><hierarchyLevel>hierarchy5</hierarchyLevel><parent>COO</parent><modules>MX-001</modules></region><region><code>MES</code><name>Messalo</name><hierarchyLevel>hierarchy5</hierarchyLevel><parent>DAC</parent><modules>MX-001</modules></region><region><code>INR</code><name>Inharingue</name><hierarchyLevel>hierarchy5</hierarchyLevel><parent>CAT</parent><modules>MX-001</modules></region><region><code>MOO</code><name>Molowera sede</name><hierarchyLevel>hierarchy5</hierarchyLevel><parent>NHA</parent><modules>MX-001</modules></region><region><code>VIJ</code><name>Vila de Mandimba</name><hierarchyLevel>hierarchy5</hierarchyLevel><parent>DAC</parent><modules>MX-001</modules></region><region><code>MQA</code><name>Muaquia sede</name><hierarchyLevel>hierarchy5</hierarchyLevel><parent>DAC</parent><modules>MX-001</modules></region><region><code>MTO</code><name>Matondovela sede</name><hierarchyLevel>hierarchy5</hierarchyLevel><parent>AMA</parent><modules>MX-001</modules></region><region><code>INI</code><name>Intaria</name><hierarchyLevel>hierarchy5</hierarchyLevel><parent>NHM</parent><modules>MX-001</modules></region><region><code>MJJ</code><name>Majune sede</name><hierarchyLevel>hierarchy5</hierarchyLevel><parent>DAC</parent><modules>MX-001</modules></region><region><code>MLP</code><name>Malapa</name><hierarchyLevel>hierarchy5</hierarchyLevel><parent>DAC</parent><modules>MX-001</modules></region><region><code>MI3</code><name>Muitetere</name><hierarchyLevel>hierarchy5</hierarchyLevel><parent>DAC</parent><modules>MX-001</modules></region><region><code>MI2</code><name>Mitucué</name><hierarchyLevel>hierarchy5</hierarchyLevel><parent>DAC</parent><modules>MX-001</modules></region><region><code>CUA</code><name>Cuamba sede</name><hierarchyLevel>hierarchy5</hierarchyLevel><parent>DAC</parent><modules>MX-001</modules></region><region><code>LUO</code><name>Lúrio sede</name><hierarchyLevel>hierarchy5</hierarchyLevel><parent>DAC</parent><modules>MX-001</modules></region><region><code>ETA</code><name>Etatara sede</name><hierarchyLevel>hierarchy5</hierarchyLevel><parent>DAC</parent><modules>MX-001</modules></region><region><code>TSA</code><name>Tsangano sede</name><hierarchyLevel>hierarchy5</hierarchyLevel><parent>CI7</parent><modules>MX-001</modules></region><region><code>MNM</code><name>Mandimba sede</name><hierarchyLevel>hierarchy5</hierarchyLevel><parent>DAC</parent><modules>MX-001</modules></region><region><code>VIK</code><name>Vila de Marrupa</name><hierarchyLevel>hierarchy5</hierarchyLevel><parent>DAC</parent><modules>MX-001</modules></region><region><code>SA2</code><name>Savana</name><hierarchyLevel>hierarchy5</hierarchyLevel><parent>CAT</parent><modules>MX-001</modules></region><region><code>NMR</code><name>Namiroa sede</name><hierarchyLevel>hierarchy5</hierarchyLevel><parent>DAC</parent><modules>MX-001</modules></region><region><code>MIR</code><name>Miranau (Régulo Madruize)</name><hierarchyLevel>hierarchy5</hierarchyLevel><parent>CAF</parent><modules>MX-001</modules></region><region><code>PRI</code><name>Pringilane</name><hierarchyLevel>hierarchy5</hierarchyLevel><parent>DAC</parent><modules>MX-001</modules></region><region><code>CA1</code><name>Calipo sede</name><hierarchyLevel>hierarchy5</hierarchyLevel><parent>DAC</parent><modules>MX-001</modules></region><region><code>MFA</code><name>Mafambisse sede</name><hierarchyLevel>hierarchy5</hierarchyLevel><parent>CAT</parent><modules>MX-001</modules></region><region><code>CAP</code><name>Campala / Chidzolomondo</name><hierarchyLevel>hierarchy5</hierarchyLevel><parent>NHA</parent><modules>MX-001</modules></region><region><code>NCC</code><name>Nacacane</name><hierarchyLevel>hierarchy5</hierarchyLevel><parent>DAC</parent><modules>MX-001</modules></region><region><code>NMN</code><name>Naminane</name><hierarchyLevel>hierarchy5</hierarchyLevel><parent>DAC</parent><modules>MX-001</modules></region><region><code>MC1</code><name>Maconje</name><hierarchyLevel>hierarchy5</hierarchyLevel><parent>CI7</parent><modules>MX-001</modules></region><region><code>REG</code><name>(Régulo Ntheme</name><hierarchyLevel>hierarchy5</hierarchyLevel><parent>CAF</parent><modules>MX-001</modules></region><region><code>QUN</code><name>Quninga sede</name><hierarchyLevel>hierarchy5</hierarchyLevel><parent>DAC</parent><modules>MX-001</modules></region><region><code>SIL</code><name>Singal</name><hierarchyLevel>hierarchy5</hierarchyLevel><parent>GUO</parent><modules>MX-001</modules></region><region><code>BOI</code><name>Boila</name><hierarchyLevel>hierarchy5</hierarchyLevel><parent>CI7</parent><modules>MX-001</modules></region><region><code>CDI</code><name>Chidzolomondo sede</name><hierarchyLevel>hierarchy5</hierarchyLevel><parent>NHA</parent><modules>MX-001</modules></region><region><code>MCG</code><name>Machanga sede</name><hierarchyLevel>hierarchy5</hierarchyLevel><parent>CAT</parent><modules>MX-001</modules></region><region><code>NH1</code><name>Nhamadende</name><hierarchyLevel>hierarchy5</hierarchyLevel><parent>NHA</parent><modules>MX-001</modules></region><region><code>LUR</code><name>Lúrio sede</name><hierarchyLevel>hierarchy5</hierarchyLevel><parent>DAC</parent><modules>MX-001</modules></region><region><code>MZS</code><name>Mazua sede</name><hierarchyLevel>hierarchy5</hierarchyLevel><parent>DAC</parent><modules>MX-001</modules></region><region><code>GAD</code><name>Gandale</name><hierarchyLevel>hierarchy5</hierarchyLevel><parent>NHA</parent><modules>MX-001</modules></region><region><code>MEA</code><name>Mecua 1</name><hierarchyLevel>hierarchy5</hierarchyLevel><parent>DAC</parent><modules>MX-001</modules></region><region><code>MUF</code><name>Mauche</name><hierarchyLevel>hierarchy5</hierarchyLevel><parent>CAT</parent><modules>MX-001</modules></region><region><code>CAD</code><name>Chiandame</name><hierarchyLevel>hierarchy5</hierarchyLevel><parent>CI7</parent><modules>MX-001</modules></region><region><code>NHY</code><name>Nhamayabue sede</name><hierarchyLevel>hierarchy5</hierarchyLevel><parent>GUO</parent><modules>MX-001</modules></region><region><code>CAN</code><name>Canhungue</name><hierarchyLevel>hierarchy5</hierarchyLevel><parent>GUO</parent><modules>MX-001</modules></region><region><code>NA9</code><name>Natala - Popue</name><hierarchyLevel>hierarchy5</hierarchyLevel><parent>DAC</parent><modules>MX-001</modules></region><region><code>MOE</code><name>Momane</name><hierarchyLevel>hierarchy5</hierarchyLevel><parent>DAC</parent><modules>MX-001</modules></region><region><code>MEC</code><name>Mecuzi</name><hierarchyLevel>hierarchy5</hierarchyLevel><parent>CAT</parent><modules>MX-001</modules></region><region><code>MEB</code><name>Mecubúri sede</name><hierarchyLevel>hierarchy5</hierarchyLevel><parent>DAC</parent><modules>MX-001</modules></region><region><code>KES</code><name>Kesenga</name><hierarchyLevel>hierarchy5</hierarchyLevel><parent>CI7</parent><modules>MX-001</modules></region><region><code>PUA</code><name>Puaz</name><hierarchyLevel>hierarchy5</hierarchyLevel><parent>CAT</parent><modules>MX-001</modules></region><region><code>NAX</code><name>Napai</name><hierarchyLevel>hierarchy5</hierarchyLevel><parent>DAC</parent><modules>MX-001</modules></region><region><code>RAT</code><name>Ratane</name><hierarchyLevel>hierarchy5</hierarchyLevel><parent>DAC</parent><modules>MX-001</modules></region><region><code>MIH</code><name>Milhana sede</name><hierarchyLevel>hierarchy5</hierarchyLevel><parent>DAC</parent><modules>MX-001</modules></region><region><code>NMM</code><name>Namina sede</name><hierarchyLevel>hierarchy5</hierarchyLevel><parent>DAC</parent><modules>MX-001</modules></region><region><code>VIN</code><name>Vila de Nhamatanda</name><hierarchyLevel>hierarchy5</hierarchyLevel><parent>CAT</parent><modules>MX-001</modules></region><region><code>NHT</code><name>Nhamantanda sede</name><hierarchyLevel>hierarchy5</hierarchyLevel><parent>CAT</parent><modules>MX-001</modules></region><region><code>DZG</code><name>Dzunga</name><hierarchyLevel>hierarchy5</hierarchyLevel><parent>CI7</parent><modules>MX-001</modules></region><region><code>NCA</code><name>Nacala Velha sede</name><hierarchyLevel>hierarchy5</hierarchyLevel><parent>DAC</parent><modules>MX-001</modules></region><region><code>MZA</code><name>Mazamba</name><hierarchyLevel>hierarchy5</hierarchyLevel><parent>GUO</parent><modules>MX-001</modules></region><region><code>NHI</code><name>Nhamfimbe</name><hierarchyLevel>hierarchy5</hierarchyLevel><parent>CAT</parent><modules>MX-001</modules></region><region><code>MCJ</code><name>Machanjule</name><hierarchyLevel>hierarchy5</hierarchyLevel><parent>CAT</parent><modules>MX-001</modules></region><region><code>VI7</code><name>Vila de Murrupula</name><hierarchyLevel>hierarchy5</hierarchyLevel><parent>DAC</parent><modules>MX-001</modules></region><region><code>MRP</code><name>Murrupula</name><hierarchyLevel>hierarchy5</hierarchyLevel><parent>DAC</parent><modules>MX-001</modules></region><region><code>BA1</code><name>Banga</name><hierarchyLevel>hierarchy5</hierarchyLevel><parent>CI7</parent><modules>MX-001</modules></region><region><code>ZUM</code><name>Zumbo sede</name><hierarchyLevel>hierarchy5</hierarchyLevel><parent>GUO</parent><modules>MX-001</modules></region><region><code>MCL</code><name>Mucoluane sede</name><hierarchyLevel>hierarchy5</hierarchyLevel><parent>DAC</parent><modules>MX-001</modules></region><region><code>CAB</code><name>Catambo</name><hierarchyLevel>hierarchy5</hierarchyLevel><parent>CI7</parent><modules>MX-001</modules></region><region><code>MOM</code><name>Momba</name><hierarchyLevel>hierarchy5</hierarchyLevel><parent>CAT</parent><modules>MX-001</modules></region><region><code>NPP</code><name>Napala</name><hierarchyLevel>hierarchy5</hierarchyLevel><parent>DAC</parent><modules>MX-001</modules></region><region><code>LUG</code><name>Lunga sede</name><hierarchyLevel>hierarchy5</hierarchyLevel><parent>DAC</parent><modules>MX-001</modules></region><region><code>MT4</code><name>Matibane sede</name><hierarchyLevel>hierarchy5</hierarchyLevel><parent>DAC</parent><modules>MX-001</modules></region><region><code>NJJ</code><name>Najaca</name><hierarchyLevel>hierarchy5</hierarchyLevel><parent>DAC</parent><modules>MX-001</modules></region><region><code>SED</code><name>Sede</name><hierarchyLevel>hierarchy5</hierarchyLevel><parent>GUO</parent><modules>MX-001</modules></region><region><code>TAA</code><name>Tambarara</name><hierarchyLevel>hierarchy5</hierarchyLevel><parent>CAT</parent><modules>MX-001</modules></region><region><code>VI6</code><name>Vila de Moma</name><hierarchyLevel>hierarchy5</hierarchyLevel><parent>DAC</parent><modules>MX-001</modules></region><region><code>MLZ</code><name>Mualadzi sede</name><hierarchyLevel>hierarchy5</hierarchyLevel><parent>CI7</parent><modules>MX-001</modules></region><region><code>JAC</code><name>Jacoma</name><hierarchyLevel>hierarchy5</hierarchyLevel><parent>DAC</parent><modules>MX-001</modules></region><region><code>ANG</code><name>Angombe</name><hierarchyLevel>hierarchy5</hierarchyLevel><parent>CI7</parent><modules>MX-001</modules></region><region><code>CA2</code><name>Chalaua sede</name><hierarchyLevel>hierarchy5</hierarchyLevel><parent>DAC</parent><modules>MX-001</modules></region><region><code>ILU</code><name>Ilute sede</name><hierarchyLevel>hierarchy5</hierarchyLevel><parent>DAC</parent><modules>MX-001</modules></region><region><code>COB</code><name>Cóbue sede</name><hierarchyLevel>hierarchy5</hierarchyLevel><parent>CI8</parent><modules>MX-001</modules></region><region><code>NMB</code><name>Nambilane sede</name><hierarchyLevel>hierarchy5</hierarchyLevel><parent>DAC</parent><modules>MX-001</modules></region><region><code>NSD</code><name>N'Sadzo sede</name><hierarchyLevel>hierarchy5</hierarchyLevel><parent>CI7</parent><modules>MX-001</modules></region><region><code>MU9</code><name>Mutua</name><hierarchyLevel>hierarchy5</hierarchyLevel><parent>CAT</parent><modules>MX-001</modules></region><region><code>CAW</code><name>Camwenge</name><hierarchyLevel>hierarchy5</hierarchyLevel><parent>CI7</parent><modules>MX-001</modules></region><region><code>TSC</code><name>Tsacale</name><hierarchyLevel>hierarchy5</hierarchyLevel><parent>CI7</parent><modules>MX-001</modules></region><region><code>MRU</code><name>Murruto</name><hierarchyLevel>hierarchy5</hierarchyLevel><parent>DAC</parent><modules>MX-001</modules></region><region><code>NET</code><name>Netia sede</name><hierarchyLevel>hierarchy5</hierarchyLevel><parent>DAC</parent><modules>MX-001</modules></region><region><code>MIO</code><name>Micolene</name><hierarchyLevel>hierarchy5</hierarchyLevel><parent>DAC</parent><modules>MX-001</modules></region><region><code>DON</code><name>Dondo sede</name><hierarchyLevel>hierarchy5</hierarchyLevel><parent>CAT</parent><modules>MX-001</modules></region><region><code>LAR</code><name>Larde sede</name><hierarchyLevel>hierarchy5</hierarchyLevel><parent>DAC</parent><modules>MX-001</modules></region><region><code>MUM</code><name>Mutambanhe</name><hierarchyLevel>hierarchy5</hierarchyLevel><parent>CAT</parent><modules>MX-001</modules></region><region><code>NNN</code><name>Nanhupo Rio</name><hierarchyLevel>hierarchy5</hierarchyLevel><parent>DAC</parent><modules>MX-001</modules></region><region><code>DAF</code><name>Dafue</name><hierarchyLevel>hierarchy5</hierarchyLevel><parent>NHA</parent><modules>MX-001</modules></region><region><code>NH3</code><name>Nhautenga</name><hierarchyLevel>hierarchy5</hierarchyLevel><parent>CI7</parent><modules>MX-001</modules></region><region><code>MEE</code><name>Muecate sede</name><hierarchyLevel>hierarchy5</hierarchyLevel><parent>DAC</parent><modules>MX-001</modules></region><region><code>IMA</code><name>Imala sede</name><hierarchyLevel>hierarchy5</hierarchyLevel><parent>DAC</parent><modules>MX-001</modules></region><region><code>NMO</code><name>Namitotelane</name><hierarchyLevel>hierarchy5</hierarchyLevel><parent>DAC</parent><modules>MX-001</modules></region><region><code>LUE</code><name>Luenha sede</name><hierarchyLevel>hierarchy5</hierarchyLevel><parent>CI7</parent><modules>MX-001</modules></region><region><code>NAV</code><name>Nahipa - Marririume</name><hierarchyLevel>hierarchy5</hierarchyLevel><parent>DAC</parent><modules>MX-001</modules></region><region><code>MZU</code><name>Mazue</name><hierarchyLevel>hierarchy5</hierarchyLevel><parent>CI7</parent><modules>MX-001</modules></region><region><code>VI4</code><name>Vila de Namialo</name><hierarchyLevel>hierarchy5</hierarchyLevel><parent>DAC</parent><modules>MX-001</modules></region><region><code>MP2</code><name>Mapheende sede</name><hierarchyLevel>hierarchy5</hierarchyLevel><parent>NHA</parent><modules>MX-001</modules></region><region><code>MEU</code><name>Mecungas</name><hierarchyLevel>hierarchy5</hierarchyLevel><parent>NHA</parent><modules>MX-001</modules></region><region><code>RE3</code><name>Régulo Sapala</name><hierarchyLevel>hierarchy5</hierarchyLevel><parent>CAT</parent><modules>MX-001</modules></region></regions>