<?xml version="1.0" encoding="UTF-8" standalone="no"?><pregnancyoutcomes><pregnancyoutcome><code>VIYYV1087003-01</code><motherCode>VIYYV1087003</motherCode><fatherCode>UNK</fatherCode><numberOfOutcomes>2</numberOfOutcomes><numberOfLivebirths>2</numberOfLivebirths><outcomeDate>2025-01-03</outcomeDate><birthPlace>HOME</birthPlace><birthPlaceOther/><visitCode>VIYYV1087-002-001</visitCode><collectedId>999f0c04350643d9927ac25dd7f97578</collectedId><childs><child><outcomeCode>VIYYV1087003-01</outcomeCode><outcomeType>LBR</outcomeType><childCode>VIYYV1087009</childCode><childOrdinalPosition>1</childOrdinalPosition><childHeadRelationshipType>BRO</childHeadRelationshipType></child><child><outcomeCode>VIYYV1087003-01</outcomeCode><outcomeType>LBR</outcomeType><childCode>VIYYV1087010</childCode><childOrdinalPosition>2</childOrdinalPosition><childHeadRelationshipType>BRO</childHeadRelationshipType></child></childs></pregnancyoutcome><pregnancyoutcome><code>CPTRC1015002-01</code><motherCode>CPTRC1015002</motherCode><fatherCode>CPTRC1015003</fatherCode><numberOfOutcomes>1</numberOfOutcomes><numberOfLivebirths>1</numberOfLivebirths><outcomeDate>2025-07-25</outcomeDate><birthPlace>HOSPITAL</birthPlace><birthPlaceOther/><visitCode>CPTRC1015-002-001</visitCode><collectedId>cc3925d291f0426abde13d3d203233ae</collectedId><childs><child><outcomeCode>CPTRC1015002-01</outcomeCode><outcomeType>LBR</outcomeType><childCode>CPTRC1015007</childCode><childOrdinalPosition>1</childOrdinalPosition><childHeadRelationshipType>SON</childHeadRelationshipType></child></childs></pregnancyoutcome><pregnancyoutcome><code>VIYYV1087001-01</code><motherCode>VIYYV1087001</motherCode><fatherCode>KSSHA2005005</fatherCode><numberOfOutcomes>2</numberOfOutcomes><numberOfLivebirths>2</numberOfLivebirths><outcomeDate>2025-05-26</outcomeDate><birthPlace>HOSPITAL</birthPlace><birthPlaceOther/><visitCode>VIYYV1087-002-002</visitCode><collectedId>1bc071f2d6f2443f99ed2cb338b1bdbd</collectedId><childs><child><outcomeCode>VIYYV1087001-01</outcomeCode><outcomeType>LBR</outcomeType><childCode>VIYYV1087012</childCode><childOrdinalPosition>2</childOrdinalPosition><childHeadRelationshipType>SON</childHeadRelationshipType></child><child><outcomeCode>VIYYV1087001-01</outcomeCode><outcomeType>LBR</outcomeType><childCode>VIYYV1087011</childCode><childOrdinalPosition>1</childOrdinalPosition><childHeadRelationshipType>SON</childHeadRelationshipType></child></childs></pregnancyoutcome><pregnancyoutcome><code>IRONT1001002-01</code><motherCode>IRONT1001002</motherCode><fatherCode>UNK</fatherCode><numberOfOutcomes>2</numberOfOutcomes><numberOfLivebirths>1</numberOfLivebirths><outcomeDate>2025-01-28</outcomeDate><birthPlace>HOSPITAL</birthPlace><birthPlaceOther/><visitCode>IRONT1001-002-001</visitCode><collectedId>a39802e021dd437e937f467051c09136</collectedId><childs><child><outcomeCode>IRONT1001002-01</outcomeCode><outcomeType>SBR</outcomeType><childCode/><childOrdinalPosition/><childHeadRelationshipType/></child><child><outcomeCode>IRONT1001002-01</outcomeCode><outcomeType>LBR</outcomeType><childCode>IRONT1001005</childCode><childOrdinalPosition>1</childOrdinalPosition><childHeadRelationshipType>SON</childHeadRelationshipType></child></childs></pregnancyoutcome></pregnancyoutcomes>