<?xml version="1.0" encoding="UTF-8" standalone="no"?><pregnancyoutcomes><pregnancyoutcome><code>VIMRN3005002-01</code><motherCode>VIMRN3005002</motherCode><fatherCode>VIMRN3005001</fatherCode><numberOfOutcomes>1</numberOfOutcomes><numberOfLivebirths>1</numberOfLivebirths><outcomeDate>2025-05-13</outcomeDate><birthPlace>HOSPITAL</birthPlace><birthPlaceOther/><visitCode>VIMRN3005-002-001</visitCode><collectedId>4c41f15a244a4171a40239c8c1ebe511</collectedId><childs><child><outcomeCode>VIMRN3005002-01</outcomeCode><outcomeType>LBR</outcomeType><childCode>VIMRN3005005</childCode><childOrdinalPosition>1</childOrdinalPosition><childHeadRelationshipType>SON</childHeadRelationshipType></child></childs></pregnancyoutcome><pregnancyoutcome><code>MZZMN1001002-01</code><motherCode>MZZMN1001002</motherCode><fatherCode>UNK</fatherCode><numberOfOutcomes>1</numberOfOutcomes><numberOfLivebirths>1</numberOfLivebirths><outcomeDate>2025-07-26</outcomeDate><birthPlace>HOSPITAL</birthPlace><birthPlaceOther/><visitCode>URASA1001-002-001</visitCode><collectedId>ae7afa43aa3d494781370063e75f6ac4</collectedId><childs><child><outcomeCode>MZZMN1001002-01</outcomeCode><outcomeType>LBR</outcomeType><childCode>URASA1001002</childCode><childOrdinalPosition>1</childOrdinalPosition><childHeadRelationshipType/></child></childs></pregnancyoutcome><pregnancyoutcome><code>CNNPR1005003-01</code><motherCode>CNNPR1005003</motherCode><fatherCode>UNK</fatherCode><numberOfOutcomes>1</numberOfOutcomes><numberOfLivebirths>1</numberOfLivebirths><outcomeDate>2025-06-25</outcomeDate><birthPlace>HOSPITAL</birthPlace><birthPlaceOther/><visitCode>NPASA1001-002-002</visitCode><collectedId>392b9962168e41f0bf08bb9975603281</collectedId><childs><child><outcomeCode>CNNPR1005003-01</outcomeCode><outcomeType>LBR</outcomeType><childCode>NPASA1001001</childCode><childOrdinalPosition>1</childOrdinalPosition><childHeadRelationshipType/></child></childs></pregnancyoutcome><pregnancyoutcome><code>URAHV1042001-01</code><motherCode>URAHV1042001</motherCode><fatherCode>UNK</fatherCode><numberOfOutcomes>1</numberOfOutcomes><numberOfLivebirths>1</numberOfLivebirths><outcomeDate>2025-08-30</outcomeDate><birthPlace>HOSPITAL</birthPlace><birthPlaceOther/><visitCode>URAHV1042-002-001</visitCode><collectedId>2b74ae6b06a140e3bf6219551463dc53</collectedId><childs><child><outcomeCode>URAHV1042001-01</outcomeCode><outcomeType>LBR</outcomeType><childCode>URAHV1042003</childCode><childOrdinalPosition>1</childOrdinalPosition><childHeadRelationshipType>SON</childHeadRelationshipType></child></childs></pregnancyoutcome><pregnancyoutcome><code>MUVNT1001002-01</code><motherCode>MUVNT1001002</motherCode><fatherCode>MUVNT1001001</fatherCode><numberOfOutcomes>1</numberOfOutcomes><numberOfLivebirths>1</numberOfLivebirths><outcomeDate>2025-08-08</outcomeDate><birthPlace>HOSPITAL</birthPlace><birthPlaceOther/><visitCode>MUVNT1001-002-001</visitCode><collectedId>19de3003048b4938bc9b8c24b38064bf</collectedId><childs><child><outcomeCode>MUVNT1001002-01</outcomeCode><outcomeType>LBR</outcomeType><childCode>MUVNT1001006</childCode><childOrdinalPosition>1</childOrdinalPosition><childHeadRelationshipType>SON</childHeadRelationshipType></child></childs></pregnancyoutcome><pregnancyoutcome><code>MUVNT1001005-02</code><motherCode>MUVNT1001005</motherCode><fatherCode>MUVNT1001001</fatherCode><numberOfOutcomes>1</numberOfOutcomes><numberOfLivebirths>1</numberOfLivebirths><outcomeDate>2025-08-02</outcomeDate><birthPlace>TRADITIONAL_MIDWIFE</birthPlace><birthPlaceOther/><visitCode>MUVNT1001-002-001</visitCode><collectedId>8ef83cdae340418bb11d279d043878cd</collectedId><childs><child><outcomeCode>MUVNT1001005-02</outcomeCode><outcomeType>LBR</outcomeType><childCode>MUVNT1001007</childCode><childOrdinalPosition>1</childOrdinalPosition><childHeadRelationshipType>SON</childHeadRelationshipType></child></childs></pregnancyoutcome><pregnancyoutcome><code>REURN3008002-01</code><motherCode>REURN3008002</motherCode><fatherCode>REURN3008001</fatherCode><numberOfOutcomes>1</numberOfOutcomes><numberOfLivebirths>1</numberOfLivebirths><outcomeDate>2025-08-28</outcomeDate><birthPlace>TRADITIONAL_MIDWIFE</birthPlace><birthPlaceOther/><visitCode>REURN3008-002-001</visitCode><collectedId>015c043a318d48659d3a81ba7268b3e0</collectedId><childs><child><outcomeCode>REURN3008002-01</outcomeCode><outcomeType>LBR</outcomeType><childCode>REURN3008005</childCode><childOrdinalPosition>1</childOrdinalPosition><childHeadRelationshipType>SON</childHeadRelationshipType></child></childs></pregnancyoutcome></pregnancyoutcomes>