<?xml version="1.0" encoding="UTF-8" standalone="no"?><regionheads><regionHeadRelationship><regionCode>7DE</regionCode><headCode>7DECR2001002</headCode><startType>NHR</startType><startDate>2024-09-16</startDate><endType>CHR</endType><endDate>2024-10-03</endDate></regionHeadRelationship><regionHeadRelationship><regionCode>7DE</regionCode><headCode>7DECR2001003</headCode><startType>NHR</startType><startDate>2024-10-04</startDate><endType>CHR</endType><endDate>2024-10-27</endDate></regionHeadRelationship><regionHeadRelationship><regionCode>7DE</regionCode><headCode>7DEEC3018001</headCode><startType>NHR</startType><startDate>2024-10-28</startDate><endType>NA</endType><endDate /></regionHeadRelationship><regionHeadRelationship><regionCode>MOM</regionCode><headCode>MOMRN3002001</headCode><startType>NHR</startType><startDate>2024-11-02</startDate><endType>NA</endType><endDate /></regionHeadRelationship></regionheads>