<?xml version="1.0" encoding="UTF-8" standalone="no"?><coreformsoptions><coreformoption><formName>rawExternalInMigration</formName><columnCode>#.education</columnCode><columnName>education</columnName><optionValue>NO_EDU</optionValue><optionLabel>No Formal Education</optionLabel><optionLabelCode>member.education.NO_EDUCATION</optionLabelCode></coreformoption><coreformoption><formName>rawExternalInMigration</formName><columnCode>#.education</columnCode><columnName>education</columnName><optionValue>EDU_01</optionValue><optionLabel>Primary Education</optionLabel><optionLabelCode>member.education.PRIMARY_EDUCATION</optionLabelCode></coreformoption><coreformoption><formName>rawExternalInMigration</formName><columnCode>#.education</columnCode><columnName>education</columnName><optionValue>EDU_02</optionValue><optionLabel>Secondary Education</optionLabel><optionLabelCode>member.education.SECONDARY_EDUCATION</optionLabelCode></coreformoption><coreformoption><formName>rawExternalInMigration</formName><columnCode>#.education</columnCode><columnName>education</columnName><optionValue>EDU_03</optionValue><optionLabel>Bachelor's Degree</optionLabel><optionLabelCode>member.education.BACHELORS_DEGRE</optionLabelCode></coreformoption><coreformoption><formName>rawExternalInMigration</formName><columnCode>#.education</columnCode><columnName>education</columnName><optionValue>EDU_04</optionValue><optionLabel>Master's Degree</optionLabel><optionLabelCode>member.education.MASTERS_DEGRE</optionLabelCode></coreformoption><coreformoption><formName>rawExternalInMigration</formName><columnCode>#.education</columnCode><columnName>education</columnName><optionValue>EDU_05</optionValue><optionLabel>Doctorate Degree</optionLabel><optionLabelCode>member.education.DOCTORATE_DEGRE</optionLabelCode></coreformoption><coreformoption><formName>rawExternalInMigration</formName><columnCode>#.education</columnCode><columnName>education</columnName><optionValue>OTHER</optionValue><optionLabel>Other</optionLabel><optionLabelCode>member.education.OTHER</optionLabelCode></coreformoption><coreformoption><formName>rawExternalInMigration</formName><columnCode>#.education</columnCode><columnName>education</columnName><optionValue>UNK</optionValue><optionLabel>Unknown</optionLabel><optionLabelCode>member.education.UNKNOWN</optionLabelCode></coreformoption><coreformoption><formName>rawExternalInMigration</formName><columnCode>#.religion</columnCode><columnName>religion</columnName><optionValue>REL_01</optionValue><optionLabel>Christian Catholic</optionLabel><optionLabelCode>member.religion.CHRISTIAN_CATHOLIC</optionLabelCode></coreformoption><coreformoption><formName>rawExternalInMigration</formName><columnCode>#.religion</columnCode><columnName>religion</columnName><optionValue>REL_02</optionValue><optionLabel>Christian Orthodox</optionLabel><optionLabelCode>member.religion.CHRISTIAN_ORTHODOX</optionLabelCode></coreformoption><coreformoption><formName>rawExternalInMigration</formName><columnCode>#.religion</columnCode><columnName>religion</columnName><optionValue>REL_03</optionValue><optionLabel>Christian Protestant</optionLabel><optionLabelCode>member.religion.CHRISTIAN_PROTESTANT</optionLabelCode></coreformoption><coreformoption><formName>rawExternalInMigration</formName><columnCode>#.religion</columnCode><columnName>religion</columnName><optionValue>REL_04</optionValue><optionLabel>Muslim</optionLabel><optionLabelCode>member.religion.MUSLIM</optionLabelCode></coreformoption><coreformoption><formName>rawExternalInMigration</formName><columnCode>#.religion</columnCode><columnName>religion</columnName><optionValue>REL_05</optionValue><optionLabel>Jewish</optionLabel><optionLabelCode>member.religion.JEWISH</optionLabelCode></coreformoption><coreformoption><formName>rawExternalInMigration</formName><columnCode>#.religion</columnCode><columnName>religion</columnName><optionValue>REL_06</optionValue><optionLabel>Hindu</optionLabel><optionLabelCode>member.religion.HINDU</optionLabelCode></coreformoption><coreformoption><formName>rawExternalInMigration</formName><columnCode>#.religion</columnCode><columnName>religion</columnName><optionValue>REL_07</optionValue><optionLabel>Buddhist</optionLabel><optionLabelCode>member.religion.BUDHIST</optionLabelCode></coreformoption><coreformoption><formName>rawExternalInMigration</formName><columnCode>#.religion</columnCode><columnName>religion</columnName><optionValue>REL_08</optionValue><optionLabel>Traditional Faith</optionLabel><optionLabelCode>member.religion.TRADITIONAL_FAITH</optionLabelCode></coreformoption><coreformoption><formName>rawExternalInMigration</formName><columnCode>#.religion</columnCode><columnName>religion</columnName><optionValue>REL_09</optionValue><optionLabel>Atheist</optionLabel><optionLabelCode>member.religion.ATHEIST</optionLabelCode></coreformoption><coreformoption><formName>rawExternalInMigration</formName><columnCode>#.religion</columnCode><columnName>religion</columnName><optionValue>NO_REL</optionValue><optionLabel>Without Religion</optionLabel><optionLabelCode>member.religion.NO_RELIGION</optionLabelCode></coreformoption><coreformoption><formName>rawExternalInMigration</formName><columnCode>#.religion</columnCode><columnName>religion</columnName><optionValue>OTHER</optionValue><optionLabel>Other religion</optionLabel><optionLabelCode>member.religion.OTHER</optionLabelCode></coreformoption><coreformoption><formName>rawExternalInMigration</formName><columnCode>#.religion</columnCode><columnName>religion</columnName><optionValue>UNK</optionValue><optionLabel>Unknown</optionLabel><optionLabelCode>member.religion.UNKNOWN</optionLabelCode></coreformoption><coreformoption><formName>rawExternalInMigration</formName><columnCode>rawExternalInMigration.migrationReason</columnCode><columnName>migrationReason</columnName><optionValue>CAME_WITH_RELATIVES</optionValue><optionLabel>Came with relative(s)</optionLabel><optionLabelCode>extInmigrationReason.came_with_relatives</optionLabelCode></coreformoption><coreformoption><formName>rawExternalInMigration</formName><columnCode>rawExternalInMigration.migrationReason</columnCode><columnName>migrationReason</columnName><optionValue>FARMING</optionValue><optionLabel>Farming</optionLabel><optionLabelCode>extInmigrationReason.farming</optionLabelCode></coreformoption><coreformoption><formName>rawExternalInMigration</formName><columnCode>rawExternalInMigration.migrationReason</columnCode><columnName>migrationReason</columnName><optionValue>MARITAL_CHANGE</optionValue><optionLabel>Change in Marital Status</optionLabel><optionLabelCode>extInmigrationReason.marital_change</optionLabelCode></coreformoption><coreformoption><formName>rawExternalInMigration</formName><columnCode>rawExternalInMigration.migrationReason</columnCode><columnName>migrationReason</columnName><optionValue>FISHING</optionValue><optionLabel>Fishing</optionLabel><optionLabelCode>extInmigrationReason.fishing</optionLabelCode></coreformoption><coreformoption><formName>rawExternalInMigration</formName><columnCode>rawExternalInMigration.migrationReason</columnCode><columnName>migrationReason</columnName><optionValue>EDUCATION</optionValue><optionLabel>Education/School</optionLabel><optionLabelCode>extInmigrationReason.education</optionLabelCode></coreformoption><coreformoption><formName>rawExternalInMigration</formName><columnCode>rawExternalInMigration.migrationReason</columnCode><columnName>migrationReason</columnName><optionValue>HEALTH_REASON</optionValue><optionLabel>Health Reasons</optionLabel><optionLabelCode>extInmigrationReason.health_reason</optionLabelCode></coreformoption><coreformoption><formName>rawExternalInMigration</formName><columnCode>rawExternalInMigration.migrationReason</columnCode><columnName>migrationReason</columnName><optionValue>WORK</optionValue><optionLabel>Work</optionLabel><optionLabelCode>extInmigrationReason.work</optionLabelCode></coreformoption><coreformoption><formName>rawExternalInMigration</formName><columnCode>rawExternalInMigration.migrationReason</columnCode><columnName>migrationReason</columnName><optionValue>NEW_HOUSE</optionValue><optionLabel>Moved to new house</optionLabel><optionLabelCode>extInmigrationReason.new_house</optionLabelCode></coreformoption><coreformoption><formName>rawExternalInMigration</formName><columnCode>rawExternalInMigration.migrationReason</columnCode><columnName>migrationReason</columnName><optionValue>OTHER</optionValue><optionLabel>Other</optionLabel><optionLabelCode>extInmigrationReason.other</optionLabelCode></coreformoption><coreformoption><formName>rawExternalInMigration</formName><columnCode>rawExternalInMigration.migrationReason</columnCode><columnName>migrationReason</columnName><optionValue>DONT_KNOW</optionValue><optionLabel>Don't know</optionLabel><optionLabelCode>extInmigrationReason.dont_know</optionLabelCode></coreformoption><coreformoption><formName>rawMemberEnu</formName><columnCode>#.education</columnCode><columnName>education</columnName><optionValue>NO_EDU</optionValue><optionLabel>No Formal Education</optionLabel><optionLabelCode>member.education.NO_EDUCATION</optionLabelCode></coreformoption><coreformoption><formName>rawMemberEnu</formName><columnCode>#.education</columnCode><columnName>education</columnName><optionValue>EDU_01</optionValue><optionLabel>Primary Education</optionLabel><optionLabelCode>member.education.PRIMARY_EDUCATION</optionLabelCode></coreformoption><coreformoption><formName>rawMemberEnu</formName><columnCode>#.education</columnCode><columnName>education</columnName><optionValue>EDU_02</optionValue><optionLabel>Secondary Education</optionLabel><optionLabelCode>member.education.SECONDARY_EDUCATION</optionLabelCode></coreformoption><coreformoption><formName>rawMemberEnu</formName><columnCode>#.education</columnCode><columnName>education</columnName><optionValue>EDU_03</optionValue><optionLabel>Bachelor's Degree</optionLabel><optionLabelCode>member.education.BACHELORS_DEGRE</optionLabelCode></coreformoption><coreformoption><formName>rawMemberEnu</formName><columnCode>#.education</columnCode><columnName>education</columnName><optionValue>EDU_04</optionValue><optionLabel>Master's Degree</optionLabel><optionLabelCode>member.education.MASTERS_DEGRE</optionLabelCode></coreformoption><coreformoption><formName>rawMemberEnu</formName><columnCode>#.education</columnCode><columnName>education</columnName><optionValue>EDU_05</optionValue><optionLabel>Doctorate Degree</optionLabel><optionLabelCode>member.education.DOCTORATE_DEGRE</optionLabelCode></coreformoption><coreformoption><formName>rawMemberEnu</formName><columnCode>#.education</columnCode><columnName>education</columnName><optionValue>OTHER</optionValue><optionLabel>Other</optionLabel><optionLabelCode>member.education.OTHER</optionLabelCode></coreformoption><coreformoption><formName>rawMemberEnu</formName><columnCode>#.education</columnCode><columnName>education</columnName><optionValue>UNK</optionValue><optionLabel>Unknown</optionLabel><optionLabelCode>member.education.UNKNOWN</optionLabelCode></coreformoption><coreformoption><formName>rawMemberEnu</formName><columnCode>#.religion</columnCode><columnName>religion</columnName><optionValue>REL_01</optionValue><optionLabel>Christian Catholic</optionLabel><optionLabelCode>member.religion.CHRISTIAN_CATHOLIC</optionLabelCode></coreformoption><coreformoption><formName>rawMemberEnu</formName><columnCode>#.religion</columnCode><columnName>religion</columnName><optionValue>REL_02</optionValue><optionLabel>Christian Orthodox</optionLabel><optionLabelCode>member.religion.CHRISTIAN_ORTHODOX</optionLabelCode></coreformoption><coreformoption><formName>rawMemberEnu</formName><columnCode>#.religion</columnCode><columnName>religion</columnName><optionValue>REL_03</optionValue><optionLabel>Christian Protestant</optionLabel><optionLabelCode>member.religion.CHRISTIAN_PROTESTANT</optionLabelCode></coreformoption><coreformoption><formName>rawMemberEnu</formName><columnCode>#.religion</columnCode><columnName>religion</columnName><optionValue>REL_04</optionValue><optionLabel>Muslim</optionLabel><optionLabelCode>member.religion.MUSLIM</optionLabelCode></coreformoption><coreformoption><formName>rawMemberEnu</formName><columnCode>#.religion</columnCode><columnName>religion</columnName><optionValue>REL_05</optionValue><optionLabel>Jewish</optionLabel><optionLabelCode>member.religion.JEWISH</optionLabelCode></coreformoption><coreformoption><formName>rawMemberEnu</formName><columnCode>#.religion</columnCode><columnName>religion</columnName><optionValue>REL_06</optionValue><optionLabel>Hindu</optionLabel><optionLabelCode>member.religion.HINDU</optionLabelCode></coreformoption><coreformoption><formName>rawMemberEnu</formName><columnCode>#.religion</columnCode><columnName>religion</columnName><optionValue>REL_07</optionValue><optionLabel>Buddhist</optionLabel><optionLabelCode>member.religion.BUDHIST</optionLabelCode></coreformoption><coreformoption><formName>rawMemberEnu</formName><columnCode>#.religion</columnCode><columnName>religion</columnName><optionValue>REL_08</optionValue><optionLabel>Traditional Faith</optionLabel><optionLabelCode>member.religion.TRADITIONAL_FAITH</optionLabelCode></coreformoption><coreformoption><formName>rawMemberEnu</formName><columnCode>#.religion</columnCode><columnName>religion</columnName><optionValue>REL_09</optionValue><optionLabel>Atheist</optionLabel><optionLabelCode>member.religion.ATHEIST</optionLabelCode></coreformoption><coreformoption><formName>rawMemberEnu</formName><columnCode>#.religion</columnCode><columnName>religion</columnName><optionValue>NO_REL</optionValue><optionLabel>Without Religion</optionLabel><optionLabelCode>member.religion.NO_RELIGION</optionLabelCode></coreformoption><coreformoption><formName>rawMemberEnu</formName><columnCode>#.religion</columnCode><columnName>religion</columnName><optionValue>OTHER</optionValue><optionLabel>Other religion</optionLabel><optionLabelCode>member.religion.OTHER</optionLabelCode></coreformoption><coreformoption><formName>rawMemberEnu</formName><columnCode>#.religion</columnCode><columnName>religion</columnName><optionValue>UNK</optionValue><optionLabel>Unknown</optionLabel><optionLabelCode>member.religion.UNKNOWN</optionLabelCode></coreformoption><coreformoption><formName>rawVisit</formName><columnCode>rawVisit.visitReason</columnCode><columnName>visitReason</columnName><optionValue>UPDATE</optionValue><optionLabel>Update Rounds</optionLabel><optionLabelCode>visitReason.update_round</optionLabelCode></coreformoption><coreformoption><formName>rawVisit</formName><columnCode>rawVisit.visitReason</columnCode><columnName>visitReason</columnName><optionValue>BASELINE</optionValue><optionLabel>Baseline Registration</optionLabel><optionLabelCode>visitReason.baseline</optionLabelCode></coreformoption><coreformoption><formName>rawVisit</formName><columnCode>rawVisit.visitReason</columnCode><columnName>visitReason</columnName><optionValue>NEW_HOUSE</optionValue><optionLabel>New Household Registration</optionLabel><optionLabelCode>visitReason.newhouse</optionLabelCode></coreformoption><coreformoption><formName>rawVisit</formName><columnCode>rawVisit.visitReason</columnCode><columnName>visitReason</columnName><optionValue>CLEAN</optionValue><optionLabel>Data Cleaning</optionLabel><optionLabelCode>visitReason.dataclean</optionLabelCode></coreformoption><coreformoption><formName>rawVisit</formName><columnCode>rawVisit.visitReason</columnCode><columnName>visitReason</columnName><optionValue>OTHER</optionValue><optionLabel>Other Reason</optionLabel><optionLabelCode>visitReason.other</optionLabelCode></coreformoption><coreformoption><formName>rawVisit</formName><columnCode>rawVisit.visitNotPossibleReason</columnCode><columnName>visitNotPossibleReason</columnName><optionValue>HOUSE_OCCUPIED</optionValue><optionLabel>Inhabited Household</optionLabel><optionLabelCode>noVisitReason.hh_occupied</optionLabelCode></coreformoption><coreformoption><formName>rawVisit</formName><columnCode>rawVisit.visitNotPossibleReason</columnCode><columnName>visitNotPossibleReason</columnName><optionValue>HOUSE_NOT_FOUND</optionValue><optionLabel>Household not found</optionLabel><optionLabelCode>noVisitReason.hh_notfound</optionLabelCode></coreformoption><coreformoption><formName>rawVisit</formName><columnCode>rawVisit.visitNotPossibleReason</columnCode><columnName>visitNotPossibleReason</columnName><optionValue>HOUSE_DESTROYED</optionValue><optionLabel>Destroyed Household</optionLabel><optionLabelCode>noVisitReason.hh_destroyed</optionLabelCode></coreformoption><coreformoption><formName>rawVisit</formName><columnCode>rawVisit.visitNotPossibleReason</columnCode><columnName>visitNotPossibleReason</columnName><optionValue>HOUSE_ABANDONED</optionValue><optionLabel>Abandoned Household</optionLabel><optionLabelCode>noVisitReason.hh_abandoned</optionLabelCode></coreformoption><coreformoption><formName>rawVisit</formName><columnCode>rawVisit.visitNotPossibleReason</columnCode><columnName>visitNotPossibleReason</columnName><optionValue>HOUSE_VACANT</optionValue><optionLabel>Uninhabited Household</optionLabel><optionLabelCode>noVisitReason.hh_vacant</optionLabelCode></coreformoption><coreformoption><formName>rawVisit</formName><columnCode>rawVisit.visitNotPossibleReason</columnCode><columnName>visitNotPossibleReason</columnName><optionValue>NO_RESPONDENT</optionValue><optionLabel>No informant</optionLabel><optionLabelCode>noVisitReason.no_respondent</optionLabelCode></coreformoption><coreformoption><formName>rawVisit</formName><columnCode>rawVisit.visitNotPossibleReason</columnCode><columnName>visitNotPossibleReason</columnName><optionValue>REFUSE</optionValue><optionLabel>Refuses to answer</optionLabel><optionLabelCode>noVisitReason.refuse</optionLabelCode></coreformoption><coreformoption><formName>rawVisit</formName><columnCode>rawVisit.visitNotPossibleReason</columnCode><columnName>visitNotPossibleReason</columnName><optionValue>OTHER</optionValue><optionLabel>Other</optionLabel><optionLabelCode>noVisitReason.other</optionLabelCode></coreformoption><coreformoption><formName>rawVisit</formName><columnCode>rawVisit.respondentRelationship</columnCode><columnName>respondentRelationship</columnName><optionValue>FIELDWORKER</optionValue><optionLabel>The Fieldworker</optionLabel><optionLabelCode>visitRespondentRelationship.fieldworker</optionLabelCode></coreformoption><coreformoption><formName>rawVisit</formName><columnCode>rawVisit.respondentRelationship</columnCode><columnName>respondentRelationship</columnName><optionValue>NEIGHBOR</optionValue><optionLabel>An Neighbor</optionLabel><optionLabelCode>visitRespondentRelationship.neighbor</optionLabelCode></coreformoption><coreformoption><formName>rawVisit</formName><columnCode>rawVisit.respondentRelationship</columnCode><columnName>respondentRelationship</columnName><optionValue>FAMILY</optionValue><optionLabel>Family Member/Friend</optionLabel><optionLabelCode>visitRespondentRelationship.family</optionLabelCode></coreformoption><coreformoption><formName>rawVisit</formName><columnCode>rawVisit.respondentRelationship</columnCode><columnName>respondentRelationship</columnName><optionValue>OTHER</optionValue><optionLabel>Other</optionLabel><optionLabelCode>visitRespondentRelationship.other</optionLabelCode></coreformoption><coreformoption><formName>rawVisit</formName><columnCode>rawVisit.visitLocation</columnCode><columnName>visitLocation</columnName><optionValue>HOME</optionValue><optionLabel>At Home</optionLabel><optionLabelCode>visitLocation.home</optionLabelCode></coreformoption><coreformoption><formName>rawVisit</formName><columnCode>rawVisit.visitLocation</columnCode><columnName>visitLocation</columnName><optionValue>WORKPLACE</optionValue><optionLabel>At Respondent Workplace</optionLabel><optionLabelCode>visitLocation.workplace</optionLabelCode></coreformoption><coreformoption><formName>rawVisit</formName><columnCode>rawVisit.visitLocation</columnCode><columnName>visitLocation</columnName><optionValue>HEALTHUNIT</optionValue><optionLabel>At Health Unit</optionLabel><optionLabelCode>visitLocation.healthunit</optionLabelCode></coreformoption><coreformoption><formName>rawVisit</formName><columnCode>rawVisit.visitLocation</columnCode><columnName>visitLocation</columnName><optionValue>OTHERPLACE</optionValue><optionLabel>Other place</optionLabel><optionLabelCode>visitLocation.other</optionLabelCode></coreformoption><coreformoption><formName>rawOutMigration</formName><columnCode>rawOutMigration.migrationReason</columnCode><columnName>migrationReason</columnName><optionValue>WENT_WITH_RELATIVES</optionValue><optionLabel>Went with relative(s)</optionLabel><optionLabelCode>outmigrationReason.went_with_relatives</optionLabelCode></coreformoption><coreformoption><formName>rawOutMigration</formName><columnCode>rawOutMigration.migrationReason</columnCode><columnName>migrationReason</columnName><optionValue>FARMING</optionValue><optionLabel>Farming</optionLabel><optionLabelCode>outmigrationReason.farming</optionLabelCode></coreformoption><coreformoption><formName>rawOutMigration</formName><columnCode>rawOutMigration.migrationReason</columnCode><columnName>migrationReason</columnName><optionValue>MARITAL_CHANGE</optionValue><optionLabel>Change in marital status</optionLabel><optionLabelCode>outmigrationReason.marital_change</optionLabelCode></coreformoption><coreformoption><formName>rawOutMigration</formName><columnCode>rawOutMigration.migrationReason</columnCode><columnName>migrationReason</columnName><optionValue>FISHING</optionValue><optionLabel>Fishing</optionLabel><optionLabelCode>outmigrationReason.fishing</optionLabelCode></coreformoption><coreformoption><formName>rawOutMigration</formName><columnCode>rawOutMigration.migrationReason</columnCode><columnName>migrationReason</columnName><optionValue>EDUCATION</optionValue><optionLabel>Education/School</optionLabel><optionLabelCode>outmigrationReason.education</optionLabelCode></coreformoption><coreformoption><formName>rawOutMigration</formName><columnCode>rawOutMigration.migrationReason</columnCode><columnName>migrationReason</columnName><optionValue>HEALTH_REASON</optionValue><optionLabel>Health reasons</optionLabel><optionLabelCode>outmigrationReason.health_reason</optionLabelCode></coreformoption><coreformoption><formName>rawOutMigration</formName><columnCode>rawOutMigration.migrationReason</columnCode><columnName>migrationReason</columnName><optionValue>WORK</optionValue><optionLabel>Work</optionLabel><optionLabelCode>outmigrationReason.work</optionLabelCode></coreformoption><coreformoption><formName>rawOutMigration</formName><columnCode>rawOutMigration.migrationReason</columnCode><columnName>migrationReason</columnName><optionValue>NEW_HOUSE</optionValue><optionLabel>Moved to new house</optionLabel><optionLabelCode>outmigrationReason.new_house</optionLabelCode></coreformoption><coreformoption><formName>rawOutMigration</formName><columnCode>rawOutMigration.migrationReason</columnCode><columnName>migrationReason</columnName><optionValue>OTHER</optionValue><optionLabel>Other</optionLabel><optionLabelCode>outmigrationReason.other</optionLabelCode></coreformoption><coreformoption><formName>rawOutMigration</formName><columnCode>rawOutMigration.migrationReason</columnCode><columnName>migrationReason</columnName><optionValue>DONT_KNOW</optionValue><optionLabel>Don't Know</optionLabel><optionLabelCode>outmigrationReason.dont_know</optionLabelCode></coreformoption><coreformoption><formName>rawIncompleteVisit</formName><columnCode>rawIncompleteVisit.reason</columnCode><columnName>reason</columnName><optionValue>UNAVAILABLE_TODAY</optionValue><optionLabel>Not available today</optionLabel><optionLabelCode>incompleteVisitReason.unavail_today</optionLabelCode></coreformoption><coreformoption><formName>rawIncompleteVisit</formName><columnCode>rawIncompleteVisit.reason</columnCode><columnName>reason</columnName><optionValue>UNAVAILABLE_ROUND</optionValue><optionLabel>Not available this round (temporarily out of the area ? away for school, work)</optionLabel><optionLabelCode>incompleteVisitReason.unavail_round</optionLabelCode></coreformoption><coreformoption><formName>rawIncompleteVisit</formName><columnCode>rawIncompleteVisit.reason</columnCode><columnName>reason</columnName><optionValue>UNWILLING</optionValue><optionLabel>Unwilling to participate this round</optionLabel><optionLabelCode>incompleteVisitReason.unwilling</optionLabelCode></coreformoption><coreformoption><formName>rawIncompleteVisit</formName><columnCode>rawIncompleteVisit.reason</columnCode><columnName>reason</columnName><optionValue>HOSPITALIZED</optionValue><optionLabel>Hospitalized</optionLabel><optionLabelCode>incompleteVisitReason.hospitalized</optionLabelCode></coreformoption><coreformoption><formName>rawIncompleteVisit</formName><columnCode>rawIncompleteVisit.reason</columnCode><columnName>reason</columnName><optionValue>RELOCATED</optionValue><optionLabel>Permanently relocated out of the study area</optionLabel><optionLabelCode>incompleteVisitReason.relocated</optionLabelCode></coreformoption><coreformoption><formName>rawIncompleteVisit</formName><columnCode>rawIncompleteVisit.reason</columnCode><columnName>reason</columnName><optionValue>WITHDREW</optionValue><optionLabel>Withdrew consent</optionLabel><optionLabelCode>incompleteVisitReason.withdrew</optionLabelCode></coreformoption><coreformoption><formName>rawIncompleteVisit</formName><columnCode>rawIncompleteVisit.reason</columnCode><columnName>reason</columnName><optionValue>DEAD</optionValue><optionLabel>Dead</optionLabel><optionLabelCode>incompleteVisitReason.dead</optionLabelCode></coreformoption><coreformoption><formName>rawIncompleteVisit</formName><columnCode>rawIncompleteVisit.reason</columnCode><columnName>reason</columnName><optionValue>OTHER</optionValue><optionLabel>Other</optionLabel><optionLabelCode>incompleteVisitReason.other</optionLabelCode></coreformoption><coreformoption><formName>rawChangeHead</formName><columnCode>rawChangeHead.reason</columnCode><columnName>reason</columnName><optionValue>RESIDENCY_CHANGE</optionValue><optionLabel>Residency Status Change</optionLabel><optionLabelCode>changeHeadReason.residency_change</optionLabelCode></coreformoption><coreformoption><formName>rawChangeHead</formName><columnCode>rawChangeHead.reason</columnCode><columnName>reason</columnName><optionValue>OLD_AGE</optionValue><optionLabel>Old age of former Head of Household</optionLabel><optionLabelCode>changeHeadReason.old_age</optionLabelCode></coreformoption><coreformoption><formName>rawChangeHead</formName><columnCode>rawChangeHead.reason</columnCode><columnName>reason</columnName><optionValue>HEAD_OUTMIGRATING</optionValue><optionLabel>The Head is Moving out</optionLabel><optionLabelCode>changeHeadReason.head_outmigrating</optionLabelCode></coreformoption><coreformoption><formName>rawChangeHead</formName><columnCode>rawChangeHead.reason</columnCode><columnName>reason</columnName><optionValue>DIVORCE</optionValue><optionLabel>Divorce or Separation</optionLabel><optionLabelCode>changeHeadReason.divorce</optionLabelCode></coreformoption><coreformoption><formName>rawChangeHead</formName><columnCode>rawChangeHead.reason</columnCode><columnName>reason</columnName><optionValue>WORK</optionValue><optionLabel>Work</optionLabel><optionLabelCode>changeHeadReason.work</optionLabelCode></coreformoption><coreformoption><formName>rawChangeHead</formName><columnCode>rawChangeHead.reason</columnCode><columnName>reason</columnName><optionValue>HEALTH_REASONS</optionValue><optionLabel>Health Reasons</optionLabel><optionLabelCode>changeHeadReason.health_reasons</optionLabelCode></coreformoption><coreformoption><formName>rawChangeHead</formName><columnCode>rawChangeHead.reason</columnCode><columnName>reason</columnName><optionValue>DEATH</optionValue><optionLabel>Death</optionLabel><optionLabelCode>changeHeadReason.death</optionLabelCode></coreformoption><coreformoption><formName>rawChangeHead</formName><columnCode>rawChangeHead.reason</columnCode><columnName>reason</columnName><optionValue>OTHER</optionValue><optionLabel>Other Reasons</optionLabel><optionLabelCode>changeHeadReason.other</optionLabelCode></coreformoption><coreformoption><formName>rawPregnancyOutcome</formName><columnCode>rawPregnancyOutcome.birthPlace</columnCode><columnName>birthPlace</columnName><optionValue>HOME</optionValue><optionLabel>Home</optionLabel><optionLabelCode>birthPlace.home</optionLabelCode></coreformoption><coreformoption><formName>rawPregnancyOutcome</formName><columnCode>rawPregnancyOutcome.birthPlace</columnCode><columnName>birthPlace</columnName><optionValue>HOSPITAL</optionValue><optionLabel>Hospital</optionLabel><optionLabelCode>birthPlace.hospital</optionLabelCode></coreformoption><coreformoption><formName>rawPregnancyOutcome</formName><columnCode>rawPregnancyOutcome.birthPlace</columnCode><columnName>birthPlace</columnName><optionValue>TRADITIONAL_MIDWIFE</optionValue><optionLabel>Traditional Birth Attendant's Home</optionLabel><optionLabelCode>birthPlace.traditional_midwife</optionLabelCode></coreformoption><coreformoption><formName>rawPregnancyOutcome</formName><columnCode>rawPregnancyOutcome.birthPlace</columnCode><columnName>birthPlace</columnName><optionValue>HEALTH_CENTER_CLINIC</optionValue><optionLabel>Health Center or Clinic</optionLabel><optionLabelCode>birthPlace.health_center_clinic</optionLabelCode></coreformoption><coreformoption><formName>rawPregnancyOutcome</formName><columnCode>rawPregnancyOutcome.birthPlace</columnCode><columnName>birthPlace</columnName><optionValue>ON_THE_WAY</optionValue><optionLabel>On the way to clinic/hospital</optionLabel><optionLabelCode>birthPlace.on_the_way</optionLabelCode></coreformoption><coreformoption><formName>rawPregnancyOutcome</formName><columnCode>rawPregnancyOutcome.birthPlace</columnCode><columnName>birthPlace</columnName><optionValue>PRIVATE_MAT_HOME</optionValue><optionLabel>Private maternity home</optionLabel><optionLabelCode>birthPlace.private_mat_home</optionLabelCode></coreformoption><coreformoption><formName>rawPregnancyOutcome</formName><columnCode>rawPregnancyOutcome.birthPlace</columnCode><columnName>birthPlace</columnName><optionValue>OTHER</optionValue><optionLabel>Other</optionLabel><optionLabelCode>birthPlace.other</optionLabelCode></coreformoption><coreformoption><formName>rawInMigration</formName><columnCode>#.education</columnCode><columnName>education</columnName><optionValue>NO_EDU</optionValue><optionLabel>No Formal Education</optionLabel><optionLabelCode>member.education.NO_EDUCATION</optionLabelCode></coreformoption><coreformoption><formName>rawInMigration</formName><columnCode>#.education</columnCode><columnName>education</columnName><optionValue>EDU_01</optionValue><optionLabel>Primary Education</optionLabel><optionLabelCode>member.education.PRIMARY_EDUCATION</optionLabelCode></coreformoption><coreformoption><formName>rawInMigration</formName><columnCode>#.education</columnCode><columnName>education</columnName><optionValue>EDU_02</optionValue><optionLabel>Secondary Education</optionLabel><optionLabelCode>member.education.SECONDARY_EDUCATION</optionLabelCode></coreformoption><coreformoption><formName>rawInMigration</formName><columnCode>#.education</columnCode><columnName>education</columnName><optionValue>EDU_03</optionValue><optionLabel>Bachelor's Degree</optionLabel><optionLabelCode>member.education.BACHELORS_DEGRE</optionLabelCode></coreformoption><coreformoption><formName>rawInMigration</formName><columnCode>#.education</columnCode><columnName>education</columnName><optionValue>EDU_04</optionValue><optionLabel>Master's Degree</optionLabel><optionLabelCode>member.education.MASTERS_DEGRE</optionLabelCode></coreformoption><coreformoption><formName>rawInMigration</formName><columnCode>#.education</columnCode><columnName>education</columnName><optionValue>EDU_05</optionValue><optionLabel>Doctorate Degree</optionLabel><optionLabelCode>member.education.DOCTORATE_DEGRE</optionLabelCode></coreformoption><coreformoption><formName>rawInMigration</formName><columnCode>#.education</columnCode><columnName>education</columnName><optionValue>OTHER</optionValue><optionLabel>Other</optionLabel><optionLabelCode>member.education.OTHER</optionLabelCode></coreformoption><coreformoption><formName>rawInMigration</formName><columnCode>#.education</columnCode><columnName>education</columnName><optionValue>UNK</optionValue><optionLabel>Unknown</optionLabel><optionLabelCode>member.education.UNKNOWN</optionLabelCode></coreformoption><coreformoption><formName>rawInMigration</formName><columnCode>#.religion</columnCode><columnName>religion</columnName><optionValue>REL_01</optionValue><optionLabel>Christian Catholic</optionLabel><optionLabelCode>member.religion.CHRISTIAN_CATHOLIC</optionLabelCode></coreformoption><coreformoption><formName>rawInMigration</formName><columnCode>#.religion</columnCode><columnName>religion</columnName><optionValue>REL_02</optionValue><optionLabel>Christian Orthodox</optionLabel><optionLabelCode>member.religion.CHRISTIAN_ORTHODOX</optionLabelCode></coreformoption><coreformoption><formName>rawInMigration</formName><columnCode>#.religion</columnCode><columnName>religion</columnName><optionValue>REL_03</optionValue><optionLabel>Christian Protestant</optionLabel><optionLabelCode>member.religion.CHRISTIAN_PROTESTANT</optionLabelCode></coreformoption><coreformoption><formName>rawInMigration</formName><columnCode>#.religion</columnCode><columnName>religion</columnName><optionValue>REL_04</optionValue><optionLabel>Muslim</optionLabel><optionLabelCode>member.religion.MUSLIM</optionLabelCode></coreformoption><coreformoption><formName>rawInMigration</formName><columnCode>#.religion</columnCode><columnName>religion</columnName><optionValue>REL_05</optionValue><optionLabel>Jewish</optionLabel><optionLabelCode>member.religion.JEWISH</optionLabelCode></coreformoption><coreformoption><formName>rawInMigration</formName><columnCode>#.religion</columnCode><columnName>religion</columnName><optionValue>REL_06</optionValue><optionLabel>Hindu</optionLabel><optionLabelCode>member.religion.HINDU</optionLabelCode></coreformoption><coreformoption><formName>rawInMigration</formName><columnCode>#.religion</columnCode><columnName>religion</columnName><optionValue>REL_07</optionValue><optionLabel>Buddhist</optionLabel><optionLabelCode>member.religion.BUDHIST</optionLabelCode></coreformoption><coreformoption><formName>rawInMigration</formName><columnCode>#.religion</columnCode><columnName>religion</columnName><optionValue>REL_08</optionValue><optionLabel>Traditional Faith</optionLabel><optionLabelCode>member.religion.TRADITIONAL_FAITH</optionLabelCode></coreformoption><coreformoption><formName>rawInMigration</formName><columnCode>#.religion</columnCode><columnName>religion</columnName><optionValue>REL_09</optionValue><optionLabel>Atheist</optionLabel><optionLabelCode>member.religion.ATHEIST</optionLabelCode></coreformoption><coreformoption><formName>rawInMigration</formName><columnCode>#.religion</columnCode><columnName>religion</columnName><optionValue>NO_REL</optionValue><optionLabel>Without Religion</optionLabel><optionLabelCode>member.religion.NO_RELIGION</optionLabelCode></coreformoption><coreformoption><formName>rawInMigration</formName><columnCode>#.religion</columnCode><columnName>religion</columnName><optionValue>OTHER</optionValue><optionLabel>Other religion</optionLabel><optionLabelCode>member.religion.OTHER</optionLabelCode></coreformoption><coreformoption><formName>rawInMigration</formName><columnCode>#.religion</columnCode><columnName>religion</columnName><optionValue>UNK</optionValue><optionLabel>Unknown</optionLabel><optionLabelCode>member.religion.UNKNOWN</optionLabelCode></coreformoption><coreformoption><formName>rawInMigration</formName><columnCode>rawInMigration.migrationReason</columnCode><columnName>migrationReason</columnName><optionValue>CAME_WITH_RELATIVES</optionValue><optionLabel>Came with relative(s)</optionLabel><optionLabelCode>inmigrationReason.came_with_relatives</optionLabelCode></coreformoption><coreformoption><formName>rawInMigration</formName><columnCode>rawInMigration.migrationReason</columnCode><columnName>migrationReason</columnName><optionValue>FARMING</optionValue><optionLabel>Farming</optionLabel><optionLabelCode>inmigrationReason.farming</optionLabelCode></coreformoption><coreformoption><formName>rawInMigration</formName><columnCode>rawInMigration.migrationReason</columnCode><columnName>migrationReason</columnName><optionValue>MARITAL_CHANGE</optionValue><optionLabel>Change in marital status</optionLabel><optionLabelCode>inmigrationReason.marital_change</optionLabelCode></coreformoption><coreformoption><formName>rawInMigration</formName><columnCode>rawInMigration.migrationReason</columnCode><columnName>migrationReason</columnName><optionValue>FISHING</optionValue><optionLabel>Fishing</optionLabel><optionLabelCode>inmigrationReason.fishing</optionLabelCode></coreformoption><coreformoption><formName>rawInMigration</formName><columnCode>rawInMigration.migrationReason</columnCode><columnName>migrationReason</columnName><optionValue>EDUCATION</optionValue><optionLabel>Education/School</optionLabel><optionLabelCode>inmigrationReason.education</optionLabelCode></coreformoption><coreformoption><formName>rawInMigration</formName><columnCode>rawInMigration.migrationReason</columnCode><columnName>migrationReason</columnName><optionValue>HEALTH_REASON</optionValue><optionLabel>Health reasons</optionLabel><optionLabelCode>inmigrationReason.health_reason</optionLabelCode></coreformoption><coreformoption><formName>rawInMigration</formName><columnCode>rawInMigration.migrationReason</columnCode><columnName>migrationReason</columnName><optionValue>WORK</optionValue><optionLabel>Work</optionLabel><optionLabelCode>inmigrationReason.work</optionLabelCode></coreformoption><coreformoption><formName>rawInMigration</formName><columnCode>rawInMigration.migrationReason</columnCode><columnName>migrationReason</columnName><optionValue>NEW_HOUSE</optionValue><optionLabel>Moved to new house</optionLabel><optionLabelCode>inmigrationReason.new_house</optionLabelCode></coreformoption><coreformoption><formName>rawInMigration</formName><columnCode>rawInMigration.migrationReason</columnCode><columnName>migrationReason</columnName><optionValue>OTHER</optionValue><optionLabel>Other</optionLabel><optionLabelCode>inmigrationReason.other</optionLabelCode></coreformoption><coreformoption><formName>rawInMigration</formName><columnCode>rawInMigration.migrationReason</columnCode><columnName>migrationReason</columnName><optionValue>DONT_KNOW</optionValue><optionLabel>Don't know</optionLabel><optionLabelCode>inmigrationReason.dont_know</optionLabelCode></coreformoption><coreformoption><formName>rawDeath</formName><columnCode>rawDeath.deathCause</columnCode><columnName>deathCause</columnName><optionValue>MALARIA</optionValue><optionLabel>Malaria</optionLabel><optionLabelCode>deathCause.malaria</optionLabelCode></coreformoption><coreformoption><formName>rawDeath</formName><columnCode>rawDeath.deathCause</columnCode><columnName>deathCause</columnName><optionValue>HIV_AIDS</optionValue><optionLabel>HIV/AIDS</optionLabel><optionLabelCode>deathCause.hiv_aids</optionLabelCode></coreformoption><coreformoption><formName>rawDeath</formName><columnCode>rawDeath.deathCause</columnCode><columnName>deathCause</columnName><optionValue>TB</optionValue><optionLabel>TB</optionLabel><optionLabelCode>deathCause.tb</optionLabelCode></coreformoption><coreformoption><formName>rawDeath</formName><columnCode>rawDeath.deathCause</columnCode><columnName>deathCause</columnName><optionValue>OTHER_VB_INFECTION</optionValue><optionLabel>Other viral/bacterial infection</optionLabel><optionLabelCode>deathCause.other_vb_infection</optionLabelCode></coreformoption><coreformoption><formName>rawDeath</formName><columnCode>rawDeath.deathCause</columnCode><columnName>deathCause</columnName><optionValue>ACCIDENT</optionValue><optionLabel>Accident</optionLabel><optionLabelCode>deathCause.accident</optionLabelCode></coreformoption><coreformoption><formName>rawDeath</formName><columnCode>rawDeath.deathCause</columnCode><columnName>deathCause</columnName><optionValue>CRIME</optionValue><optionLabel>Crime</optionLabel><optionLabelCode>deathCause.crime</optionLabelCode></coreformoption><coreformoption><formName>rawDeath</formName><columnCode>rawDeath.deathCause</columnCode><columnName>deathCause</columnName><optionValue>AGE</optionValue><optionLabel>Old age</optionLabel><optionLabelCode>deathCause.age</optionLabelCode></coreformoption><coreformoption><formName>rawDeath</formName><columnCode>rawDeath.deathCause</columnCode><columnName>deathCause</columnName><optionValue>UNKNOWN</optionValue><optionLabel>Unknown</optionLabel><optionLabelCode>deathCause.unknown</optionLabelCode></coreformoption><coreformoption><formName>rawDeath</formName><columnCode>rawDeath.deathCause</columnCode><columnName>deathCause</columnName><optionValue>OTHER</optionValue><optionLabel>Other</optionLabel><optionLabelCode>deathCause.other</optionLabelCode></coreformoption><coreformoption><formName>rawDeath</formName><columnCode>rawDeath.deathCause</columnCode><columnName>deathCause</columnName><optionValue>DONT_KNOW</optionValue><optionLabel>Don't know</optionLabel><optionLabelCode>deathCause.dont_know</optionLabelCode></coreformoption><coreformoption><formName>rawDeath</formName><columnCode>rawDeath.deathPlace</columnCode><columnName>deathPlace</columnName><optionValue>HOME</optionValue><optionLabel>Home</optionLabel><optionLabelCode>deathPlace.home</optionLabelCode></coreformoption><coreformoption><formName>rawDeath</formName><columnCode>rawDeath.deathPlace</columnCode><columnName>deathPlace</columnName><optionValue>HOSPITAL</optionValue><optionLabel>Hospital</optionLabel><optionLabelCode>deathPlace.hospital</optionLabelCode></coreformoption><coreformoption><formName>rawDeath</formName><columnCode>rawDeath.deathPlace</columnCode><columnName>deathPlace</columnName><optionValue>HEALTH_CENTER</optionValue><optionLabel>Health Centre or Clinic</optionLabel><optionLabelCode>deathPlace.health_center</optionLabelCode></coreformoption><coreformoption><formName>rawDeath</formName><columnCode>rawDeath.deathPlace</columnCode><columnName>deathPlace</columnName><optionValue>TRAD_HEALER</optionValue><optionLabel>Traditional healer's home</optionLabel><optionLabelCode>deathPlace.trad_healer</optionLabelCode></coreformoption><coreformoption><formName>rawDeath</formName><columnCode>rawDeath.deathPlace</columnCode><columnName>deathPlace</columnName><optionValue>PRIVATE_MAT_HOME</optionValue><optionLabel>Private Maternity Home</optionLabel><optionLabelCode>deathPlace.private_mat_home</optionLabelCode></coreformoption><coreformoption><formName>rawDeath</formName><columnCode>rawDeath.deathPlace</columnCode><columnName>deathPlace</columnName><optionValue>OTHER</optionValue><optionLabel>Other</optionLabel><optionLabelCode>deathPlace.other</optionLabelCode></coreformoption></coreformsoptions>