<?xml version="1.0" encoding="UTF-8" standalone="no"?><coreformsoptions><coreformoption><formName>rawExternalInMigration</formName><columnName>education</columnName><optionValue>NO_EDU</optionValue><optionLabel>No Formal Education</optionLabel><optionLabelCode>member.education.NO_EDUCATION</optionLabelCode></coreformoption><coreformoption><formName>rawExternalInMigration</formName><columnName>education</columnName><optionValue>EDU_01</optionValue><optionLabel>Primary Education</optionLabel><optionLabelCode>member.education.PRIMARY_EDUCATION</optionLabelCode></coreformoption><coreformoption><formName>rawExternalInMigration</formName><columnName>education</columnName><optionValue>EDU_02</optionValue><optionLabel>Secondary Education</optionLabel><optionLabelCode>member.education.SECONDARY_EDUCATION</optionLabelCode></coreformoption><coreformoption><formName>rawExternalInMigration</formName><columnName>education</columnName><optionValue>EDU_03</optionValue><optionLabel>Bachelor's Degree</optionLabel><optionLabelCode>member.education.BACHELORS_DEGRE</optionLabelCode></coreformoption><coreformoption><formName>rawExternalInMigration</formName><columnName>education</columnName><optionValue>EDU_04</optionValue><optionLabel>Master's Degree</optionLabel><optionLabelCode>member.education.MASTERS_DEGRE</optionLabelCode></coreformoption><coreformoption><formName>rawExternalInMigration</formName><columnName>education</columnName><optionValue>EDU_05</optionValue><optionLabel>Doctorate Degree</optionLabel><optionLabelCode>member.education.DOCTORATE_DEGRE</optionLabelCode></coreformoption><coreformoption><formName>rawExternalInMigration</formName><columnName>education</columnName><optionValue>OTHER</optionValue><optionLabel>Other</optionLabel><optionLabelCode>member.education.OTHER</optionLabelCode></coreformoption><coreformoption><formName>rawExternalInMigration</formName><columnName>education</columnName><optionValue>UNK</optionValue><optionLabel>Unknown</optionLabel><optionLabelCode>member.education.UNKNOWN</optionLabelCode></coreformoption><coreformoption><formName>rawExternalInMigration</formName><columnName>religion</columnName><optionValue>REL_01</optionValue><optionLabel>Christian Catholic</optionLabel><optionLabelCode>member.religion.CHRISTIAN_CATHOLIC</optionLabelCode></coreformoption><coreformoption><formName>rawExternalInMigration</formName><columnName>religion</columnName><optionValue>REL_02</optionValue><optionLabel>Christian Orthodox</optionLabel><optionLabelCode>member.religion.CHRISTIAN_ORTHODOX</optionLabelCode></coreformoption><coreformoption><formName>rawExternalInMigration</formName><columnName>religion</columnName><optionValue>REL_03</optionValue><optionLabel>Christian Protestant</optionLabel><optionLabelCode>member.religion.CHRISTIAN_PROTESTANT</optionLabelCode></coreformoption><coreformoption><formName>rawExternalInMigration</formName><columnName>religion</columnName><optionValue>REL_04</optionValue><optionLabel>Muslim</optionLabel><optionLabelCode>member.religion.MUSLIM</optionLabelCode></coreformoption><coreformoption><formName>rawExternalInMigration</formName><columnName>religion</columnName><optionValue>REL_05</optionValue><optionLabel>Jewish</optionLabel><optionLabelCode>member.religion.JEWISH</optionLabelCode></coreformoption><coreformoption><formName>rawExternalInMigration</formName><columnName>religion</columnName><optionValue>REL_06</optionValue><optionLabel>Hindu</optionLabel><optionLabelCode>member.religion.HINDU</optionLabelCode></coreformoption><coreformoption><formName>rawExternalInMigration</formName><columnName>religion</columnName><optionValue>REL_07</optionValue><optionLabel>Buddhist</optionLabel><optionLabelCode>member.religion.BUDHIST</optionLabelCode></coreformoption><coreformoption><formName>rawExternalInMigration</formName><columnName>religion</columnName><optionValue>REL_08</optionValue><optionLabel>Traditional Faith</optionLabel><optionLabelCode>member.religion.TRADITIONAL_FAITH</optionLabelCode></coreformoption><coreformoption><formName>rawExternalInMigration</formName><columnName>religion</columnName><optionValue>REL_09</optionValue><optionLabel>Atheist</optionLabel><optionLabelCode>member.religion.ATHEIST</optionLabelCode></coreformoption><coreformoption><formName>rawExternalInMigration</formName><columnName>religion</columnName><optionValue>NO_REL</optionValue><optionLabel>Without Religion</optionLabel><optionLabelCode>member.religion.NO_RELIGION</optionLabelCode></coreformoption><coreformoption><formName>rawExternalInMigration</formName><columnName>religion</columnName><optionValue>OTHER</optionValue><optionLabel>Other religion</optionLabel><optionLabelCode>member.religion.OTHER</optionLabelCode></coreformoption><coreformoption><formName>rawExternalInMigration</formName><columnName>religion</columnName><optionValue>UNK</optionValue><optionLabel>Unknown</optionLabel><optionLabelCode>member.religion.UNKNOWN</optionLabelCode></coreformoption><coreformoption><formName>rawMemberEnu</formName><columnName>education</columnName><optionValue>NO_EDU</optionValue><optionLabel>No Formal Education</optionLabel><optionLabelCode>member.education.NO_EDUCATION</optionLabelCode></coreformoption><coreformoption><formName>rawMemberEnu</formName><columnName>education</columnName><optionValue>EDU_01</optionValue><optionLabel>Primary Education</optionLabel><optionLabelCode>member.education.PRIMARY_EDUCATION</optionLabelCode></coreformoption><coreformoption><formName>rawMemberEnu</formName><columnName>education</columnName><optionValue>EDU_02</optionValue><optionLabel>Secondary Education</optionLabel><optionLabelCode>member.education.SECONDARY_EDUCATION</optionLabelCode></coreformoption><coreformoption><formName>rawMemberEnu</formName><columnName>education</columnName><optionValue>EDU_03</optionValue><optionLabel>Bachelor's Degree</optionLabel><optionLabelCode>member.education.BACHELORS_DEGRE</optionLabelCode></coreformoption><coreformoption><formName>rawMemberEnu</formName><columnName>education</columnName><optionValue>EDU_04</optionValue><optionLabel>Master's Degree</optionLabel><optionLabelCode>member.education.MASTERS_DEGRE</optionLabelCode></coreformoption><coreformoption><formName>rawMemberEnu</formName><columnName>education</columnName><optionValue>EDU_05</optionValue><optionLabel>Doctorate Degree</optionLabel><optionLabelCode>member.education.DOCTORATE_DEGRE</optionLabelCode></coreformoption><coreformoption><formName>rawMemberEnu</formName><columnName>education</columnName><optionValue>OTHER</optionValue><optionLabel>Other</optionLabel><optionLabelCode>member.education.OTHER</optionLabelCode></coreformoption><coreformoption><formName>rawMemberEnu</formName><columnName>education</columnName><optionValue>UNK</optionValue><optionLabel>Unknown</optionLabel><optionLabelCode>member.education.UNKNOWN</optionLabelCode></coreformoption><coreformoption><formName>rawMemberEnu</formName><columnName>religion</columnName><optionValue>REL_01</optionValue><optionLabel>Christian Catholic</optionLabel><optionLabelCode>member.religion.CHRISTIAN_CATHOLIC</optionLabelCode></coreformoption><coreformoption><formName>rawMemberEnu</formName><columnName>religion</columnName><optionValue>REL_02</optionValue><optionLabel>Christian Orthodox</optionLabel><optionLabelCode>member.religion.CHRISTIAN_ORTHODOX</optionLabelCode></coreformoption><coreformoption><formName>rawMemberEnu</formName><columnName>religion</columnName><optionValue>REL_03</optionValue><optionLabel>Christian Protestant</optionLabel><optionLabelCode>member.religion.CHRISTIAN_PROTESTANT</optionLabelCode></coreformoption><coreformoption><formName>rawMemberEnu</formName><columnName>religion</columnName><optionValue>REL_04</optionValue><optionLabel>Muslim</optionLabel><optionLabelCode>member.religion.MUSLIM</optionLabelCode></coreformoption><coreformoption><formName>rawMemberEnu</formName><columnName>religion</columnName><optionValue>REL_05</optionValue><optionLabel>Jewish</optionLabel><optionLabelCode>member.religion.JEWISH</optionLabelCode></coreformoption><coreformoption><formName>rawMemberEnu</formName><columnName>religion</columnName><optionValue>REL_06</optionValue><optionLabel>Hindu</optionLabel><optionLabelCode>member.religion.HINDU</optionLabelCode></coreformoption><coreformoption><formName>rawMemberEnu</formName><columnName>religion</columnName><optionValue>REL_07</optionValue><optionLabel>Buddhist</optionLabel><optionLabelCode>member.religion.BUDHIST</optionLabelCode></coreformoption><coreformoption><formName>rawMemberEnu</formName><columnName>religion</columnName><optionValue>REL_08</optionValue><optionLabel>Traditional Faith</optionLabel><optionLabelCode>member.religion.TRADITIONAL_FAITH</optionLabelCode></coreformoption><coreformoption><formName>rawMemberEnu</formName><columnName>religion</columnName><optionValue>REL_09</optionValue><optionLabel>Atheist</optionLabel><optionLabelCode>member.religion.ATHEIST</optionLabelCode></coreformoption><coreformoption><formName>rawMemberEnu</formName><columnName>religion</columnName><optionValue>NO_REL</optionValue><optionLabel>Without Religion</optionLabel><optionLabelCode>member.religion.NO_RELIGION</optionLabelCode></coreformoption><coreformoption><formName>rawMemberEnu</formName><columnName>religion</columnName><optionValue>OTHER</optionValue><optionLabel>Other religion</optionLabel><optionLabelCode>member.religion.OTHER</optionLabelCode></coreformoption><coreformoption><formName>rawMemberEnu</formName><columnName>religion</columnName><optionValue>UNK</optionValue><optionLabel>Unknown</optionLabel><optionLabelCode>member.religion.UNKNOWN</optionLabelCode></coreformoption><coreformoption><formName>rawInMigration</formName><columnName>education</columnName><optionValue>NO_EDU</optionValue><optionLabel>No Formal Education</optionLabel><optionLabelCode>member.education.NO_EDUCATION</optionLabelCode></coreformoption><coreformoption><formName>rawInMigration</formName><columnName>education</columnName><optionValue>EDU_01</optionValue><optionLabel>Primary Education</optionLabel><optionLabelCode>member.education.PRIMARY_EDUCATION</optionLabelCode></coreformoption><coreformoption><formName>rawInMigration</formName><columnName>education</columnName><optionValue>EDU_02</optionValue><optionLabel>Secondary Education</optionLabel><optionLabelCode>member.education.SECONDARY_EDUCATION</optionLabelCode></coreformoption><coreformoption><formName>rawInMigration</formName><columnName>education</columnName><optionValue>EDU_03</optionValue><optionLabel>Bachelor's Degree</optionLabel><optionLabelCode>member.education.BACHELORS_DEGRE</optionLabelCode></coreformoption><coreformoption><formName>rawInMigration</formName><columnName>education</columnName><optionValue>EDU_04</optionValue><optionLabel>Master's Degree</optionLabel><optionLabelCode>member.education.MASTERS_DEGRE</optionLabelCode></coreformoption><coreformoption><formName>rawInMigration</formName><columnName>education</columnName><optionValue>EDU_05</optionValue><optionLabel>Doctorate Degree</optionLabel><optionLabelCode>member.education.DOCTORATE_DEGRE</optionLabelCode></coreformoption><coreformoption><formName>rawInMigration</formName><columnName>education</columnName><optionValue>OTHER</optionValue><optionLabel>Other</optionLabel><optionLabelCode>member.education.OTHER</optionLabelCode></coreformoption><coreformoption><formName>rawInMigration</formName><columnName>education</columnName><optionValue>UNK</optionValue><optionLabel>Unknown</optionLabel><optionLabelCode>member.education.UNKNOWN</optionLabelCode></coreformoption><coreformoption><formName>rawInMigration</formName><columnName>religion</columnName><optionValue>REL_01</optionValue><optionLabel>Christian Catholic</optionLabel><optionLabelCode>member.religion.CHRISTIAN_CATHOLIC</optionLabelCode></coreformoption><coreformoption><formName>rawInMigration</formName><columnName>religion</columnName><optionValue>REL_02</optionValue><optionLabel>Christian Orthodox</optionLabel><optionLabelCode>member.religion.CHRISTIAN_ORTHODOX</optionLabelCode></coreformoption><coreformoption><formName>rawInMigration</formName><columnName>religion</columnName><optionValue>REL_03</optionValue><optionLabel>Christian Protestant</optionLabel><optionLabelCode>member.religion.CHRISTIAN_PROTESTANT</optionLabelCode></coreformoption><coreformoption><formName>rawInMigration</formName><columnName>religion</columnName><optionValue>REL_04</optionValue><optionLabel>Muslim</optionLabel><optionLabelCode>member.religion.MUSLIM</optionLabelCode></coreformoption><coreformoption><formName>rawInMigration</formName><columnName>religion</columnName><optionValue>REL_05</optionValue><optionLabel>Jewish</optionLabel><optionLabelCode>member.religion.JEWISH</optionLabelCode></coreformoption><coreformoption><formName>rawInMigration</formName><columnName>religion</columnName><optionValue>REL_06</optionValue><optionLabel>Hindu</optionLabel><optionLabelCode>member.religion.HINDU</optionLabelCode></coreformoption><coreformoption><formName>rawInMigration</formName><columnName>religion</columnName><optionValue>REL_07</optionValue><optionLabel>Buddhist</optionLabel><optionLabelCode>member.religion.BUDHIST</optionLabelCode></coreformoption><coreformoption><formName>rawInMigration</formName><columnName>religion</columnName><optionValue>REL_08</optionValue><optionLabel>Traditional Faith</optionLabel><optionLabelCode>member.religion.TRADITIONAL_FAITH</optionLabelCode></coreformoption><coreformoption><formName>rawInMigration</formName><columnName>religion</columnName><optionValue>REL_09</optionValue><optionLabel>Atheist</optionLabel><optionLabelCode>member.religion.ATHEIST</optionLabelCode></coreformoption><coreformoption><formName>rawInMigration</formName><columnName>religion</columnName><optionValue>NO_REL</optionValue><optionLabel>Without Religion</optionLabel><optionLabelCode>member.religion.NO_RELIGION</optionLabelCode></coreformoption><coreformoption><formName>rawInMigration</formName><columnName>religion</columnName><optionValue>OTHER</optionValue><optionLabel>Other religion</optionLabel><optionLabelCode>member.religion.OTHER</optionLabelCode></coreformoption><coreformoption><formName>rawInMigration</formName><columnName>religion</columnName><optionValue>UNK</optionValue><optionLabel>Unknown</optionLabel><optionLabelCode>member.religion.UNKNOWN</optionLabelCode></coreformoption></coreformsoptions>