sample_id,individualId,type,idstatus,statusdescription,,,,,,,,,,,
E200015-A,CHGGY1002001,Whole Blood,2,Pre-linked,,,,,,,,,,,
F200015-A,CHGGY1002001,Filter Paper 1,2,Pre-linked,,,,,,,,,,,
G200015-A,CHGGY1002001,Filter Paper 2,2,Pre-linked,,,,,,,,,,,
H200015-A,CHGGY1002001,Filter Paper-3,2,Pre-linked,,,,,,,,,,,
R200015-A,CHGGY1002001,RNA,2,Pre-linked,,,,,,,,,,,
S200015-A,CHGGY1002001,Serum,2,Pre-linked,,,,,,,,,,2,Pre-linked
E200016-A,CHGGY1002002,Whole Blood,2,Pre-linked,,,,,,,,,,1,Non-linked but now used
F200016-A,CHGGY1002002,Filter Paper 1,2,Pre-linked,,,,,,,,,,,
G200016-A,CHGGY1002002,Filter Paper 2,2,Pre-linked,,,,,,,,,,0,Non-linked and not used
H200016-A,CHGGY1002002,Filter Paper-3,2,Pre-linked,,,,,,,,,,0,Non-linked and not used
R200016-A,CHGGY1002002,RNA,2,Pre-linked,,,,,,,,,,0,Non-linked and not used
S200016-A,CHGGY1002002,Serum,2,Pre-linked,,,,,,,,,,,
E200019-A,CHGGY1002003,Whole Blood,2,Pre-linked,,,,,,,,,,,
F200019-A,CHGGY1002003,Filter Paper 1,2,Pre-linked,,,,,,,,,,,
G200019-A,CHGGY1002003,Filter Paper 2,2,Pre-linked,,,,,,,,,,,
H200019-A,CHGGY1002003,Filter Paper-3,2,Pre-linked,,,,,,,,,,,
R200019-A,CHGGY1002003,RNA,2,Pre-linked,,,,,,,,,,,
S200019-A,CHGGY1002003,Serum,2,Pre-linked,,,,,,,,,,,
E200020-A,CHGGY1002004,Whole Blood,2,Pre-linked,,,,,,,,,,,
F200020-A,CHGGY1002004,Filter Paper 1,2,Pre-linked,,,,,,,,,,,
G200020-A,CHGGY1002004,Filter Paper 2,2,Pre-linked,,,,,,,,,,,
H200020-A,CHGGY1002004,Filter Paper-3,2,Pre-linked,,,,,,,,,,,
R200020-A,CHGGY1002004,RNA,2,Pre-linked,,,,,,,,,,,
S200020-A,CHGGY1002004,Serum,2,Pre-linked,,,,,,,,,,,
E200021-A,CHGGY1002005,Whole Blood,2,Pre-linked,,,,,,,,,,,
F200021-A,CHGGY1002005,Filter Paper 1,2,Pre-linked,,,,,,,,,,,
G200021-A,CHGGY1002005,Filter Paper 2,2,Pre-linked,,,,,,,,,,,
H200021-A,CHGGY1002005,Filter Paper-3,2,Pre-linked,,,,,,,,,,,
R200021-A,CHGGY1002005,RNA,2,Pre-linked,,,,,,,,,,,
S200021-A,CHGGY1002005,Serum,2,Pre-linked,,,,,,,,,,,
E200023-A,CHGGY1003001,Whole Blood,2,Pre-linked,,,,,,,,,,,
F200023-A,CHGGY1003001,Filter Paper 1,2,Pre-linked,,,,,,,,,,,
G200023-A,CHGGY1003001,Filter Paper 2,2,Pre-linked,,,,,,,,,,,
H200023-A,CHGGY1003001,Filter Paper-3,2,Pre-linked,,,,,,,,,,,
R200023-A,CHGGY1003001,RNA,2,Pre-linked,,,,,,,,,,,
S200023-A,CHGGY1003001,Serum,2,Pre-linked,,,,,,,,,,,
E200024-A,CHGGY1003002,Whole Blood,2,Pre-linked,,,,,,,,,,,
F200024-A,CHGGY1003002,Filter Paper 1,2,Pre-linked,,,,,,,,,,,
G200024-A,CHGGY1003002,Filter Paper 2,2,Pre-linked,,,,,,,,,,,
H200024-A,CHGGY1003002,Filter Paper-3,2,Pre-linked,,,,,,,,,,,
R200024-A,CHGGY1003002,RNA,2,Pre-linked,,,,,,,,,,,
S200024-A,CHGGY1003002,Serum,2,Pre-linked,,,,,,,,,,,
E200025-A,CHGGY1003003,Whole Blood,2,Pre-linked,,,,,,,,,,,
F200025-A,CHGGY1003003,Filter Paper 1,2,Pre-linked,,,,,,,,,,,
G200025-A,CHGGY1003003,Filter Paper 2,2,Pre-linked,,,,,,,,,,,
H200025-A,CHGGY1003003,Filter Paper-3,2,Pre-linked,,,,,,,,,,,
R200025-A,CHGGY1003003,RNA,2,Pre-linked,,,,,,,,,,,
S200025-A,CHGGY1003003,Serum,2,Pre-linked,,,,,,,,,,,
E200027-A,CHGGY1003004,Whole Blood,2,Pre-linked,,,,,,,,,,,
F200027-A,CHGGY1003004,Filter Paper 1,2,Pre-linked,,,,,,,,,,,
G200027-A,CHGGY1003004,Filter Paper 2,2,Pre-linked,,,,,,,,,,,
H200027-A,CHGGY1003004,Filter Paper-3,2,Pre-linked,,,,,,,,,,,
R200027-A,CHGGY1003004,RNA,2,Pre-linked,,,,,,,,,,,
S200027-A,CHGGY1003004,Serum,2,Pre-linked,,,,,,,,,,,
E200028-A,CHGGY1003005,Whole Blood,2,Pre-linked,,,,,,,,,,,
F200028-A,CHGGY1003005,Filter Paper 1,2,Pre-linked,,,,,,,,,,,
G200028-A,CHGGY1003005,Filter Paper 2,2,Pre-linked,,,,,,,,,,,
H200028-A,CHGGY1003005,Filter Paper-3,2,Pre-linked,,,,,,,,,,,
R200028-A,CHGGY1003005,RNA,2,Pre-linked,,,,,,,,,,,
S200028-A,CHGGY1003005,Serum,2,Pre-linked,,,,,,,,,,,
E200029-A,CHGGY1003006,Whole Blood,2,Pre-linked,,,,,,,,,,,
F200029-A,CHGGY1003006,Filter Paper 1,2,Pre-linked,,,,,,,,,,,
G200029-A,CHGGY1003006,Filter Paper 2,2,Pre-linked,,,,,,,,,,,
H200029-A,CHGGY1003006,Filter Paper-3,2,Pre-linked,,,,,,,,,,,
R200029-A,CHGGY1003006,RNA,2,Pre-linked,,,,,,,,,,,
S200029-A,CHGGY1003006,Serum,2,Pre-linked,,,,,,,,,,,
E200031-A,CHGGY1004001,Whole Blood,2,Pre-linked,,,,,,,,,,,
F200031-A,CHGGY1004001,Filter Paper 1,2,Pre-linked,,,,,,,,,,,
G200031-A,CHGGY1004001,Filter Paper 2,2,Pre-linked,,,,,,,,,,,
H200031-A,CHGGY1004001,Filter Paper-3,2,Pre-linked,,,,,,,,,,,
R200031-A,CHGGY1004001,RNA,2,Pre-linked,,,,,,,,,,,
S200031-A,CHGGY1004001,Serum,2,Pre-linked,,,,,,,,,,,
E200033-A,CHGGY1004002,Whole Blood,2,Pre-linked,,,,,,,,,,,
F200033-A,CHGGY1004002,Filter Paper 1,2,Pre-linked,,,,,,,,,,,
G200033-A,CHGGY1004002,Filter Paper 2,2,Pre-linked,,,,,,,,,,,
H200033-A,CHGGY1004002,Filter Paper-3,2,Pre-linked,,,,,,,,,,,
R200033-A,CHGGY1004002,RNA,2,Pre-linked,,,,,,,,,,,
S200033-A,CHGGY1004002,Serum,2,Pre-linked,,,,,,,,,,,
E200034-A,CHGGY1004003,Whole Blood,2,Pre-linked,,,,,,,,,,,
F200034-A,CHGGY1004003,Filter Paper 1,2,Pre-linked,,,,,,,,,,,
G200034-A,CHGGY1004003,Filter Paper 2,2,Pre-linked,,,,,,,,,,,
H200034-A,CHGGY1004003,Filter Paper-3,2,Pre-linked,,,,,,,,,,,
R200034-A,CHGGY1004003,RNA,2,Pre-linked,,,,,,,,,,,
S200034-A,CHGGY1004003,Serum,2,Pre-linked,,,,,,,,,,,
E200035-A,CHGGY1004004,Whole Blood,2,Pre-linked,,,,,,,,,,,
F200035-A,CHGGY1004004,Filter Paper 1,2,Pre-linked,,,,,,,,,,,
G200035-A,CHGGY1004004,Filter Paper 2,2,Pre-linked,,,,,,,,,,,
H200035-A,CHGGY1004004,Filter Paper-3,2,Pre-linked,,,,,,,,,,,
R200035-A,CHGGY1004004,RNA,2,Pre-linked,,,,,,,,,,,
S200035-A,CHGGY1004004,Serum,2,Pre-linked,,,,,,,,,,,
E200038-A,CHGGY1005001,Whole Blood,2,Pre-linked,,,,,,,,,,,
F200038-A,CHGGY1005001,Filter Paper 1,2,Pre-linked,,,,,,,,,,,
G200038-A,CHGGY1005001,Filter Paper 2,2,Pre-linked,,,,,,,,,,,
H200038-A,CHGGY1005001,Filter Paper-3,2,Pre-linked,,,,,,,,,,,
R200038-A,CHGGY1005001,RNA,2,Pre-linked,,,,,,,,,,,
S200038-A,CHGGY1005001,Serum,2,Pre-linked,,,,,,,,,,,
E200039-A,CHGGY1005002,Whole Blood,2,Pre-linked,,,,,,,,,,,
F200039-A,CHGGY1005002,Filter Paper 1,2,Pre-linked,,,,,,,,,,,
G200039-A,CHGGY1005002,Filter Paper 2,2,Pre-linked,,,,,,,,,,,
H200039-A,CHGGY1005002,Filter Paper-3,2,Pre-linked,,,,,,,,,,,
R200039-A,CHGGY1005002,RNA,2,Pre-linked,,,,,,,,,,,
S200039-A,CHGGY1005002,Serum,2,Pre-linked,,,,,,,,,,,
E200041-A,CHGGY1005003,Whole Blood,2,Pre-linked,,,,,,,,,,,
F200041-A,CHGGY1005003,Filter Paper 1,2,Pre-linked,,,,,,,,,,,
G200041-A,CHGGY1005003,Filter Paper 2,2,Pre-linked,,,,,,,,,,,
H200041-A,CHGGY1005003,Filter Paper-3,2,Pre-linked,,,,,,,,,,,
R200041-A,CHGGY1005003,RNA,2,Pre-linked,,,,,,,,,,,
S200041-A,CHGGY1005003,Serum,2,Pre-linked,,,,,,,,,,,
E200042-A,CHGGY1005004,Whole Blood,2,Pre-linked,,,,,,,,,,,
F200042-A,CHGGY1005004,Filter Paper 1,2,Pre-linked,,,,,,,,,,,
G200042-A,CHGGY1005004,Filter Paper 2,2,Pre-linked,,,,,,,,,,,
H200042-A,CHGGY1005004,Filter Paper-3,2,Pre-linked,,,,,,,,,,,
R200042-A,CHGGY1005004,RNA,2,Pre-linked,,,,,,,,,,,
S200042-A,CHGGY1005004,Serum,2,Pre-linked,,,,,,,,,,,
E200043-A,CHGGY1005005,Whole Blood,2,Pre-linked,,,,,,,,,,,
F200043-A,CHGGY1005005,Filter Paper 1,2,Pre-linked,,,,,,,,,,,
G200043-A,CHGGY1005005,Filter Paper 2,2,Pre-linked,,,,,,,,,,,
H200043-A,CHGGY1005005,Filter Paper-3,2,Pre-linked,,,,,,,,,,,
R200043-A,CHGGY1005005,RNA,2,Pre-linked,,,,,,,,,,,
S200043-A,CHGGY1005005,Serum,2,Pre-linked,,,,,,,,,,,
E200044-A,CHGGY1005006,Whole Blood,2,Pre-linked,,,,,,,,,,,
F200044A,CHGGY1005006,Filter Paper 1,2,Pre-linked,,,,,,,,,,,
G200044-A,CHGGY1005006,Filter Paper 2,2,Pre-linked,,,,,,,,,,,
H200044-A,CHGGY1005006,Filter Paper-3,2,Pre-linked,,,,,,,,,,,
R200044-A,CHGGY1005006,RNA,2,Pre-linked,,,,,,,,,,,
S200044-A,CHGGY1005006,Serum,2,Pre-linked,,,,,,,,,,,
E200045-A,CHGGY1006001,Whole Blood,2,Pre-linked,,,,,,,,,,,
F200045-A,CHGGY1006001,Filter Paper 1,1,Pre-linked,,,,,,,,,,,
G200045-A,CHGGY1006001,Filter Paper 2,2,Pre-linked,,,,,,,,,,,
H200045-A,CHGGY1006001,Filter Paper-3,2,Pre-linked,,,,,,,,,,,
R200045-A,CHGGY1006001,RNA,2,Pre-linked,,,,,,,,,,,
S200045-A,CHGGY1006001,Serum,2,Pre-linked,,,,,,,,,,,
E200047-A,CHGGY1006002,Whole Blood,2,Pre-linked,,,,,,,,,,,
F200047-A,CHGGY1006002,Filter Paper 1,2,Pre-linked,,,,,,,,,,,
G200047-A,CHGGY1006002,Filter Paper 2,2,Pre-linked,,,,,,,,,,,
H200047-A,CHGGY1006002,Filter Paper-3,2,Pre-linked,,,,,,,,,,,
R200047-A,CHGGY1006002,RNA,2,Pre-linked,,,,,,,,,,,
S200047-A,CHGGY1006002,Serum,2,Pre-linked,,,,,,,,,,,
E200048-A,CHGGY1006003,Whole Blood,2,Pre-linked,,,,,,,,,,,
F200048-A,CHGGY1006003,Filter Paper 1,2,Pre-linked,,,,,,,,,,,
G200048-A,CHGGY1006003,Filter Paper 2,2,Pre-linked,,,,,,,,,,,
H200048-A,CHGGY1006003,Filter Paper-3,2,Pre-linked,,,,,,,,,,,
R200048-A,CHGGY1006003,RNA,2,Pre-linked,,,,,,,,,,,
S200048-A,CHGGY1006003,Serum,2,Pre-linked,,,,,,,,,,,
E200049-A,CHGGY1006004,Whole Blood,2,Pre-linked,,,,,,,,,,,
F200049-A,CHGGY1006004,Filter Paper 1,2,Pre-linked,,,,,,,,,,,
G200049-A,CHGGY1006004,Filter Paper 2,2,Pre-linked,,,,,,,,,,,
H200049-A,CHGGY1006004,Filter Paper-3,2,Pre-linked,,,,,,,,,,,
R200049-A,CHGGY1006004,RNA,2,Pre-linked,,,,,,,,,,,
S200049-A,CHGGY1006004,Serum,2,Pre-linked,,,,,,,,,,,
E200052-A,CHGGY1006005,Whole Blood,2,Pre-linked,,,,,,,,,,,
F200052-A,CHGGY1006005,Filter Paper 1,2,Pre-linked,,,,,,,,,,,
G200052-A,CHGGY1006005,Filter Paper 2,2,Pre-linked,,,,,,,,,,,
H200052-A,CHGGY1006005,Filter Paper-3,2,Pre-linked,,,,,,,,,,,
R200052-A,CHGGY1006005,RNA,2,Pre-linked,,,,,,,,,,,
S200052-A,CHGGY1006005,Serum,2,Pre-linked,,,,,,,,,,,
E200053-A,CHGGY1006006,Whole Blood,2,Pre-linked,,,,,,,,,,,
F200053-A,CHGGY1006006,Filter Paper 1,1,Pre-linked,,,,,,,,,,,
G200053-A,CHGGY1006006,Filter Paper 2,2,Pre-linked,,,,,,,,,,,
H200053-A,CHGGY1006006,Filter Paper-3,2,Pre-linked,,,,,,,,,,,
R200053-A,CHGGY1006006,RNA,2,Pre-linked,,,,,,,,,,,
S200053-A,CHGGY1006006,Serum,2,Pre-linked,,,,,,,,,,,
E200001-C,JOWAF1001001,Whole Blood,2,Pre-linked,,,,,,,,,,,
F200001-C,JOWAF1001001,Filter Paper 1,2,Pre-linked,,,,,,,,,,,
G200001-C,JOWAF1001001,Filter Paper 2,2,Pre-linked,,,,,,,,,,,
H200001-C,JOWAF1001001,Filter Paper-3,2,Pre-linked,,,,,,,,,,,
R200001-C,JOWAF1001001,RNA,2,Pre-linked,,,,,,,,,,,
S200001-C,JOWAF1001001,Serum,2,Pre-linked,,,,,,,,,,,
E200002-C,JOWAF1001002,Whole Blood,2,Pre-linked,,,,,,,,,,,
F200002-C,JOWAF1001002,Filter Paper 1,2,Pre-linked,,,,,,,,,,,
G200002-C,JOWAF1001002,Filter Paper 2,2,Pre-linked,,,,,,,,,,,
H200002-C,JOWAF1001002,Filter Paper-3,2,Pre-linked,,,,,,,,,,,
R200002-C,JOWAF1001002,RNA,2,Pre-linked,,,,,,,,,,,
S200002-C,JOWAF1001002,Serum,2,Pre-linked,,,,,,,,,,,
E200003-C,JOWAF1003001,Whole Blood,2,Pre-linked,,,,,,,,,,,
F200003-C,JOWAF1003001,Filter Paper 1,2,Pre-linked,,,,,,,,,,,
G200003-C,JOWAF1003001,Filter Paper 2,2,Pre-linked,,,,,,,,,,,
H200003-C,JOWAF1003001,Filter Paper-3,2,Pre-linked,,,,,,,,,,,
R200003-C,JOWAF1003001,RNA,2,Pre-linked,,,,,,,,,,,
S200003-C,JOWAF1003001,Serum,2,Pre-linked,,,,,,,,,,,
E200004-C,JOWAF1003002,Whole Blood,2,Pre-linked,,,,,,,,,,,
F200004-C,JOWAF1003002,Filter Paper 1,2,Pre-linked,,,,,,,,,,,
G200004-C,JOWAF1003002,Filter Paper 2,2,Pre-linked,,,,,,,,,,,
H200004-C,JOWAF1003002,Filter Paper-3,2,Pre-linked,,,,,,,,,,,
R200004-C,JOWAF1003002,RNA,2,Pre-linked,,,,,,,,,,,
S200004-C,JOWAF1003002,Serum,2,Pre-linked,,,,,,,,,,,
E200005-C,JOWAF1008001,Whole Blood,2,Pre-linked,,,,,,,,,,,
F200005-C,JOWAF1008001,Filter Paper 1,2,Pre-linked,,,,,,,,,,,
G200005-C,JOWAF1008001,Filter Paper 2,2,Pre-linked,,,,,,,,,,,
H200005-C,JOWAF1008001,Filter Paper-3,2,Pre-linked,,,,,,,,,,,
R200005-C,JOWAF1008001,RNA,2,Pre-linked,,,,,,,,,,,
S200005-C,JOWAF1008001,Serum,2,Pre-linked,,,,,,,,,,,
E200006-C,JOWAF1008002,Whole Blood,2,Pre-linked,,,,,,,,,,,
F200006-C,JOWAF1008002,Filter Paper 1,2,Pre-linked,,,,,,,,,,,
G200006-C,JOWAF1008002,Filter Paper 2,2,Pre-linked,,,,,,,,,,,
H200006-C,JOWAF1008002,Filter Paper-3,2,Pre-linked,,,,,,,,,,,
R200006-C,JOWAF1008002,RNA,2,Pre-linked,,,,,,,,,,,
S200006-C,JOWAF1008002,Serum,2,Pre-linked,,,,,,,,,,,
E200007-C,JOWAF1008003,Whole Blood,2,Pre-linked,,,,,,,,,,,
F200007-C,JOWAF1008003,Filter Paper 1,2,Pre-linked,,,,,,,,,,,
G200007-C,JOWAF1008003,Filter Paper 2,2,Pre-linked,,,,,,,,,,,
H200007-C,JOWAF1008003,Filter Paper-3,2,Pre-linked,,,,,,,,,,,
R200007-C,JOWAF1008003,RNA,2,Pre-linked,,,,,,,,,,,
S200007-C,JOWAF1008003,Serum,2,Pre-linked,,,,,,,,,,,
E200008-C,JOWAF1020001,Whole Blood,2,Pre-linked,,,,,,,,,,,
F200008-C,JOWAF1020001,Filter Paper 1,2,Pre-linked,,,,,,,,,,,
G200008-C,JOWAF1020001,Filter Paper 2,2,Pre-linked,,,,,,,,,,,
H200008-C,JOWAF1020001,Filter Paper-3,2,Pre-linked,,,,,,,,,,,
R200008-C,JOWAF1020001,RNA,2,Pre-linked,,,,,,,,,,,
S200008-C,JOWAF1020001,Serum,2,Pre-linked,,,,,,,,,,,
E200009-C,JOWAF1020002,Whole Blood,2,Pre-linked,,,,,,,,,,,
F200009-C,JOWAF1020002,Filter Paper 1,2,Pre-linked,,,,,,,,,,,
G200009-C,JOWAF1020002,Filter Paper 2,2,Pre-linked,,,,,,,,,,,
H200009-C,JOWAF1020002,Filter Paper-3,2,Pre-linked,,,,,,,,,,,
R200009-C,JOWAF1020002,RNA,2,Pre-linked,,,,,,,,,,,
S200009-C,JOWAF1020002,Serum,2,Pre-linked,,,,,,,,,,,
E200010-C,JOWAF1023001,Whole Blood,2,Pre-linked,,,,,,,,,,,
F200010-C,JOWAF1023001,Filter Paper 1,2,Pre-linked,,,,,,,,,,,
G200010-C,JOWAF1023001,Filter Paper 2,2,Pre-linked,,,,,,,,,,,
H200010-C,JOWAF1023001,Filter Paper-3,2,Pre-linked,,,,,,,,,,,
R200010-C,JOWAF1023001,RNA,2,Pre-linked,,,,,,,,,,,
S200010-C,JOWAF1023001,Serum,2,Pre-linked,,,,,,,,,,,
E200011-C,JOWAF1023002,Whole Blood,2,Pre-linked,,,,,,,,,,,
F200011-C,JOWAF1023002,Filter Paper 1,2,Pre-linked,,,,,,,,,,,
G200011-C,JOWAF1023002,Filter Paper 2,2,Pre-linked,,,,,,,,,,,
H200011-C,JOWAF1023002,Filter Paper-3,2,Pre-linked,,,,,,,,,,,
R200011-C,JOWAF1023002,RNA,2,Pre-linked,,,,,,,,,,,
S200011-C,JOWAF1023002,Serum,2,Pre-linked,,,,,,,,,,,
E200012-C,JOWAF1024001,Whole Blood,2,Pre-linked,,,,,,,,,,,
F200012-C,JOWAF1024001,Filter Paper 1,2,Pre-linked,,,,,,,,,,,
G200012-C,JOWAF1024001,Filter Paper 2,2,Pre-linked,,,,,,,,,,,
H200012-C,JOWAF1024001,Filter Paper-3,2,Pre-linked,,,,,,,,,,,
R200012-C,JOWAF1024001,RNA,2,Pre-linked,,,,,,,,,,,
S200012-C,JOWAF1024001,Serum,2,Pre-linked,,,,,,,,,,,
E200013-C,JOWAF1024002,Whole Blood,2,Pre-linked,,,,,,,,,,,
F200013-C,JOWAF1024002,Filter Paper 1,2,Pre-linked,,,,,,,,,,,
G200013-C,JOWAF1024002,Filter Paper 2,2,Pre-linked,,,,,,,,,,,
H200013-C,JOWAF1024002,Filter Paper-3,2,Pre-linked,,,,,,,,,,,
R200013-C,JOWAF1024002,RNA,2,Pre-linked,,,,,,,,,,,
S200013-C,JOWAF1024002,Serum,2,Pre-linked,,,,,,,,,,,
E200014-C,JOWAF1024003,Whole Blood,2,Pre-linked,,,,,,,,,,,
F200014-C,JOWAF1024003,Filter Paper 1,2,Pre-linked,,,,,,,,,,,
G200014-C,JOWAF1024003,Filter Paper 2,2,Pre-linked,,,,,,,,,,,
H200014-C,JOWAF1024003,Filter Paper-3,2,Pre-linked,,,,,,,,,,,
R200014-C,JOWAF1024003,RNA,2,Pre-linked,,,,,,,,,,,
S200014-C,JOWAF1024003,Serum,2,Pre-linked,,,,,,,,,,,
E200015-C,JOWAF1024004,Whole Blood,2,Pre-linked,,,,,,,,,,,
F200015-C,JOWAF1024004,Filter Paper 1,2,Pre-linked,,,,,,,,,,,
G200015-C,JOWAF1024004,Filter Paper 2,2,Pre-linked,,,,,,,,,,,
H200015-C,JOWAF1024004,Filter Paper-3,2,Pre-linked,,,,,,,,,,,
R200015-C,JOWAF1024004,RNA,2,Pre-linked,,,,,,,,,,,
S200015-C,JOWAF1024004,Serum,2,Pre-linked,,,,,,,,,,,
E200016-C,JOWAF1025001,Whole Blood,2,Pre-linked,,,,,,,,,,,
F200016-C,JOWAF1025001,Filter Paper 1,2,Pre-linked,,,,,,,,,,,
G200016-C,JOWAF1025001,Filter Paper 2,2,Pre-linked,,,,,,,,,,,
H200016-C,JOWAF1025001,Filter Paper-3,2,Pre-linked,,,,,,,,,,,
R200016-C,JOWAF1025001,RNA,2,Pre-linked,,,,,,,,,,,
S200016-C,JOWAF1025001,Serum,2,Pre-linked,,,,,,,,,,,
E200017-C,JOWAF1025002,Whole Blood,2,Pre-linked,,,,,,,,,,,
F200017-C,JOWAF1025002,Filter Paper 1,2,Pre-linked,,,,,,,,,,,
G200017-C,JOWAF1025002,Filter Paper 2,2,Pre-linked,,,,,,,,,,,
H200017-C,JOWAF1025002,Filter Paper-3,2,Pre-linked,,,,,,,,,,,
R200017-C,JOWAF1025002,RNA,2,Pre-linked,,,,,,,,,,,
S200017-C,JOWAF1025002,Serum,2,Pre-linked,,,,,,,,,,,
E200018-C,JOWAF1025003,Whole Blood,2,Pre-linked,,,,,,,,,,,
F200018-C,JOWAF1025003,Filter Paper 1,2,Pre-linked,,,,,,,,,,,
G200018-C,JOWAF1025003,Filter Paper 2,2,Pre-linked,,,,,,,,,,,
H200018-C,JOWAF1025003,Filter Paper-3,2,Pre-linked,,,,,,,,,,,
R200018-C,JOWAF1025003,RNA,2,Pre-linked,,,,,,,,,,,
S200018-C,JOWAF1025003,Serum,2,Pre-linked,,,,,,,,,,,
E200019-C,JOWAF1026001,Whole Blood,2,Pre-linked,,,,,,,,,,,
F200019-C,JOWAF1026001,Filter Paper 1,2,Pre-linked,,,,,,,,,,,
G200019-C,JOWAF1026001,Filter Paper 2,2,Pre-linked,,,,,,,,,,,
H200019-C,JOWAF1026001,Filter Paper-3,2,Pre-linked,,,,,,,,,,,
R200019-C,JOWAF1026001,RNA,2,Pre-linked,,,,,,,,,,,
S200019-C,JOWAF1026001,Serum,2,Pre-linked,,,,,,,,,,,
E200020-C,JOWAF1026002,Whole Blood,2,Pre-linked,,,,,,,,,,,
F200020-C,JOWAF1026002,Filter Paper 1,2,Pre-linked,,,,,,,,,,,
G200020-C,JOWAF1026002,Filter Paper 2,2,Pre-linked,,,,,,,,,,,
H200020-C,JOWAF1026002,Filter Paper-3,2,Pre-linked,,,,,,,,,,,
R200020-C,JOWAF1026002,RNA,2,Pre-linked,,,,,,,,,,,
S200020-C,JOWAF1026002,Serum,2,Pre-linked,,,,,,,,,,,
E200021-C,JOWAF1026003,Whole Blood,2,Pre-linked,,,,,,,,,,,
F200021-C,JOWAF1026003,Filter Paper 1,2,Pre-linked,,,,,,,,,,,
G200021-C,JOWAF1026003,Filter Paper 2,2,Pre-linked,,,,,,,,,,,
H200021-C,JOWAF1026003,Filter Paper-3,2,Pre-linked,,,,,,,,,,,
R200021-C,JOWAF1026003,RNA,2,Pre-linked,,,,,,,,,,,
S200021-C,JOWAF1026003,Serum,2,Pre-linked,,,,,,,,,,,
E200022-C,JOWAF1026004,Whole Blood,2,Pre-linked,,,,,,,,,,,
F200022-C,JOWAF1026004,Filter Paper 1,2,Pre-linked,,,,,,,,,,,
G200022-C,JOWAF1026004,Filter Paper 2,2,Pre-linked,,,,,,,,,,,
H200022-C,JOWAF1026004,Filter Paper-3,2,Pre-linked,,,,,,,,,,,
R200022-C,JOWAF1026004,RNA,2,Pre-linked,,,,,,,,,,,
S200022-C,JOWAF1026004,Serum,2,Pre-linked,,,,,,,,,,,
E200023-C,JOWAF1026005,Whole Blood,2,Pre-linked,,,,,,,,,,,
F200023-C,JOWAF1026005,Filter Paper 1,2,Pre-linked,,,,,,,,,,,
G200023-C,JOWAF1026005,Filter Paper 2,2,Pre-linked,,,,,,,,,,,
H200023-C,JOWAF1026005,Filter Paper-3,2,Pre-linked,,,,,,,,,,,
R200023-C,JOWAF1026005,RNA,2,Pre-linked,,,,,,,,,,,
S200023-C,JOWAF1026005,Serum,2,Pre-linked,,,,,,,,,,,
E200024-C,JOWAF1027001,Whole Blood,2,Pre-linked,,,,,,,,,,,
F200024-C,JOWAF1027001,Filter Paper 1,2,Pre-linked,,,,,,,,,,,
G200024-C,JOWAF1027001,Filter Paper 2,2,Pre-linked,,,,,,,,,,,
H200024-C,JOWAF1027001,Filter Paper-3,2,Pre-linked,,,,,,,,,,,
R200024-C,JOWAF1027001,RNA,2,Pre-linked,,,,,,,,,,,
S200024-C,JOWAF1027001,Serum,2,Pre-linked,,,,,,,,,,,
E200025-C,JOWAF1027002,Whole Blood,2,Pre-linked,,,,,,,,,,,
F200025-C,JOWAF1027002,Filter Paper 1,2,Pre-linked,,,,,,,,,,,
G200025-C,JOWAF1027002,Filter Paper 2,2,Pre-linked,,,,,,,,,,,
H200025-C,JOWAF1027002,Filter Paper-3,2,Pre-linked,,,,,,,,,,,
R200025-C,JOWAF1027002,RNA,2,Pre-linked,,,,,,,,,,,
S200025-C,JOWAF1027002,Serum,2,Pre-linked,,,,,,,,,,,
E200026-C,JOWAF1027003,Whole Blood,2,Pre-linked,,,,,,,,,,,
F200026-C,JOWAF1027003,Filter Paper 1,2,Pre-linked,,,,,,,,,,,
G200026-C,JOWAF1027003,Filter Paper 2,2,Pre-linked,,,,,,,,,,,
H200026-C,JOWAF1027003,Filter Paper-3,2,Pre-linked,,,,,,,,,,,
R200026-C,JOWAF1027003,RNA,2,Pre-linked,,,,,,,,,,,
S200026-C,JOWAF1027003,Serum,2,Pre-linked,,,,,,,,,,,
E200027-C,JOWAF1027004,Whole Blood,2,Pre-linked,,,,,,,,,,,
F200027-C,JOWAF1027004,Filter Paper 1,2,Pre-linked,,,,,,,,,,,
G200027-C,JOWAF1027004,Filter Paper 2,2,Pre-linked,,,,,,,,,,,
H200027-C,JOWAF1027004,Filter Paper-3,2,Pre-linked,,,,,,,,,,,
R200027-C,JOWAF1027004,RNA,2,Pre-linked,,,,,,,,,,,
S200027-C,JOWAF1027004,Serum,2,Pre-linked,,,,,,,,,,,
E200028-C,JOWAF1027005,Whole Blood,2,Pre-linked,,,,,,,,,,,
F200028-C,JOWAF1027005,Filter Paper 1,2,Pre-linked,,,,,,,,,,,
G200028-C,JOWAF1027005,Filter Paper 2,2,Pre-linked,,,,,,,,,,,
H200028-C,JOWAF1027005,Filter Paper-3,2,Pre-linked,,,,,,,,,,,
R200028-C,JOWAF1027005,RNA,2,Pre-linked,,,,,,,,,,,
S200028-C,JOWAF1027005,Serum,2,Pre-linked,,,,,,,,,,,
E200029-C,JOWAF1028001,Whole Blood,2,Pre-linked,,,,,,,,,,,
F200029-C,JOWAF1028001,Filter Paper 1,2,Pre-linked,,,,,,,,,,,
G200029-C,JOWAF1028001,Filter Paper 2,2,Pre-linked,,,,,,,,,,,
H200029-C,JOWAF1028001,Filter Paper-3,2,Pre-linked,,,,,,,,,,,
R200029-C,JOWAF1028001,RNA,2,Pre-linked,,,,,,,,,,,
S200029-C,JOWAF1028001,Serum,2,Pre-linked,,,,,,,,,,,
E200030-C,JOWAF1028002,Whole Blood,2,Pre-linked,,,,,,,,,,,
F200030-C,JOWAF1028002,Filter Paper 1,2,Pre-linked,,,,,,,,,,,
G200030-C,JOWAF1028002,Filter Paper 2,2,Pre-linked,,,,,,,,,,,
H200030-C,JOWAF1028002,Filter Paper-3,2,Pre-linked,,,,,,,,,,,
R200030-C,JOWAF1028002,RNA,2,Pre-linked,,,,,,,,,,,
S200030-C,JOWAF1028002,Serum,2,Pre-linked,,,,,,,,,,,
E200031-C,JOWAF1028003,Whole Blood,2,Pre-linked,,,,,,,,,,,
F200031-C,JOWAF1028003,Filter Paper 1,2,Pre-linked,,,,,,,,,,,
G200031-C,JOWAF1028003,Filter Paper 2,2,Pre-linked,,,,,,,,,,,
H200031-C,JOWAF1028003,Filter Paper-3,2,Pre-linked,,,,,,,,,,,
R200031-C,JOWAF1028003,RNA,2,Pre-linked,,,,,,,,,,,
S200031-C,JOWAF1028003,Serum,2,Pre-linked,,,,,,,,,,,
E200032-C,JOWAF1028004,Whole Blood,2,Pre-linked,,,,,,,,,,,
F200032-C,JOWAF1028004,Filter Paper 1,2,Pre-linked,,,,,,,,,,,
G200032-C,JOWAF1028004,Filter Paper 2,2,Pre-linked,,,,,,,,,,,
H200032-C,JOWAF1028004,Filter Paper-3,2,Pre-linked,,,,,,,,,,,
R200032-C,JOWAF1028004,RNA,2,Pre-linked,,,,,,,,,,,
S200032-C,JOWAF1028004,Serum,2,Pre-linked,,,,,,,,,,,
E200033-C,JOWAW1001001,Whole Blood,2,Pre-linked,,,,,,,,,,,
F200033-C,JOWAW1001001,Filter Paper 1,2,Pre-linked,,,,,,,,,,,
G200033-C,JOWAW1001001,Filter Paper 2,2,Pre-linked,,,,,,,,,,,
H200033-C,JOWAW1001001,Filter Paper-3,2,Pre-linked,,,,,,,,,,,
R200033-C,JOWAW1001001,RNA,2,Pre-linked,,,,,,,,,,,
S200033-C,JOWAW1001001,Serum,2,Pre-linked,,,,,,,,,,,
E200034-C,JOWAW1001002,Whole Blood,2,Pre-linked,,,,,,,,,,,
F200034-C,JOWAW1001002,Filter Paper 1,2,Pre-linked,,,,,,,,,,,
G200034-C,JOWAW1001002,Filter Paper 2,2,Pre-linked,,,,,,,,,,,
H200034-C,JOWAW1001002,Filter Paper-3,2,Pre-linked,,,,,,,,,,,
R200034-C,JOWAW1001002,RNA,2,Pre-linked,,,,,,,,,,,
S200034-C,JOWAW1001002,Serum,2,Pre-linked,,,,,,,,,,,
E200035-C,JOWAW1001003,Whole Blood,2,Pre-linked,,,,,,,,,,,
F200035-C,JOWAW1001003,Filter Paper 1,2,Pre-linked,,,,,,,,,,,
G200035-C,JOWAW1001003,Filter Paper 2,2,Pre-linked,,,,,,,,,,,
H200035-C,JOWAW1001003,Filter Paper-3,2,Pre-linked,,,,,,,,,,,
R200035-C,JOWAW1001003,RNA,2,Pre-linked,,,,,,,,,,,
S200035-C,JOWAW1001003,Serum,2,Pre-linked,,,,,,,,,,,
E200036-C,JOWAW1001004,Whole Blood,2,Pre-linked,,,,,,,,,,,
F200036-C,JOWAW1001004,Filter Paper 1,2,Pre-linked,,,,,,,,,,,
G200036-C,JOWAW1001004,Filter Paper 2,2,Pre-linked,,,,,,,,,,,
H200036-C,JOWAW1001004,Filter Paper-3,2,Pre-linked,,,,,,,,,,,
R200036-C,JOWAW1001004,RNA,2,Pre-linked,,,,,,,,,,,
S200036-C,JOWAW1001004,Serum,2,Pre-linked,,,,,,,,,,,
E200037-C,JOWAW1002001,Whole Blood,2,Pre-linked,,,,,,,,,,,
F200037-C,JOWAW1002001,Filter Paper 1,2,Pre-linked,,,,,,,,,,,
G200037-C,JOWAW1002001,Filter Paper 2,2,Pre-linked,,,,,,,,,,,
H200037-C,JOWAW1002001,Filter Paper-3,2,Pre-linked,,,,,,,,,,,
R200037-C,JOWAW1002001,RNA,2,Pre-linked,,,,,,,,,,,
S200037-C,JOWAW1002001,Serum,2,Pre-linked,,,,,,,,,,,
E200038-C,JOWAW1002002,Whole Blood,2,Pre-linked,,,,,,,,,,,
F200038-C,JOWAW1002002,Filter Paper 1,2,Pre-linked,,,,,,,,,,,
G200038-C,JOWAW1002002,Filter Paper 2,2,Pre-linked,,,,,,,,,,,
H200038-C,JOWAW1002002,Filter Paper-3,2,Pre-linked,,,,,,,,,,,
R200038-C,JOWAW1002002,RNA,2,Pre-linked,,,,,,,,,,,
S200038-C,JOWAW1002002,Serum,2,Pre-linked,,,,,,,,,,,
E200039-C,JOWAW1002003,Whole Blood,2,Pre-linked,,,,,,,,,,,
F200039-C,JOWAW1002003,Filter Paper 1,2,Pre-linked,,,,,,,,,,,
G200039-C,JOWAW1002003,Filter Paper 2,2,Pre-linked,,,,,,,,,,,
H200039-C,JOWAW1002003,Filter Paper-3,2,Pre-linked,,,,,,,,,,,
R200039-C,JOWAW1002003,RNA,2,Pre-linked,,,,,,,,,,,
S200039-C,JOWAW1002003,Serum,2,Pre-linked,,,,,,,,,,,
E200040-C,JOWAW1003001,Whole Blood,2,Pre-linked,,,,,,,,,,,
F200040-C,JOWAW1003001,Filter Paper 1,2,Pre-linked,,,,,,,,,,,
G200040-C,JOWAW1003001,Filter Paper 2,2,Pre-linked,,,,,,,,,,,
H200040-C,JOWAW1003001,Filter Paper-3,2,Pre-linked,,,,,,,,,,,
R200040-C,JOWAW1003001,RNA,2,Pre-linked,,,,,,,,,,,
S200040-C,JOWAW1003001,Serum,2,Pre-linked,,,,,,,,,,,
E200041-C,JOWAW1003002,Whole Blood,2,Pre-linked,,,,,,,,,,,
F200041-C,JOWAW1003002,Filter Paper 1,2,Pre-linked,,,,,,,,,,,
G200041-C,JOWAW1003002,Filter Paper 2,2,Pre-linked,,,,,,,,,,,
H200041-C,JOWAW1003002,Filter Paper-3,2,Pre-linked,,,,,,,,,,,
R200041-C,JOWAW1003002,RNA,2,Pre-linked,,,,,,,,,,,
S200041-C,JOWAW1003002,Serum,2,Pre-linked,,,,,,,,,,,
E200042-C,JOWAW1003003,Whole Blood,2,Pre-linked,,,,,,,,,,,
F200042-C,JOWAW1003003,Filter Paper 1,2,Pre-linked,,,,,,,,,,,
G200042-C,JOWAW1003003,Filter Paper 2,2,Pre-linked,,,,,,,,,,,
H200042-C,JOWAW1003003,Filter Paper-3,2,Pre-linked,,,,,,,,,,,
R200042-C,JOWAW1003003,RNA,2,Pre-linked,,,,,,,,,,,
S200042-C,JOWAW1003003,Serum,2,Pre-linked,,,,,,,,,,,
E200043-C,JOWAW1003004,Whole Blood,2,Pre-linked,,,,,,,,,,,
F200043-C,JOWAW1003004,Filter Paper 1,2,Pre-linked,,,,,,,,,,,
G200043-C,JOWAW1003004,Filter Paper 2,2,Pre-linked,,,,,,,,,,,
H200043-C,JOWAW1003004,Filter Paper-3,2,Pre-linked,,,,,,,,,,,
R200043-C,JOWAW1003004,RNA,2,Pre-linked,,,,,,,,,,,
S200043-C,JOWAW1003004,Serum,2,Pre-linked,,,,,,,,,,,
E200044-C,JOWAW1004001,Whole Blood,2,Pre-linked,,,,,,,,,,,
F200044-C,JOWAW1004001,Filter Paper 1,2,Pre-linked,,,,,,,,,,,
G200044-C,JOWAW1004001,Filter Paper 2,2,Pre-linked,,,,,,,,,,,
H200044-C,JOWAW1004001,Filter Paper-3,2,Pre-linked,,,,,,,,,,,
R200044-C,JOWAW1004001,RNA,2,Pre-linked,,,,,,,,,,,
S200044-C,JOWAW1004001,Serum,2,Pre-linked,,,,,,,,,,,
E200045-C,JOWAW1004002,Whole Blood,2,Pre-linked,,,,,,,,,,,
F200045-C,JOWAW1004002,Filter Paper 1,2,Pre-linked,,,,,,,,,,,
G200045-C,JOWAW1004002,Filter Paper 2,2,Pre-linked,,,,,,,,,,,
H200045-C,JOWAW1004002,Filter Paper-3,2,Pre-linked,,,,,,,,,,,
R200045-C,JOWAW1004002,RNA,2,Pre-linked,,,,,,,,,,,
S200045-C,JOWAW1004002,Serum,2,Pre-linked,,,,,,,,,,,
E200046-C,JOWAW1004003,Whole Blood,2,Pre-linked,,,,,,,,,,,
F200046-C,JOWAW1004003,Filter Paper 1,2,Pre-linked,,,,,,,,,,,
G200046-C,JOWAW1004003,Filter Paper 2,2,Pre-linked,,,,,,,,,,,
H200046-C,JOWAW1004003,Filter Paper-3,2,Pre-linked,,,,,,,,,,,
R200046-C,JOWAW1004003,RNA,2,Pre-linked,,,,,,,,,,,
S200046-C,JOWAW1004003,Serum,2,Pre-linked,,,,,,,,,,,
E200047-C,JOWAW1004004,Whole Blood,2,Pre-linked,,,,,,,,,,,
F200047-C,JOWAW1004004,Filter Paper 1,2,Pre-linked,,,,,,,,,,,
G200047-C,JOWAW1004004,Filter Paper 2,2,Pre-linked,,,,,,,,,,,
H200047-C,JOWAW1004004,Filter Paper-3,2,Pre-linked,,,,,,,,,,,
R200047-C,JOWAW1004004,RNA,2,Pre-linked,,,,,,,,,,,
S200047-C,JOWAW1004004,Serum,2,Pre-linked,,,,,,,,,,,
E200048-C,JOWAW1005001,Whole Blood,2,Pre-linked,,,,,,,,,,,
F200048-C,JOWAW1005001,Filter Paper 1,2,Pre-linked,,,,,,,,,,,
G200048-C,JOWAW1005001,Filter Paper 2,2,Pre-linked,,,,,,,,,,,
H200048-C,JOWAW1005001,Filter Paper-3,2,Pre-linked,,,,,,,,,,,
R200048-C,JOWAW1005001,RNA,2,Pre-linked,,,,,,,,,,,
S200048-C,JOWAW1005001,Serum,2,Pre-linked,,,,,,,,,,,
E200049-C,JOWAW1005002,Whole Blood,2,Pre-linked,,,,,,,,,,,
F200049-C,JOWAW1005002,Filter Paper 1,2,Pre-linked,,,,,,,,,,,
G200049-C,JOWAW1005002,Filter Paper 2,2,Pre-linked,,,,,,,,,,,
H200049-C,JOWAW1005002,Filter Paper-3,2,Pre-linked,,,,,,,,,,,
R200049-C,JOWAW1005002,RNA,2,Pre-linked,,,,,,,,,,,
S200049-C,JOWAW1005002,Serum,2,Pre-linked,,,,,,,,,,,
E200050-C,JOWAW1006001,Whole Blood,2,Pre-linked,,,,,,,,,,,
F200050-C,JOWAW1006001,Filter Paper 1,2,Pre-linked,,,,,,,,,,,
G200050-C,JOWAW1006001,Filter Paper 2,2,Pre-linked,,,,,,,,,,,
H200050-C,JOWAW1006001,Filter Paper-3,2,Pre-linked,,,,,,,,,,,
R200050-C,JOWAW1006001,RNA,2,Pre-linked,,,,,,,,,,,
S200050-C,JOWAW1006001,Serum,2,Pre-linked,,,,,,,,,,,
E200051-C,JOWAW1006002,Whole Blood,2,Pre-linked,,,,,,,,,,,
F200051-C,JOWAW1006002,Filter Paper 1,2,Pre-linked,,,,,,,,,,,
G200051-C,JOWAW1006002,Filter Paper 2,2,Pre-linked,,,,,,,,,,,
H200051-C,JOWAW1006002,Filter Paper-3,2,Pre-linked,,,,,,,,,,,
R200051-C,JOWAW1006002,RNA,2,Pre-linked,,,,,,,,,,,
S200051-C,JOWAW1006002,Serum,2,Pre-linked,,,,,,,,,,,
E200052-C,JOWAW1006003,Whole Blood,2,Pre-linked,,,,,,,,,,,
F200052-C,JOWAW1006003,Filter Paper 1,2,Pre-linked,,,,,,,,,,,
G200052-C,JOWAW1006003,Filter Paper 2,2,Pre-linked,,,,,,,,,,,
H200052-C,JOWAW1006003,Filter Paper-3,2,Pre-linked,,,,,,,,,,,
R200052-C,JOWAW1006003,RNA,2,Pre-linked,,,,,,,,,,,
S200052-C,JOWAW1006003,Serum,2,Pre-linked,,,,,,,,,,,
E200053-C,JOWAW1006004,Whole Blood,2,Pre-linked,,,,,,,,,,,
F200053-C,JOWAW1006004,Filter Paper 1,2,Pre-linked,,,,,,,,,,,
G200053-C,JOWAW1006004,Filter Paper 2,2,Pre-linked,,,,,,,,,,,
H200053-C,JOWAW1006004,Filter Paper-3,2,Pre-linked,,,,,,,,,,,
R200053-C,JOWAW1006004,RNA,2,Pre-linked,,,,,,,,,,,
S200053-C,JOWAW1006004,Serum,2,Pre-linked,,,,,,,,,,,
E200054-C,JOWAW1006005,Whole Blood,2,Pre-linked,,,,,,,,,,,
F200054-C,JOWAW1006005,Filter Paper 1,2,Pre-linked,,,,,,,,,,,
G200054-C,JOWAW1006005,Filter Paper 2,2,Pre-linked,,,,,,,,,,,
H200054-C,JOWAW1006005,Filter Paper-3,2,Pre-linked,,,,,,,,,,,
R200054-C,JOWAW1006005,RNA,2,Pre-linked,,,,,,,,,,,
S200054-C,JOWAW1006005,Serum,2,Pre-linked,,,,,,,,,,,
E200055-C,JOWAW1006006,Whole Blood,2,Pre-linked,,,,,,,,,,,
F200055-C,JOWAW1006006,Filter Paper 1,2,Pre-linked,,,,,,,,,,,
G200055-C,JOWAW1006006,Filter Paper 2,2,Pre-linked,,,,,,,,,,,
H200055-C,JOWAW1006006,Filter Paper-3,2,Pre-linked,,,,,,,,,,,
R200055-C,JOWAW1006006,RNA,2,Pre-linked,,,,,,,,,,,
S200055-C,JOWAW1006006,Serum,2,Pre-linked,,,,,,,,,,,
E200056-C,JOWAW1006007,Whole Blood,2,Pre-linked,,,,,,,,,,,
F200056-C,JOWAW1006007,Filter Paper 1,2,Pre-linked,,,,,,,,,,,
G200056-C,JOWAW1006007,Filter Paper 2,2,Pre-linked,,,,,,,,,,,
H200056-C,JOWAW1006007,Filter Paper-3,2,Pre-linked,,,,,,,,,,,
R200056-C,JOWAW1006007,RNA,2,Pre-linked,,,,,,,,,,,
S200056-C,JOWAW1006007,Serum,2,Pre-linked,,,,,,,,,,,
E200057-C,JOWAW1006008,Whole Blood,2,Pre-linked,,,,,,,,,,,
F200057-C,JOWAW1006008,Filter Paper 1,2,Pre-linked,,,,,,,,,,,
G200057-C,JOWAW1006008,Filter Paper 2,2,Pre-linked,,,,,,,,,,,
H200057-C,JOWAW1006008,Filter Paper-3,2,Pre-linked,,,,,,,,,,,
R200057-C,JOWAW1006008,RNA,2,Pre-linked,,,,,,,,,,,
S200057-C,JOWAW1006008,Serum,2,Pre-linked,,,,,,,,,,,
E200058-C,JOWAW1007001,Whole Blood,2,Pre-linked,,,,,,,,,,,
F200058-C,JOWAW1007001,Filter Paper 1,2,Pre-linked,,,,,,,,,,,
G200058-C,JOWAW1007001,Filter Paper 2,2,Pre-linked,,,,,,,,,,,
H200058-C,JOWAW1007001,Filter Paper-3,2,Pre-linked,,,,,,,,,,,
R200058-C,JOWAW1007001,RNA,2,Pre-linked,,,,,,,,,,,
S200058-C,JOWAW1007001,Serum,2,Pre-linked,,,,,,,,,,,
E200059-C,JOWAW1007002,Whole Blood,2,Pre-linked,,,,,,,,,,,
F200059-C,JOWAW1007002,Filter Paper 1,2,Pre-linked,,,,,,,,,,,
G200059-C,JOWAW1007002,Filter Paper 2,2,Pre-linked,,,,,,,,,,,
H200059-C,JOWAW1007002,Filter Paper-3,2,Pre-linked,,,,,,,,,,,
R200059-C,JOWAW1007002,RNA,2,Pre-linked,,,,,,,,,,,
S200059-C,JOWAW1007002,Serum,2,Pre-linked,,,,,,,,,,,
E200060-C,JOWAW1007003,Whole Blood,2,Pre-linked,,,,,,,,,,,
F200060-C,JOWAW1007003,Filter Paper 1,2,Pre-linked,,,,,,,,,,,
G200060-C,JOWAW1007003,Filter Paper 2,2,Pre-linked,,,,,,,,,,,
H200060-C,JOWAW1007003,Filter Paper-3,2,Pre-linked,,,,,,,,,,,
R200060-C,JOWAW1007003,RNA,2,Pre-linked,,,,,,,,,,,
S200060-C,JOWAW1007003,Serum,2,Pre-linked,,,,,,,,,,,
E200061-C,JOWAW1007004,Whole Blood,2,Pre-linked,,,,,,,,,,,
F200061-C,JOWAW1007004,Filter Paper 1,2,Pre-linked,,,,,,,,,,,
G200061-C,JOWAW1007004,Filter Paper 2,2,Pre-linked,,,,,,,,,,,
H200061-C,JOWAW1007004,Filter Paper-3,2,Pre-linked,,,,,,,,,,,
R200061-C,JOWAW1007004,RNA,2,Pre-linked,,,,,,,,,,,
S200061-C,JOWAW1007004,Serum,2,Pre-linked,,,,,,,,,,,
E200001-A,MICIM1001001,Whole Blood,2,Pre-linked,,,,,,,,,,,
F200001-A,MICIM1001001,Filter Paper 1,2,Pre-linked,,,,,,,,,,,
G200001-A,MICIM1001001,Filter Paper 2,2,Pre-linked,,,,,,,,,,,
H200001-A,MICIM1001001,Filter Paper-3,2,Pre-linked,,,,,,,,,,,
R200001-A,MICIM1001001,RNA,2,Pre-linked,,,,,,,,,,,
S200001-A,MICIM1001001,Serum,2,Pre-linked,,,,,,,,,,,
E200002-A,MICIM1001002,Whole Blood,2,Pre-linked,,,,,,,,,,,
F200002-A,MICIM1001002,Filter Paper 1,2,Pre-linked,,,,,,,,,,,
G200002-A,MICIM1001002,Filter Paper 2,2,Pre-linked,,,,,,,,,,,
H200002-A,MICIM1001002,Filter Paper-3,2,Pre-linked,,,,,,,,,,,
R200002-A,MICIM1001002,RNA,2,Pre-linked,,,,,,,,,,,
S200002-A,MICIM1001002,Serum,2,Pre-linked,,,,,,,,,,,
E200003-A,MICIM1001003,Whole Blood,2,Pre-linked,,,,,,,,,,,
F200003-A,MICIM1001003,Filter Paper 1,2,Pre-linked,,,,,,,,,,,
G200003-A,MICIM1001003,Filter Paper 2,2,Pre-linked,,,,,,,,,,,
H200003-A,MICIM1001003,Filter Paper-3,2,Pre-linked,,,,,,,,,,,
R200003-A,MICIM1001003,RNA,2,Pre-linked,,,,,,,,,,,
S200003-A,MICIM1001003,Serum,2,Pre-linked,,,,,,,,,,,
E200004-A,MICIM1001004,Whole Blood,2,Pre-linked,,,,,,,,,,,
F200004-A,MICIM1001004,Filter Paper 1,2,Pre-linked,,,,,,,,,,,
G200004-A,MICIM1001004,Filter Paper 2,2,Pre-linked,,,,,,,,,,,
H200004-A,MICIM1001004,Filter Paper-3,2,Pre-linked,,,,,,,,,,,
R200004-A,MICIM1001004,RNA,2,Pre-linked,,,,,,,,,,,
S200004-A,MICIM1001004,Serum,2,Pre-linked,,,,,,,,,,,
E200006-A,MICIM1001005,Whole Blood,2,Pre-linked,,,,,,,,,,,
F200006-A,MICIM1001005,Filter paper 1,,,,,,,,,,,,,
G200006-A,MICIM1001005,Filter Paper 2,2,Pre-linked,,,,,,,,,,,
H200006-A,MICIM1001005,Filter Paper-3,2,Pre-linked,,,,,,,,,,,
R200006-A,MICIM1001005,RNA,2,Pre-linked,,,,,,,,,,,
S200006-A,MICIM1001005,Serum,2,Pre-linked,,,,,,,,,,,
E200007-A,MICIM1001006,Whole Blood,2,Pre-linked,,,,,,,,,,,
F200007-A,MICIM1001006,Filter Paper 1,2,Pre-linked,,,,,,,,,,,
G200007-A,MICIM1001006,Filter Paper 2,2,Pre-linked,,,,,,,,,,,
H200007-A,MICIM1001006,Filter Paper-3,2,Pre-linked,,,,,,,,,,,
R200007-A,MICIM1001006,RNA,2,Pre-linked,,,,,,,,,,,
S200007-A,MICIM1001006,Serum,2,Pre-linked,,,,,,,,,,,
E200009-A,MICIM1001007,Whole Blood,2,Pre-linked,,,,,,,,,,,
F200009-A,MICIM1001007,Filter Paper 1,2,Pre-linked,,,,,,,,,,,
G200009-A,MICIM1001007,Filter Paper 2,2,Pre-linked,,,,,,,,,,,
H200009-A,MICIM1001007,Filter Paper-3,2,Pre-linked,,,,,,,,,,,
R200009-A,MICIM1001007,RNA,2,Pre-linked,,,,,,,,,,,
S200009-A,MICIM1001007,Serum,2,Pre-linked,,,,,,,,,,,
E200011-A,MICIM1001008,Whole Blood,2,Pre-linked,,,,,,,,,,,
F200011-A,MICIM1001008,Filter Paper 1,2,Pre-linked,,,,,,,,,,,
G200011-A,MICIM1001008,Filter Paper 2,2,Pre-linked,,,,,,,,,,,
H200011-A,MICIM1001008,Filter Paper-3,2,Pre-linked,,,,,,,,,,,
R200011-A,MICIM1001008,RNA,2,Pre-linked,,,,,,,,,,,
S200011-A,MICIM1001008,Serum,2,Pre-linked,,,,,,,,,,,
E200013-A,MICIM1002001,Whole Blood,2,Pre-linked,,,,,,,,,,,
F200013-A,MICIM1002001,Filter Paper 1,2,Pre-linked,,,,,,,,,,,
G200013-A,MICIM1002001,Filter Paper 2,2,Pre-linked,,,,,,,,,,,
H200013-A,MICIM1002001,Filter Paper-3,2,Pre-linked,,,,,,,,,,,
R200013-A,MICIM1002001,RNA,2,Pre-linked,,,,,,,,,,,
S200013-A,MICIM1002001,Serum,2,Pre-linked,,,,,,,,,,,
E200018-A,MICIM1002002,Whole Blood,2,Pre-linked,,,,,,,,,,,
F200018-A,MICIM1002002,Filter Paper 1,2,Pre-linked,,,,,,,,,,,
G200018-A,MICIM1002002,Filter Paper 2,2,Pre-linked,,,,,,,,,,,
H200018-A,MICIM1002002,Filter Paper-3,2,Pre-linked,,,,,,,,,,,
R200018-A,MICIM1002002,RNA,2,Pre-linked,,,,,,,,,,,
S200018-A,MICIM1002002,Serum,2,Pre-linked,,,,,,,,,,,
E200026-A,MICIM1002003,Whole Blood,2,Pre-linked,,,,,,,,,,,
F200026-A,MICIM1002003,Filter Paper 1,2,Pre-linked,,,,,,,,,,,
G200026-A,MICIM1002003,Filter Paper 2,2,Pre-linked,,,,,,,,,,,
H200026-A,MICIM1002003,Filter Paper-3,2,Pre-linked,,,,,,,,,,,
R200026-A,MICIM1002003,RNA,2,Pre-linked,,,,,,,,,,,
S200026-A,MICIM1002003,Serum,2,Pre-linked,,,,,,,,,,,
E200032-A,MICIM1003001,Whole Blood,2,Pre-linked,,,,,,,,,,,
F200032-A,MICIM1003001,Filter Paper 1,2,Pre-linked,,,,,,,,,,,
G200032-A,MICIM1003001,Filter Paper 2,2,Pre-linked,,,,,,,,,,,
H200032-A,MICIM1003001,Filter Paper-3,2,Pre-linked,,,,,,,,,,,
R200032-A,MICIM1003001,RNA,2,Pre-linked,,,,,,,,,,,
S200032-A,MICIM1003001,Serum,2,Pre-linked,,,,,,,,,,,
E200037-A,MICIM1003002,Whole Blood,2,Pre-linked,,,,,,,,,,,
F200037-A,MICIM1003002,Filter Paper 1,2,Pre-linked,,,,,,,,,,,
G200037-A,MICIM1003002,Filter Paper 2,2,Pre-linked,,,,,,,,,,,
H200037-A,MICIM1003002,Filter Paper-3,2,Pre-linked,,,,,,,,,,,
R200037-A,MICIM1003002,RNA,2,Pre-linked,,,,,,,,,,,
S200037-A,MICIM1003002,Serum,2,Pre-linked,,,,,,,,,,,
E200046-A,MICIM1003003,Whole Blood,2,Pre-linked,,,,,,,,,,,
F200046-A,MICIM1003003,Filter Paper 1,2,Pre-linked,,,,,,,,,,,
G200046-A,MICIM1003003,Filter Paper 2,2,Pre-linked,,,,,,,,,,,
H200046-A,MICIM1003003,Filter Paper-3,2,Pre-linked,,,,,,,,,,,
R200046-A,MICIM1003003,RNA,2,Pre-linked,,,,,,,,,,,
S200046-A,MICIM1003003,Serum,2,Pre-linked,,,,,,,,,,,
E200051-A,MICIM1003004,Whole Blood,2,Pre-linked,,,,,,,,,,,
F200051-A,MICIM1003004,Filter Paper 1,2,Pre-linked,,,,,,,,,,,
G200051-A,MICIM1003004,Filter Paper 2,2,Pre-linked,,,,,,,,,,,
H200051-A,MICIM1003004,Filter Paper-3,2,Pre-linked,,,,,,,,,,,
R200051-A,MICIM1003004,RNA,2,Pre-linked,,,,,,,,,,,
S200051-A,MICIM1003004,Serum,2,Pre-linked,,,,,,,,,,,
E200054-A,MICIM1003005,Whole Blood,2,Pre-linked,,,,,,,,,,,
F200054-A,MICIM1003005,Filter Paper 1,2,Pre-linked,,,,,,,,,,,
G200054-A,MICIM1003005,Filter Paper 2,2,Pre-linked,,,,,,,,,,,
H200054-A,MICIM1003005,Filter Paper-3,2,Pre-linked,,,,,,,,,,,
R200054-A,MICIM1003005,RNA,2,Pre-linked,,,,,,,,,,,
S200054-A,MICIM1003005,Serum,2,Pre-linked,,,,,,,,,,,
E200056-A,MICIM1003006,Whole Blood,2,Pre-linked,,,,,,,,,,,
F200056-A,MICIM1003006,Filter Paper 1,2,Pre-linked,,,,,,,,,,,
G200056-A,MICIM1003006,Filter Paper 2,2,Pre-linked,,,,,,,,,,,
H200056-A,MICIM1003006,Filter Paper-3,2,Pre-linked,,,,,,,,,,,
R200056-A,MICIM1003006,RNA,2,Pre-linked,,,,,,,,,,,
S200056-A,MICIM1003006,Serum,2,Pre-linked,,,,,,,,,,,
E200005-A,MICMC1001001,Whole Blood,2,Pre-linked,,,,,,,,,,,
F200005-A,MICMC1001001,Filter Paper 1,2,Pre-linked,,,,,,,,,,,
G200005-A,MICMC1001001,Filter Paper 2,2,Pre-linked,,,,,,,,,,,
H200005-A,MICMC1001001,Filter Paper-3,2,Pre-linked,,,,,,,,,,,
R200005-A,MICMC1001001,RNA,2,Pre-linked,,,,,,,,,,,
S200005-A,MICMC1001001,Serum,2,Pre-linked,,,,,,,,,,,
E200008-A,MICMC1001002,Whole Blood,2,Pre-linked,,,,,,,,,,,
F200008-A,MICMC1001002,Filter Paper 1,2,Pre-linked,,,,,,,,,,,
G200008-A,MICMC1001002,Filter Paper 2,2,Pre-linked,,,,,,,,,,,
H200008-A,MICMC1001002,Filter Paper-3,2,Pre-linked,,,,,,,,,,,
R200008-A,MICMC1001002,RNA,2,Pre-linked,,,,,,,,,,,
S200008-A,MICMC1001002,Serum,2,Pre-linked,,,,,,,,,,,
E200060-A,MICMC1001006,Whole Blood,2,Pre-linked,,,,,,,,,,,
F200060-A,MICMC1001006,Filter Paper 1,2,Pre-linked,,,,,,,,,,,
G200060-A,MICMC1001006,Filter Paper 2,2,Pre-linked,,,,,,,,,,,
H200060-A,MICMC1001006,Filter Paper-3,2,Pre-linked,,,,,,,,,,,
R200060-A,MICMC1001006,RNA,2,Pre-linked,,,,,,,,,,,
S200060-A,MICMC1001006,Serum,2,Pre-linked,,,,,,,,,,,
E200010-A,MICMC1002001,Whole Blood,2,Pre-linked,,,,,,,,,,,
F200010-A,MICMC1002001,Filter Paper 1,2,Pre-linked,,,,,,,,,,,
G200010-A,MICMC1002001,Filter Paper 2,2,Pre-linked,,,,,,,,,,,
H200010-A,MICMC1002001,Filter Paper-3,2,Pre-linked,,,,,,,,,,,
R200010-A,MICMC1002001,RNA,2,Pre-linked,,,,,,,,,,,
S200010-A,MICMC1002001,Serum,2,Pre-linked,,,,,,,,,,,
E200012-A,MICMC1002002,Whole Blood,2,Pre-linked,,,,,,,,,,,
F200012-A,MICMC1002002,Filter Paper 1,2,Pre-linked,,,,,,,,,,,
G200012-A,MICMC1002002,Filter Paper 2,2,Pre-linked,,,,,,,,,,,
H200012-A,MICMC1002002,Filter Paper-3,2,Pre-linked,,,,,,,,,,,
R200012-A,MICMC1002002,RNA,2,Pre-linked,,,,,,,,,,,
S200012-A,MICMC1002002,Serum,2,Pre-linked,,,,,,,,,,,
E200014-A,MICMC1002003,Whole Blood,2,Pre-linked,,,,,,,,,,,
F200014-A,MICMC1002003,Filter Paper 1,2,Pre-linked,,,,,,,,,,,
G200014-A,MICMC1002003,Filter Paper 2,2,Pre-linked,,,,,,,,,,,
H200014-A,MICMC1002003,Filter Paper-3,2,Pre-linked,,,,,,,,,,,
R200014-A,MICMC1002003,RNA,2,Pre-linked,,,,,,,,,,,
S200014-A,MICMC1002003,Serum,2,Pre-linked,,,,,,,,,,,
E200017-A,MICMC1002004,Whole Blood,2,Pre-linked,,,,,,,,,,,
F200017-A,MICMC1002004,Filter Paper 1,2,Pre-linked,,,,,,,,,,,
G200017-A,MICMC1002004,Filter Paper 2,2,Pre-linked,,,,,,,,,,,
H200017-A,MICMC1002004,Filter Paper-3,2,Pre-linked,,,,,,,,,,,
R200017-A,MICMC1002004,RNA,2,Pre-linked,,,,,,,,,,,
S200017-A,MICMC1002004,Serum,2,Pre-linked,,,,,,,,,,,
E200022-A,MICMC1002005,Whole Blood,2,Pre-linked,,,,,,,,,,,
F200022-A,MICMC1002005,Filter Paper 1,2,Pre-linked,,,,,,,,,,,
G200022-A,MICMC1002005,Filter Paper 2,2,Pre-linked,,,,,,,,,,,
H200022-A,MICMC1002005,Filter Paper-3,2,Pre-linked,,,,,,,,,,,
R200022-A,MICMC1002005,RNA,2,Pre-linked,,,,,,,,,,,
S200022-A,MICMC1002005,Serum,2,Pre-linked,,,,,,,,,,,
E200030-A,MICMC1003001,Whole Blood,2,Pre-linked,,,,,,,,,,,
F200030-A,MICMC1003001,Filter Paper 1,2,Pre-linked,,,,,,,,,,,
G200030-A,MICMC1003001,Filter Paper 2,2,Pre-linked,,,,,,,,,,,
H200030-A,MICMC1003001,Filter Paper-3,2,Pre-linked,,,,,,,,,,,
R200030-A,MICMC1003001,RNA,2,Pre-linked,,,,,,,,,,,
S200030-A,MICMC1003001,Serum,2,Pre-linked,,,,,,,,,,,
E200036-A,MICMC1003002,Whole Blood,2,Pre-linked,,,,,,,,,,,
F200036-A,MICMC1003002,Filter Paper 1,2,Pre-linked,,,,,,,,,,,
G200036-A,MICMC1003002,Filter Paper 2,2,Pre-linked,,,,,,,,,,,
H200036-A,MICMC1003002,Filter Paper-3,2,Pre-linked,,,,,,,,,,,
R200036-A,MICMC1003002,RNA,2,Pre-linked,,,,,,,,,,,
S200036-A,MICMC1003002,Serum,2,Pre-linked,,,,,,,,,,,
E200040-A,MICMC1003003,Whole Blood,2,Pre-linked,,,,,,,,,,,
F200040-A,MICMC1003003,Filter Paper 1,2,Pre-linked,,,,,,,,,,,
G200040-A,MICMC1003003,Filter Paper 2,2,Pre-linked,,,,,,,,,,,
H200040-A,MICMC1003003,Filter Paper-3,2,Pre-linked,,,,,,,,,,,
R200040-A,MICMC1003003,RNA,2,Pre-linked,,,,,,,,,,,
S200040-A,MICMC1003003,Serum,2,Pre-linked,,,,,,,,,,,
E200050-A,MICMC1005001,Whole Blood,2,Pre-linked,,,,,,,,,,,
F200050-A,MICMC1005001,Filter Paper 1,2,Pre-linked,,,,,,,,,,,
G200050-A,MICMC1005001,Filter Paper 2,2,Pre-linked,,,,,,,,,,,
H200050-A,MICMC1005001,Filter Paper-3,2,Pre-linked,,,,,,,,,,,
R200050-A,MICMC1005001,RNA,2,Pre-linked,,,,,,,,,,,
S200050-A,MICMC1005001,Serum,2,Pre-linked,,,,,,,,,,,
E200055-A,MICMC1005002,Whole Blood,2,Pre-linked,,,,,,,,,,,
F200055-A,MICMC1005002,Filter Paper 1,2,Pre-linked,,,,,,,,,,,
G200055-A,MICMC1005002,Filter Paper 2,2,Pre-linked,,,,,,,,,,,
H200055-A,MICMC1005002,Filter Paper-3,2,Pre-linked,,,,,,,,,,,
R200055-A,MICMC1005002,RNA,2,Pre-linked,,,,,,,,,,,
S200055-A,MICMC1005002,Serum,2,Pre-linked,,,,,,,,,,,
E200057-A,MICMC1005003,Whole Blood,2,Pre-linked,,,,,,,,,,,
F200057-A,MICMC1005003,Filter Paper 1,2,Pre-linked,,,,,,,,,,,
G200057-A,MICMC1005003,Filter Paper 2,2,Pre-linked,,,,,,,,,,,
H200057-A,MICMC1005003,Filter Paper-3,2,Pre-linked,,,,,,,,,,,
R200057-A,MICMC1005003,RNA,2,Pre-linked,,,,,,,,,,,
S200057-A,MICMC1005003,Serum,2,Pre-linked,,,,,,,,,,,
E200058-A,MICMC1005004,Whole Blood,2,Pre-linked,,,,,,,,,,,
F200058-A,MICMC1005004,Filter Paper 1,2,Pre-linked,,,,,,,,,,,
G200058-A,MICMC1005004,Filter Paper 2,2,Pre-linked,,,,,,,,,,,
H200058-A,MICMC1005004,Filter Paper-3,2,Pre-linked,,,,,,,,,,,
R200058-A,MICMC1005004,RNA,2,Pre-linked,,,,,,,,,,,
S200058-A,MICMC1005004,Serum,2,Pre-linked,,,,,,,,,,,
E200059-A,MICMC1005005,Whole Blood,2,Pre-linked,,,,,,,,,,,
F200059-A,MICMC1005005,Filter Paper 1,2,Pre-linked,,,,,,,,,,,
G200059-A,MICMC1005005,Filter Paper 2,2,Pre-linked,,,,,,,,,,,
H200059-A,MICMC1005005,Filter Paper-3,2,Pre-linked,,,,,,,,,,,
R200059-A,MICMC1005005,RNA,2,Pre-linked,,,,,,,,,,,
S200059-A,MICMC1005005,Serum,2,Pre-linked,,,,,,,,,,,
E200001-B,NYEAE1007001,Whole Blood,2,Pre-linked,,,,,,,,,,,
F200001-B,NYEAE1007001,Filter Paper 1,2,Pre-linked,,,,,,,,,,,
G200001-B,NYEAE1007001,Filter Paper 2,2,Pre-linked,,,,,,,,,,,
H200001-B,NYEAE1007001,Filter Paper-3,2,Pre-linked,,,,,,,,,,,
R200001-B,NYEAE1007001,RNA,2,Pre-linked,,,,,,,,,,,
S200001-B,NYEAE1007001,Serum,2,Pre-linked,,,,,,,,,,,
E200002-B,NYEAE1007002,Whole Blood,2,Pre-linked,,,,,,,,,,,
F200002-B,NYEAE1007002,Filter Paper 1,2,Pre-linked,,,,,,,,,,,
G200002-B,NYEAE1007002,Filter Paper 2,2,Pre-linked,,,,,,,,,,,
H200002-B,NYEAE1007002,Filter Paper-3,2,Pre-linked,,,,,,,,,,,
R200002-B,NYEAE1007002,RNA,2,Pre-linked,,,,,,,,,,,
S200002-B,NYEAE1007002,Serum,2,Pre-linked,,,,,,,,,,,
E200003-B,NYEAE1009001,Whole Blood,2,Pre-linked,,,,,,,,,,,
F200003-B,NYEAE1009001,Filter Paper 1,2,Pre-linked,,,,,,,,,,,
G200003-B,NYEAE1009001,Filter Paper 2,2,Pre-linked,,,,,,,,,,,
H200003-B,NYEAE1009001,Filter Paper-3,2,Pre-linked,,,,,,,,,,,
R200003-B,NYEAE1009001,RNA,2,Pre-linked,,,,,,,,,,,
S200003-B,NYEAE1009001,Serum,2,Pre-linked,,,,,,,,,,,
E200004-B,NYEAE1009002,Whole Blood,2,Pre-linked,,,,,,,,,,,
F200004-B,NYEAE1009002,Filter Paper 1,2,Pre-linked,,,,,,,,,,,
G200004-B,NYEAE1009002,Filter Paper 2,2,Pre-linked,,,,,,,,,,,
H200004-B,NYEAE1009002,Filter Paper-3,2,Pre-linked,,,,,,,,,,,
R200004-B,NYEAE1009002,RNA,2,Pre-linked,,,,,,,,,,,
S200004-B,NYEAE1009002,Serum,2,Pre-linked,,,,,,,,,,,
E200005-B,NYEAE1012001,Whole Blood,2,Pre-linked,,,,,,,,,,,
F200005-B,NYEAE1012001,Filter Paper 1,2,Pre-linked,,,,,,,,,,,
G200005-B,NYEAE1012001,Filter Paper 2,2,Pre-linked,,,,,,,,,,,
H200005-B,NYEAE1012001,Filter Paper-3,2,Pre-linked,,,,,,,,,,,
R200005-B,NYEAE1012001,RNA,2,Pre-linked,,,,,,,,,,,
S200005-B,NYEAE1012001,Serum,2,Pre-linked,,,,,,,,,,,
E200006-B,NYEAE1012002,Whole Blood,2,Pre-linked,,,,,,,,,,,
F200006-B,NYEAE1012002,Filter Paper 1,2,Pre-linked,,,,,,,,,,,
G200006-B,NYEAE1012002,Filter Paper 2,2,Pre-linked,,,,,,,,,,,
H200006-B,NYEAE1012002,Filter Paper-3,2,Pre-linked,,,,,,,,,,,
R200006-B,NYEAE1012002,RNA,2,Pre-linked,,,,,,,,,,,
S200006-B,NYEAE1012002,Serum,2,Pre-linked,,,,,,,,,,,
E200007-B,NYEAE1012003,Whole Blood,2,Pre-linked,,,,,,,,,,,
F200007-B,NYEAE1012003,Filter Paper 1,2,Pre-linked,,,,,,,,,,,
G200007-B,NYEAE1012003,Filter Paper 2,2,Pre-linked,,,,,,,,,,,
H200007-B,NYEAE1012003,Filter Paper-3,2,Pre-linked,,,,,,,,,,,
R200007-B,NYEAE1012003,RNA,2,Pre-linked,,,,,,,,,,,
S200007-B,NYEAE1012003,Serum,2,Pre-linked,,,,,,,,,,,
E200008-B,NYEAE1017001,Whole Blood,2,Pre-linked,,,,,,,,,,,
F200008-B,NYEAE1017001,Filter Paper 1,2,Pre-linked,,,,,,,,,,,
G200008-B,NYEAE1017001,Filter Paper 2,2,Pre-linked,,,,,,,,,,,
H200008-B,NYEAE1017001,Filter Paper-3,2,Pre-linked,,,,,,,,,,,
R200008-B,NYEAE1017001,RNA,2,Pre-linked,,,,,,,,,,,
S200008-B,NYEAE1017001,Serum,2,Pre-linked,,,,,,,,,,,
E200009-B,NYEAE1017002,Whole Blood,2,Pre-linked,,,,,,,,,,,
F200009-B,NYEAE1017002,Filter Paper 1,2,Pre-linked,,,,,,,,,,,
G200009-B,NYEAE1017002,Filter Paper 2,2,Pre-linked,,,,,,,,,,,
H200009-B,NYEAE1017002,Filter Paper-3,2,Pre-linked,,,,,,,,,,,
R200009-B,NYEAE1017002,RNA,2,Pre-linked,,,,,,,,,,,
S200009-B,NYEAE1017002,Serum,2,Pre-linked,,,,,,,,,,,
E200010-B,NYEAE1018001,Whole Blood,2,Pre-linked,,,,,,,,,,,
F200010-B,NYEAE1018001,Filter Paper 1,2,Pre-linked,,,,,,,,,,,
G200010-B,NYEAE1018001,Filter Paper 2,2,Pre-linked,,,,,,,,,,,
H200010-B,NYEAE1018001,Filter Paper-3,2,Pre-linked,,,,,,,,,,,
R200010-B,NYEAE1018001,RNA,2,Pre-linked,,,,,,,,,,,
S200010-B,NYEAE1018001,Serum,2,Pre-linked,,,,,,,,,,,
E200011-B,NYEAE1018002,Whole Blood,2,Pre-linked,,,,,,,,,,,
F200011-B,NYEAE1018002,Filter Paper 1,2,Pre-linked,,,,,,,,,,,
G200011-B,NYEAE1018002,Filter Paper 2,2,Pre-linked,,,,,,,,,,,
H200011-B,NYEAE1018002,Filter Paper-3,2,Pre-linked,,,,,,,,,,,
R200011-B,NYEAE1018002,RNA,2,Pre-linked,,,,,,,,,,,
S200011-B,NYEAE1018002,Serum,2,Pre-linked,,,,,,,,,,,
E200012-B,NYEAE1018003,Whole Blood,2,Pre-linked,,,,,,,,,,,
F200012-B,NYEAE1018003,Filter Paper 1,2,Pre-linked,,,,,,,,,,,
G200012-B,NYEAE1018003,Filter Paper 2,2,Pre-linked,,,,,,,,,,,
H200012-B,NYEAE1018003,Filter Paper-3,2,Pre-linked,,,,,,,,,,,
R200012-B,NYEAE1018003,RNA,2,Pre-linked,,,,,,,,,,,
S200012-B,NYEAE1018003,Serum,2,Pre-linked,,,,,,,,,,,
E200013-B,NYEAE1019001,Whole Blood,2,Pre-linked,,,,,,,,,,,
F200013-B,NYEAE1019001,Filter Paper 1,2,Pre-linked,,,,,,,,,,,
G200013-B,NYEAE1019001,Filter Paper 2,2,Pre-linked,,,,,,,,,,,
H200013-B,NYEAE1019001,Filter Paper-3,2,Pre-linked,,,,,,,,,,,
R200013-B,NYEAE1019001,RNA,2,Pre-linked,,,,,,,,,,,
S200013-B,NYEAE1019001,Serum,2,Pre-linked,,,,,,,,,,,
E200014-B,NYEAE1019002,Whole Blood,2,Pre-linked,,,,,,,,,,,
F200014-B,NYEAE1019002,Filter Paper 1,2,Pre-linked,,,,,,,,,,,
G200014-B,NYEAE1019002,Filter Paper 2,2,Pre-linked,,,,,,,,,,,
H200014-B,NYEAE1019002,Filter Paper-3,2,Pre-linked,,,,,,,,,,,
R200014-B,NYEAE1019002,RNA,2,Pre-linked,,,,,,,,,,,
S200014-B,NYEAE1019002,Serum,2,Pre-linked,,,,,,,,,,,
E200015-B,NYEAE1019003,Whole Blood,2,Pre-linked,,,,,,,,,,,
F200015-B,NYEAE1019003,Filter Paper 1,2,Pre-linked,,,,,,,,,,,
G200015-B,NYEAE1019003,Filter Paper 2,2,Pre-linked,,,,,,,,,,,
H200015-B,NYEAE1019003,Filter Paper-3,2,Pre-linked,,,,,,,,,,,
R200015-B,NYEAE1019003,RNA,2,Pre-linked,,,,,,,,,,,
S200015-B,NYEAE1019003,Serum,2,Pre-linked,,,,,,,,,,,
E200016-B,NYEAE1019004,Whole Blood,2,Pre-linked,,,,,,,,,,,
F200016-B,NYEAE1019004,Filter Paper 1,2,Pre-linked,,,,,,,,,,,
G200016-B,NYEAE1019004,Filter Paper 2,2,Pre-linked,,,,,,,,,,,
H200016-B,NYEAE1019004,Filter Paper-3,2,Pre-linked,,,,,,,,,,,
R200016-B,NYEAE1019004,RNA,2,Pre-linked,,,,,,,,,,,
S200016-B,NYEAE1019004,Serum,2,Pre-linked,,,,,,,,,,,
E200017-B,NYEAE1019005,Whole Blood,2,Pre-linked,,,,,,,,,,,
F200017-B,NYEAE1019005,Filter Paper 1,2,Pre-linked,,,,,,,,,,,
G200017-B,NYEAE1019005,Filter Paper 2,2,Pre-linked,,,,,,,,,,,
H200017-B,NYEAE1019005,Filter Paper-3,2,Pre-linked,,,,,,,,,,,
R200017-B,NYEAE1019005,RNA,2,Pre-linked,,,,,,,,,,,
S200017-B,NYEAE1019005,Serum,2,Pre-linked,,,,,,,,,,,
E200018-B,NYEAE1019006,Whole Blood,2,Pre-linked,,,,,,,,,,,
F200018-B,NYEAE1019006,Filter Paper 1,2,Pre-linked,,,,,,,,,,,
G200018-B,NYEAE1019006,Filter Paper 2,2,Pre-linked,,,,,,,,,,,
H200018-B,NYEAE1019006,Filter Paper-3,2,Pre-linked,,,,,,,,,,,
R200018-B,NYEAE1019006,RNA,2,Pre-linked,,,,,,,,,,,
S200018-B,NYEAE1019006,Serum,2,Pre-linked,,,,,,,,,,,
E200019-B,NYEAE1020001,Whole Blood,2,Pre-linked,,,,,,,,,,,
F200019-B,NYEAE1020001,Filter Paper 1,2,Pre-linked,,,,,,,,,,,
G200019-B,NYEAE1020001,Filter Paper 2,2,Pre-linked,,,,,,,,,,,
H200019-B,NYEAE1020001,Filter Paper-3,2,Pre-linked,,,,,,,,,,,
R200019-B,NYEAE1020001,RNA,2,Pre-linked,,,,,,,,,,,
S200019-B,NYEAE1020001,Serum,2,Pre-linked,,,,,,,,,,,
E200020-B,NYEAE1020002,Whole Blood,2,Pre-linked,,,,,,,,,,,
F200020-B,NYEAE1020002,Filter Paper 1,2,Pre-linked,,,,,,,,,,,
G200020-B,NYEAE1020002,Filter Paper 2,2,Pre-linked,,,,,,,,,,,
H200020-B,NYEAE1020002,Filter Paper-3,2,Pre-linked,,,,,,,,,,,
R200020-B,NYEAE1020002,RNA,2,Pre-linked,,,,,,,,,,,
S200020-B,NYEAE1020002,Serum,2,Pre-linked,,,,,,,,,,,
E200021-B,NYEAE1020003,Whole Blood,2,Pre-linked,,,,,,,,,,,
F200021-B,NYEAE1020003,Filter Paper 1,2,Pre-linked,,,,,,,,,,,
G200021-B,NYEAE1020003,Filter Paper 2,2,Pre-linked,,,,,,,,,,,
H200021-B,NYEAE1020003,Filter Paper-3,2,Pre-linked,,,,,,,,,,,
R200021-B,NYEAE1020003,RNA,2,Pre-linked,,,,,,,,,,,
S200021-B,NYEAE1020003,Serum,2,Pre-linked,,,,,,,,,,,
E200022-B,NYEAE1021001,Whole Blood,2,Pre-linked,,,,,,,,,,,
F200022-B,NYEAE1021001,Filter Paper 1,2,Pre-linked,,,,,,,,,,,
G200022-B,NYEAE1021001,Filter Paper 2,2,Pre-linked,,,,,,,,,,,
H200022-B,NYEAE1021001,Filter Paper-3,2,Pre-linked,,,,,,,,,,,
R200022-B,NYEAE1021001,RNA,2,Pre-linked,,,,,,,,,,,
S200022-B,NYEAE1021001,Serum,2,Pre-linked,,,,,,,,,,,
E200023-B,NYEAE1021002,Whole Blood,2,Pre-linked,,,,,,,,,,,
F200023-B,NYEAE1021002,Filter Paper 1,2,Pre-linked,,,,,,,,,,,
G200023-B,NYEAE1021002,Filter Paper 2,2,Pre-linked,,,,,,,,,,,
H200023-B,NYEAE1021002,Filter Paper-3,2,Pre-linked,,,,,,,,,,,
R200023-B,NYEAE1021002,RNA,2,Pre-linked,,,,,,,,,,,
S200023-B,NYEAE1021002,Serum,2,Pre-linked,,,,,,,,,,,
E200024-B,NYEAE1021003,Whole Blood,2,Pre-linked,,,,,,,,,,,
F200024-B,NYEAE1021003,Filter Paper 1,2,Pre-linked,,,,,,,,,,,
G200024-B,NYEAE1021003,Filter Paper 2,2,Pre-linked,,,,,,,,,,,
H200024-B,NYEAE1021003,Filter Paper-3,2,Pre-linked,,,,,,,,,,,
R200024-B,NYEAE1021003,RNA,2,Pre-linked,,,,,,,,,,,
S200024-B,NYEAE1021003,Serum,2,Pre-linked,,,,,,,,,,,
E200025-B,NYEAE1021004,Whole Blood,2,Pre-linked,,,,,,,,,,,
F200025-B,NYEAE1021004,Filter Paper 1,2,Pre-linked,,,,,,,,,,,
G200025-B,NYEAE1021004,Filter Paper 2,2,Pre-linked,,,,,,,,,,,
H200025-B,NYEAE1021004,Filter Paper-3,2,Pre-linked,,,,,,,,,,,
R200025-B,NYEAE1021004,RNA,2,Pre-linked,,,,,,,,,,,
S200025-B,NYEAE1021004,Serum,2,Pre-linked,,,,,,,,,,,
E200026-B,NYEAE1022001,Whole Blood,2,Pre-linked,,,,,,,,,,,
F200026-B,NYEAE1022001,Filter Paper 1,2,Pre-linked,,,,,,,,,,,
G200026-B,NYEAE1022001,Filter Paper 2,2,Pre-linked,,,,,,,,,,,
H200026-B,NYEAE1022001,Filter Paper-3,2,Pre-linked,,,,,,,,,,,
R200026-B,NYEAE1022001,RNA,2,Pre-linked,,,,,,,,,,,
S200026-B,NYEAE1022001,Serum,2,Pre-linked,,,,,,,,,,,
E200027-B,NYEAE1022002,Whole Blood,2,Pre-linked,,,,,,,,,,,
F200027-B,NYEAE1022002,Filter Paper 1,2,Pre-linked,,,,,,,,,,,
G200027-B,NYEAE1022002,Filter Paper 2,2,Pre-linked,,,,,,,,,,,
H200027-B,NYEAE1022002,Filter Paper-3,2,Pre-linked,,,,,,,,,,,
R200027-B,NYEAE1022002,RNA,2,Pre-linked,,,,,,,,,,,
S200027-B,NYEAE1022002,Serum,2,Pre-linked,,,,,,,,,,,
E200028-B,NYEAE1022003,Whole Blood,2,Pre-linked,,,,,,,,,,,
F200028-B,NYEAE1022003,Filter Paper 1,2,Pre-linked,,,,,,,,,,,
G200028-B,NYEAE1022003,Filter Paper 2,2,Pre-linked,,,,,,,,,,,
H200028-B,NYEAE1022003,Filter Paper-3,2,Pre-linked,,,,,,,,,,,
R200028-B,NYEAE1022003,RNA,2,Pre-linked,,,,,,,,,,,
S200028-B,NYEAE1022003,Serum,2,Pre-linked,,,,,,,,,,,
E200029-B,NYEAE1022004,Whole Blood,2,Pre-linked,,,,,,,,,,,
F200029-B,NYEAE1022004,Filter Paper 1,2,Pre-linked,,,,,,,,,,,
G200029-B,NYEAE1022004,Filter Paper 2,2,Pre-linked,,,,,,,,,,,
H200029-B,NYEAE1022004,Filter Paper-3,2,Pre-linked,,,,,,,,,,,
R200029-B,NYEAE1022004,RNA,2,Pre-linked,,,,,,,,,,,
S200029-B,NYEAE1022004,Serum,2,Pre-linked,,,,,,,,,,,
E200030-B,NYEAE1022005,Whole Blood,2,Pre-linked,,,,,,,,,,,
F200030-B,NYEAE1022005,Filter Paper 1,2,Pre-linked,,,,,,,,,,,
G200030-B,NYEAE1022005,Filter Paper 2,2,Pre-linked,,,,,,,,,,,
H200030-B,NYEAE1022005,Filter Paper-3,2,Pre-linked,,,,,,,,,,,
R200030-B,NYEAE1022005,RNA,2,Pre-linked,,,,,,,,,,,
S200030-B,NYEAE1022005,Serum,2,Pre-linked,,,,,,,,,,,
E200031-B,NYEAE1023001,Whole Blood,2,Pre-linked,,,,,,,,,,,
F200031-B,NYEAE1023001,Filter Paper 1,2,Pre-linked,,,,,,,,,,,
G200031-B,NYEAE1023001,Filter Paper 2,2,Pre-linked,,,,,,,,,,,
H200031-B,NYEAE1023001,Filter Paper-3,2,Pre-linked,,,,,,,,,,,
R200031-B,NYEAE1023001,RNA,2,Pre-linked,,,,,,,,,,,
S200031-B,NYEAE1023001,Serum,2,Pre-linked,,,,,,,,,,,
E200032-B,NYEAE1023002,Whole Blood,2,Pre-linked,,,,,,,,,,,
F200032-B,NYEAE1023002,Filter Paper 1,2,Pre-linked,,,,,,,,,,,
G200032-B,NYEAE1023002,Filter Paper 2,2,Pre-linked,,,,,,,,,,,
H200032-B,NYEAE1023002,Filter Paper-3,2,Pre-linked,,,,,,,,,,,
R200032-B,NYEAE1023002,RNA,2,Pre-linked,,,,,,,,,,,
S200032-B,NYEAE1023002,Serum,2,Pre-linked,,,,,,,,,,,
E200033-B,NYEAE1023003,Whole Blood,2,Pre-linked,,,,,,,,,,,
F200033-B,NYEAE1023003,Filter Paper 1,2,Pre-linked,,,,,,,,,,,
G200033-B,NYEAE1023003,Filter Paper 2,2,Pre-linked,,,,,,,,,,,
H200033-B,NYEAE1023003,Filter Paper-3,2,Pre-linked,,,,,,,,,,,
R200033-B,NYEAE1023003,RNA,2,Pre-linked,,,,,,,,,,,
S200033-B,NYEAE1023003,Serum,2,Pre-linked,,,,,,,,,,,
E200034-B,NYEAE1023004,Whole Blood,2,Pre-linked,,,,,,,,,,,
F200034-B,NYEAE1023004,Filter Paper 1,2,Pre-linked,,,,,,,,,,,
G200034-B,NYEAE1023004,Filter Paper 2,2,Pre-linked,,,,,,,,,,,
H200034-B,NYEAE1023004,Filter Paper-3,2,Pre-linked,,,,,,,,,,,
R200034-B,NYEAE1023004,RNA,2,Pre-linked,,,,,,,,,,,
S200034-B,NYEAE1023004,Serum,2,Pre-linked,,,,,,,,,,,
E200035-B,NYEAE1023005,Whole Blood,2,Pre-linked,,,,,,,,,,,
F200035-B,NYEAE1023005,Filter Paper 1,2,Pre-linked,,,,,,,,,,,
G200035-B,NYEAE1023005,Filter Paper 2,2,Pre-linked,,,,,,,,,,,
H200035-B,NYEAE1023005,Filter Paper-3,2,Pre-linked,,,,,,,,,,,
R200035-B,NYEAE1023005,RNA,2,Pre-linked,,,,,,,,,,,
S200035-B,NYEAE1023005,Serum,2,Pre-linked,,,,,,,,,,,
E200036-B,NYEAE1023006,Whole Blood,2,Pre-linked,,,,,,,,,,,
F200036-B,NYEAE1023006,Filter Paper 1,2,Pre-linked,,,,,,,,,,,
G200036-B,NYEAE1023006,Filter Paper 2,2,Pre-linked,,,,,,,,,,,
H200036-B,NYEAE1023006,Filter Paper-3,2,Pre-linked,,,,,,,,,,,
R200036-B,NYEAE1023006,RNA,2,Pre-linked,,,,,,,,,,,
S200036-B,NYEAE1023006,Serum,2,Pre-linked,,,,,,,,,,,
E200037-B,NYEAE1026001,Whole Blood,2,Pre-linked,,,,,,,,,,,
F200037-B,NYEAE1026001,Filter Paper 1,2,Pre-linked,,,,,,,,,,,
G200037-B,NYEAE1026001,Filter Paper 2,2,Pre-linked,,,,,,,,,,,
H200037-B,NYEAE1026001,Filter Paper-3,2,Pre-linked,,,,,,,,,,,
R200037-B,NYEAE1026001,RNA,2,Pre-linked,,,,,,,,,,,
S200037-B,NYEAE1026001,Serum,2,Pre-linked,,,,,,,,,,,
E200038-B,NYEAE1026002,Whole Blood,2,Pre-linked,,,,,,,,,,,
F200038-B,NYEAE1026002,Filter Paper 1,2,Pre-linked,,,,,,,,,,,
G200038-B,NYEAE1026002,Filter Paper 2,2,Pre-linked,,,,,,,,,,,
H200038-B,NYEAE1026002,Filter Paper-3,2,Pre-linked,,,,,,,,,,,
R200038-B,NYEAE1026002,RNA,2,Pre-linked,,,,,,,,,,,
S200038-B,NYEAE1026002,Serum,2,Pre-linked,,,,,,,,,,,
E200039-B,NYEAE1029001,Whole Blood,2,Pre-linked,,,,,,,,,,,
F200039-B,NYEAE1029001,Filter Paper 1,2,Pre-linked,,,,,,,,,,,
G200039-B,NYEAE1029001,Filter Paper 2,2,Pre-linked,,,,,,,,,,,
H200039-B,NYEAE1029001,Filter Paper-3,2,Pre-linked,,,,,,,,,,,
R200039-B,NYEAE1029001,RNA,2,Pre-linked,,,,,,,,,,,
S200039-B,NYEAE1029001,Serum,2,Pre-linked,,,,,,,,,,,
E200040-B,NYEAE1029002,Whole Blood,2,Pre-linked,,,,,,,,,,,
F200040-B,NYEAE1029002,Filter Paper 1,2,Pre-linked,,,,,,,,,,,
G200040-B,NYEAE1029002,Filter Paper 2,2,Pre-linked,,,,,,,,,,,
H200040-B,NYEAE1029002,Filter Paper-3,2,Pre-linked,,,,,,,,,,,
R200040-B,NYEAE1029002,RNA,2,Pre-linked,,,,,,,,,,,
S200040-B,NYEAE1029002,Serum,2,Pre-linked,,,,,,,,,,,
E200041-B,NYEAE1029003,Whole Blood,2,Pre-linked,,,,,,,,,,,
F200041-B,NYEAE1029003,Filter Paper 1,2,Pre-linked,,,,,,,,,,,
G200041-B,NYEAE1029003,Filter Paper 2,2,Pre-linked,,,,,,,,,,,
H200041-B,NYEAE1029003,Filter Paper-3,2,Pre-linked,,,,,,,,,,,
R200041-B,NYEAE1029003,RNA,2,Pre-linked,,,,,,,,,,,
S200041-B,NYEAE1029003,Serum,2,Pre-linked,,,,,,,,,,,
E200042-B,NYEAE1029004,Whole Blood,2,Pre-linked,,,,,,,,,,,
F200042-B,NYEAE1029004,Filter Paper 1,2,Pre-linked,,,,,,,,,,,
G200042-B,NYEAE1029004,Filter Paper 2,2,Pre-linked,,,,,,,,,,,
H200042-B,NYEAE1029004,Filter Paper-3,2,Pre-linked,,,,,,,,,,,
R200042-B,NYEAE1029004,RNA,2,Pre-linked,,,,,,,,,,,
S200042-B,NYEAE1029004,Serum,2,Pre-linked,,,,,,,,,,,
E200043-B,NYEAE1029005,Whole Blood,2,Pre-linked,,,,,,,,,,,
F200043-B,NYEAE1029005,Filter Paper 1,2,Pre-linked,,,,,,,,,,,
G200043-B,NYEAE1029005,Filter Paper 2,2,Pre-linked,,,,,,,,,,,
H200043-B,NYEAE1029005,Filter Paper-3,2,Pre-linked,,,,,,,,,,,
R200043-B,NYEAE1029005,RNA,2,Pre-linked,,,,,,,,,,,
S200043-B,NYEAE1029005,Serum,2,Pre-linked,,,,,,,,,,,
E200044-B,NYEAE1029006,Whole Blood,2,Pre-linked,,,,,,,,,,,
F200044-B,NYEAE1029006,Filter Paper 1,2,Pre-linked,,,,,,,,,,,
G200044-B,NYEAE1029006,Filter Paper 2,2,Pre-linked,,,,,,,,,,,
H200044-B,NYEAE1029006,Filter Paper-3,2,Pre-linked,,,,,,,,,,,
R200044-B,NYEAE1029006,RNA,2,Pre-linked,,,,,,,,,,,
S200044-B,NYEAE1029006,Serum,2,Pre-linked,,,,,,,,,,,
E200045-B,NYEAE1029007,Whole Blood,2,Pre-linked,,,,,,,,,,,
F200045-B,NYEAE1029007,Filter Paper 1,2,Pre-linked,,,,,,,,,,,
G200045-B,NYEAE1029007,Filter Paper 2,2,Pre-linked,,,,,,,,,,,
H200045-B,NYEAE1029007,Filter Paper-3,2,Pre-linked,,,,,,,,,,,
R200045-B,NYEAE1029007,RNA,2,Pre-linked,,,,,,,,,,,
S200045-B,NYEAE1029007,Serum,2,Pre-linked,,,,,,,,,,,
E200046-B,NYEAE1029008,Whole Blood,2,Pre-linked,,,,,,,,,,,
F200046-B,NYEAE1029008,Filter Paper 1,2,Pre-linked,,,,,,,,,,,
G200046-B,NYEAE1029008,Filter Paper 2,2,Pre-linked,,,,,,,,,,,
H200046-B,NYEAE1029008,Filter Paper-3,2,Pre-linked,,,,,,,,,,,
R200046-B,NYEAE1029008,RNA,2,Pre-linked,,,,,,,,,,,
S200046-B,NYEAE1029008,Serum,2,Pre-linked,,,,,,,,,,,
E200047-B,NYEAE1031001,Whole Blood,2,Pre-linked,,,,,,,,,,,
F200047-B,NYEAE1031001,Filter Paper 1,2,Pre-linked,,,,,,,,,,,
G200047-B,NYEAE1031001,Filter Paper 2,2,Pre-linked,,,,,,,,,,,
H200047-B,NYEAE1031001,Filter Paper-3,2,Pre-linked,,,,,,,,,,,
R200047-B,NYEAE1031001,RNA,2,Pre-linked,,,,,,,,,,,
S200047-B,NYEAE1031001,Serum,2,Pre-linked,,,,,,,,,,,
E200048-B,NYEAE1031002,Whole Blood,2,Pre-linked,,,,,,,,,,,
F200048-B,NYEAE1031002,Filter Paper 1,2,Pre-linked,,,,,,,,,,,
G200048-B,NYEAE1031002,Filter Paper 2,2,Pre-linked,,,,,,,,,,,
H200048-B,NYEAE1031002,Filter Paper-3,2,Pre-linked,,,,,,,,,,,
R200048-B,NYEAE1031002,RNA,2,Pre-linked,,,,,,,,,,,
S200048-B,NYEAE1031002,Serum,2,Pre-linked,,,,,,,,,,,
E200049-B,NYEAE1031003,Whole Blood,2,Pre-linked,,,,,,,,,,,
F200049-B,NYEAE1031003,Filter Paper 1,2,Pre-linked,,,,,,,,,,,
G200049-B,NYEAE1031003,Filter Paper 2,2,Pre-linked,,,,,,,,,,,
H200049-B,NYEAE1031003,Filter Paper-3,2,Pre-linked,,,,,,,,,,,
R200049-B,NYEAE1031003,RNA,2,Pre-linked,,,,,,,,,,,
S200049-B,NYEAE1031003,Serum,2,Pre-linked,,,,,,,,,,,
E200050-B,NYEAE1031004,Whole Blood,2,Pre-linked,,,,,,,,,,,
F200050-B,NYEAE1031004,Filter Paper 1,2,Pre-linked,,,,,,,,,,,
G200050-B,NYEAE1031004,Filter Paper 2,2,Pre-linked,,,,,,,,,,,
H200050-B,NYEAE1031004,Filter Paper-3,2,Pre-linked,,,,,,,,,,,
R200050-B,NYEAE1031004,RNA,2,Pre-linked,,,,,,,,,,,
S200050-B,NYEAE1031004,Serum,2,Pre-linked,,,,,,,,,,,
E200051-B,NYEAE1079001,Whole Blood,2,Pre-linked,,,,,,,,,,,
F200051-B,NYEAE1079001,Filter Paper 1,2,Pre-linked,,,,,,,,,,,
G200051-B,NYEAE1079001,Filter Paper 2,2,Pre-linked,,,,,,,,,,,
H200051-B,NYEAE1079001,Filter Paper-3,2,Pre-linked,,,,,,,,,,,
R200051-B,NYEAE1079001,RNA,2,Pre-linked,,,,,,,,,,,
S200051-B,NYEAE1079001,Serum,2,Pre-linked,,,,,,,,,,,
E200052-B,NYEAE1079002,Whole Blood,2,Pre-linked,,,,,,,,,,,
F200052-B,NYEAE1079002,Filter Paper 1,2,Pre-linked,,,,,,,,,,,
G200052-B,NYEAE1079002,Filter Paper 2,2,Pre-linked,,,,,,,,,,,
H200052-B,NYEAE1079002,Filter Paper-3,2,Pre-linked,,,,,,,,,,,
R200052-B,NYEAE1079002,RNA,2,Pre-linked,,,,,,,,,,,
S200052-B,NYEAE1079002,Serum,2,Pre-linked,,,,,,,,,,,
E200053-B,NYEAE1079003,Whole Blood,2,Pre-linked,,,,,,,,,,,
F200053-B,NYEAE1079003,Filter Paper 1,2,Pre-linked,,,,,,,,,,,
G200053-B,NYEAE1079003,Filter Paper 2,2,Pre-linked,,,,,,,,,,,
H200053-B,NYEAE1079003,Filter Paper-3,2,Pre-linked,,,,,,,,,,,
R200053-B,NYEAE1079003,RNA,2,Pre-linked,,,,,,,,,,,
S200053-B,NYEAE1079003,Serum,2,Pre-linked,,,,,,,,,,,
E200054-B,NYEAE1081001,Whole Blood,2,Pre-linked,,,,,,,,,,,
F200054-B,NYEAE1081001,Filter Paper 1,2,Pre-linked,,,,,,,,,,,
G200054-B,NYEAE1081001,Filter Paper 2,2,Pre-linked,,,,,,,,,,,
H200054-B,NYEAE1081001,Filter Paper-3,2,Pre-linked,,,,,,,,,,,
R200054-B,NYEAE1081001,RNA,2,Pre-linked,,,,,,,,,,,
S200054-B,NYEAE1081001,Serum,2,Pre-linked,,,,,,,,,,,
E200055-B,NYEAE1081002,Whole Blood,2,Pre-linked,,,,,,,,,,,
F200055-B,NYEAE1081002,Filter Paper 1,2,Pre-linked,,,,,,,,,,,
G200055-B,NYEAE1081002,Filter Paper 2,2,Pre-linked,,,,,,,,,,,
H200055-B,NYEAE1081002,Filter Paper-3,2,Pre-linked,,,,,,,,,,,
R200055-B,NYEAE1081002,RNA,2,Pre-linked,,,,,,,,,,,
S200055-B,NYEAE1081002,Serum,2,Pre-linked,,,,,,,,,,,
E200056-B,NYEAE1081003,Whole Blood,2,Pre-linked,,,,,,,,,,,
F200056-B,NYEAE1081003,Filter Paper 1,2,Pre-linked,,,,,,,,,,,
G200056-B,NYEAE1081003,Filter Paper 2,2,Pre-linked,,,,,,,,,,,
H200056-B,NYEAE1081003,Filter Paper-3,2,Pre-linked,,,,,,,,,,,
R200056-B,NYEAE1081003,RNA,2,Pre-linked,,,,,,,,,,,
S200056-B,NYEAE1081003,Serum,2,Pre-linked,,,,,,,,,,,
E200057-B,NYEAE1081004,Whole Blood,2,Pre-linked,,,,,,,,,,,
F200057-B,NYEAE1081004,Filter Paper 1,2,Pre-linked,,,,,,,,,,,
G200057-B,NYEAE1081004,Filter Paper 2,2,Pre-linked,,,,,,,,,,,
H200057-B,NYEAE1081004,Filter Paper-3,2,Pre-linked,,,,,,,,,,,
R200057-B,NYEAE1081004,RNA,2,Pre-linked,,,,,,,,,,,
S200057-B,NYEAE1081004,Serum,2,Pre-linked,,,,,,,,,,,
E200058-B,NYEAE1081005,Whole Blood,2,Pre-linked,,,,,,,,,,,
F200058-B,NYEAE1081005,Filter Paper 1,2,Pre-linked,,,,,,,,,,,
G200058-B,NYEAE1081005,Filter Paper 2,2,Pre-linked,,,,,,,,,,,
H200058-B,NYEAE1081005,Filter Paper-3,2,Pre-linked,,,,,,,,,,,
R200058-B,NYEAE1081005,RNA,2,Pre-linked,,,,,,,,,,,
S200058-B,NYEAE1081005,Serum,2,Pre-linked,,,,,,,,,,,
E200059-B,NYEAE1085001,Whole Blood,2,Pre-linked,,,,,,,,,,,
F200059-B,NYEAE1085001,Filter Paper 1,2,Pre-linked,,,,,,,,,,,
G200059-B,NYEAE1085001,Filter Paper 2,2,Pre-linked,,,,,,,,,,,
H200059-B,NYEAE1085001,Filter Paper-3,2,Pre-linked,,,,,,,,,,,
R200059-B,NYEAE1085001,RNA,2,Pre-linked,,,,,,,,,,,
S200059-B,NYEAE1085001,Serum,2,Pre-linked,,,,,,,,,,,
E200060-B,NYEAE1085002,Whole Blood,2,Pre-linked,,,,,,,,,,,
F200060-B,NYEAE1085002,Filter Paper 1,2,Pre-linked,,,,,,,,,,,
G200060-B,NYEAE1085002,Filter Paper 2,2,Pre-linked,,,,,,,,,,,
H200060-B,NYEAE1085002,Filter Paper-3,2,Pre-linked,,,,,,,,,,,
R200060-B,NYEAE1085002,RNA,2,Pre-linked,,,,,,,,,,,
S200060-B,NYEAE1085002,Serum,2,Pre-linked,,,,,,,,,,,
E200061-B,NYEAE1085003,Whole Blood,2,Pre-linked,,,,,,,,,,,
F200061-B,NYEAE1085003,Filter Paper 1,2,Pre-linked,,,,,,,,,,,
G200061-B,NYEAE1085003,Filter Paper 2,2,Pre-linked,,,,,,,,,,,
H200061-B,NYEAE1085003,Filter Paper-3,2,Pre-linked,,,,,,,,,,,
R200061-B,NYEAE1085003,RNA,2,Pre-linked,,,,,,,,,,,
S200061-B,NYEAE1085003,Serum,2,Pre-linked,,,,,,,,,,,
E200062-B,NYEAE1086001,Whole Blood,2,Pre-linked,,,,,,,,,,,
F200062-B,NYEAE1086001,Filter Paper 1,2,Pre-linked,,,,,,,,,,,
G200062-B,NYEAE1086001,Filter Paper 2,2,Pre-linked,,,,,,,,,,,
H200062-B,NYEAE1086001,Filter Paper-3,2,Pre-linked,,,,,,,,,,,
R200062-B,NYEAE1086001,RNA,2,Pre-linked,,,,,,,,,,,
S200062-B,NYEAE1086001,Serum,2,Pre-linked,,,,,,,,,,,
E200063-B,NYEAE1086002,Whole Blood,2,Pre-linked,,,,,,,,,,,
F200063-B,NYEAE1086002,Filter Paper 1,2,Pre-linked,,,,,,,,,,,
G200063-B,NYEAE1086002,Filter Paper 2,2,Pre-linked,,,,,,,,,,,
H200063-B,NYEAE1086002,Filter Paper-3,2,Pre-linked,,,,,,,,,,,
R200063-B,NYEAE1086002,RNA,2,Pre-linked,,,,,,,,,,,
S200063-B,NYEAE1086002,Serum,2,Pre-linked,,,,,,,,,,,
E200064-B,NYEAE1086003,Whole Blood,2,Pre-linked,,,,,,,,,,,
F200064-B,NYEAE1086003,Filter Paper 1,2,Pre-linked,,,,,,,,,,,
G200064-B,NYEAE1086003,Filter Paper 2,2,Pre-linked,,,,,,,,,,,
H200064-B,NYEAE1086003,Filter Paper-3,2,Pre-linked,,,,,,,,,,,
R200064-B,NYEAE1086003,RNA,2,Pre-linked,,,,,,,,,,,
S200064-B,NYEAE1086003,Serum,2,Pre-linked,,,,,,,,,,,
E200065-B,NYEAE1086004,Whole Blood,2,Pre-linked,,,,,,,,,,,
F200065-B,NYEAE1086004,Filter Paper 1,2,Pre-linked,,,,,,,,,,,
G200065-B,NYEAE1086004,Filter Paper 2,2,Pre-linked,,,,,,,,,,,
H200065-B,NYEAE1086004,Filter Paper-3,2,Pre-linked,,,,,,,,,,,
R200065-B,NYEAE1086004,RNA,2,Pre-linked,,,,,,,,,,,
S200065-B,NYEAE1086004,Serum,2,Pre-linked,,,,,,,,,,,
E200066-B,NYEAE1086005,Whole Blood,2,Pre-linked,,,,,,,,,,,
F200066-B,NYEAE1086005,Filter Paper 1,2,Pre-linked,,,,,,,,,,,
G200066-B,NYEAE1086005,Filter Paper 2,2,Pre-linked,,,,,,,,,,,
H200066-B,NYEAE1086005,Filter Paper-3,2,Pre-linked,,,,,,,,,,,
R200066-B,NYEAE1086005,RNA,2,Pre-linked,,,,,,,,,,,
S200066-B,NYEAE1086005,Serum,2,Pre-linked,,,,,,,,,,,
F100001-J,,Filter Paper 1,0,Non-linked and not used,,,,,,,,,,,
G100001-J,,Filter Paper 2,0,Non-linked and not used,,,,,,,,,,,
F100002-J,,Filter Paper 1,0,Non-linked and not used,,,,,,,,,,,
G100002-J,,Filter Paper 2,0,Non-linked and not used,,,,,,,,,,,
F100003-J,,Filter Paper 1,0,Non-linked and not used,,,,,,,,,,,
G100003-J,,Filter Paper 2,0,Non-linked and not used,,,,,,,,,,,
F100004-J,,Filter Paper 1,0,Non-linked and not used,,,,,,,,,,,
G100004-J,,Filter Paper 2,0,Non-linked and not used,,,,,,,,,,,
F100005-J,,Filter Paper 1,0,Non-linked and not used,,,,,,,,,,,
G100005-J,,Filter Paper 2,0,Non-linked and not used,,,,,,,,,,,
F100006-J,,Filter Paper 1,0,Non-linked and not used,,,,,,,,,,,
G100006-J,,Filter Paper 2,0,Non-linked and not used,,,,,,,,,,,
F100007-J,,Filter Paper 1,0,Non-linked and not used,,,,,,,,,,,
G100007-J,,Filter Paper 2,0,Non-linked and not used,,,,,,,,,,,
F100008-J,,Filter Paper 1,0,Non-linked and not used,,,,,,,,,,,
G100008-J,,Filter Paper 2,0,Non-linked and not used,,,,,,,,,,,
F100009-J,,Filter Paper 1,0,Non-linked and not used,,,,,,,,,,,
G100009-J,,Filter Paper 2,0,Non-linked and not used,,,,,,,,,,,
F100010-J,,Filter Paper 1,0,Non-linked and not used,,,,,,,,,,,
G100010-J,,Filter Paper 2,0,Non-linked and not used,,,,,,,,,,,
F100011-J,,Filter Paper 1,0,Non-linked and not used,,,,,,,,,,,
G100011-J,,Filter Paper 2,0,Non-linked and not used,,,,,,,,,,,
F100012-J,,Filter Paper 1,0,Non-linked and not used,,,,,,,,,,,
G100012-J,,Filter Paper 2,0,Non-linked and not used,,,,,,,,,,,
F100013-J,,Filter Paper 1,0,Non-linked and not used,,,,,,,,,,,
G100013-J,,Filter Paper 2,0,Non-linked and not used,,,,,,,,,,,
F100014-J,,Filter Paper 1,0,Non-linked and not used,,,,,,,,,,,
G100014-J,,Filter Paper 2,0,Non-linked and not used,,,,,,,,,,,
F100015-J,,Filter Paper 1,0,Non-linked and not used,,,,,,,,,,,
G100015-J,,Filter Paper 2,0,Non-linked and not used,,,,,,,,,,,
F100016-J,,Filter Paper 1,0,Non-linked and not used,,,,,,,,,,,
G100016-J,,Filter Paper 2,0,Non-linked and not used,,,,,,,,,,,
F100017-J,,Filter Paper 1,0,Non-linked and not used,,,,,,,,,,,
G100017-J,,Filter Paper 2,0,Non-linked and not used,,,,,,,,,,,
F100018-J,,Filter Paper 1,0,Non-linked and not used,,,,,,,,,,,
G100018-J,,Filter Paper 2,0,Non-linked and not used,,,,,,,,,,,
F100019-J,,Filter Paper 1,0,Non-linked and not used,,,,,,,,,,,
G100019-J,,Filter Paper 2,0,Non-linked and not used,,,,,,,,,,,
F100020-J,,Filter Paper 1,0,Non-linked and not used,,,,,,,,,,,
G100020-J,,Filter Paper 2,0,Non-linked and not used,,,,,,,,,,,
F100021-J,,Filter Paper 1,0,Non-linked and not used,,,,,,,,,,,
G100021-J,,Filter Paper 2,0,Non-linked and not used,,,,,,,,,,,
F100022-J,,Filter Paper 1,0,Non-linked and not used,,,,,,,,,,,
G100022-J,,Filter Paper 2,0,Non-linked and not used,,,,,,,,,,,
F100023-J,,Filter Paper 1,0,Non-linked and not used,,,,,,,,,,,
G100023-J,,Filter Paper 2,0,Non-linked and not used,,,,,,,,,,,
F100024-J,,Filter Paper 1,0,Non-linked and not used,,,,,,,,,,,
G100024-J,,Filter Paper 2,0,Non-linked and not used,,,,,,,,,,,
F100025-J,,Filter Paper 1,0,Non-linked and not used,,,,,,,,,,,
G100025-J,,Filter Paper 2,0,Non-linked and not used,,,,,,,,,,,
F100026-J,,Filter Paper 1,0,Non-linked and not used,,,,,,,,,,,
G100026-J,,Filter Paper 2,0,Non-linked and not used,,,,,,,,,,,
F100027-J,,Filter Paper 1,0,Non-linked and not used,,,,,,,,,,,
G100027-J,,Filter Paper 2,0,Non-linked and not used,,,,,,,,,,,
F100028-J,,Filter Paper 1,0,Non-linked and not used,,,,,,,,,,,
G100028-J,,Filter Paper 2,0,Non-linked and not used,,,,,,,,,,,
F100029-J,,Filter Paper 1,0,Non-linked and not used,,,,,,,,,,,
G100029-J,,Filter Paper 2,0,Non-linked and not used,,,,,,,,,,,
F100030-J,,Filter Paper 1,0,Non-linked and not used,,,,,,,,,,,
G100030-J,,Filter Paper 2,0,Non-linked and not used,,,,,,,,,,,
F100031-J,,Filter Paper 1,0,Non-linked and not used,,,,,,,,,,,
G100031-J,,Filter Paper 2,0,Non-linked and not used,,,,,,,,,,,
F100032-J,,Filter Paper 1,0,Non-linked and not used,,,,,,,,,,,
G100032-J,,Filter Paper 2,0,Non-linked and not used,,,,,,,,,,,
F100033-J,,Filter Paper 1,0,Non-linked and not used,,,,,,,,,,,
G100033-J,,Filter Paper 2,0,Non-linked and not used,,,,,,,,,,,
F100034-J,,Filter Paper 1,0,Non-linked and not used,,,,,,,,,,,
G100034-J,,Filter Paper 2,0,Non-linked and not used,,,,,,,,,,,
F100035-J,,Filter Paper 1,0,Non-linked and not used,,,,,,,,,,,
G100035-J,,Filter Paper 2,0,Non-linked and not used,,,,,,,,,,,
F100036-J,,Filter Paper 1,0,Non-linked and not used,,,,,,,,,,,
G100036-J,,Filter Paper 2,0,Non-linked and not used,,,,,,,,,,,
F100037-J,,Filter Paper 1,0,Non-linked and not used,,,,,,,,,,,
G100037-J,,Filter Paper 2,0,Non-linked and not used,,,,,,,,,,,
F100038-J,,Filter Paper 1,0,Non-linked and not used,,,,,,,,,,,
G100038-J,,Filter Paper 2,0,Non-linked and not used,,,,,,,,,,,
F100039-J,,Filter Paper 1,0,Non-linked and not used,,,,,,,,,,,
G100039-J,,Filter Paper 2,0,Non-linked and not used,,,,,,,,,,,
F100040-J,,Filter Paper 1,0,Non-linked and not used,,,,,,,,,,,
G100040-J,,Filter Paper 2,0,Non-linked and not used,,,,,,,,,,,
F100041-J,,Filter Paper 1,0,Non-linked and not used,,,,,,,,,,,
G100041-J,,Filter Paper 2,0,Non-linked and not used,,,,,,,,,,,
F100042-J,,Filter Paper 1,0,Non-linked and not used,,,,,,,,,,,
G100042-J,,Filter Paper 2,0,Non-linked and not used,,,,,,,,,,,
F100043-J,,Filter Paper 1,0,Non-linked and not used,,,,,,,,,,,
G100043-J,,Filter Paper 2,0,Non-linked and not used,,,,,,,,,,,
F100044-J,,Filter Paper 1,0,Non-linked and not used,,,,,,,,,,,
G100044-J,,Filter Paper 2,0,Non-linked and not used,,,,,,,,,,,
F100045-J,,Filter Paper 1,0,Non-linked and not used,,,,,,,,,,,
G100045-J,,Filter Paper 2,0,Non-linked and not used,,,,,,,,,,,
F100046-J,,Filter Paper 1,0,Non-linked and not used,,,,,,,,,,,
G100046-J,,Filter Paper 2,0,Non-linked and not used,,,,,,,,,,,
F100047-J,,Filter Paper 1,0,Non-linked and not used,,,,,,,,,,,
G100047-J,,Filter Paper 2,0,Non-linked and not used,,,,,,,,,,,
F100048-J,,Filter Paper 1,0,Non-linked and not used,,,,,,,,,,,
G100048-J,,Filter Paper 2,0,Non-linked and not used,,,,,,,,,,,
F100049-J,,Filter Paper 1,0,Non-linked and not used,,,,,,,,,,,
G100049-J,,Filter Paper 2,0,Non-linked and not used,,,,,,,,,,,
F100050-J,,Filter Paper 1,0,Non-linked and not used,,,,,,,,,,,
G100050-J,,Filter Paper 2,0,Non-linked and not used,,,,,,,,,,,
F100051-J,,Filter Paper 1,0,Non-linked and not used,,,,,,,,,,,
G100051-J,,Filter Paper 2,0,Non-linked and not used,,,,,,,,,,,
F100052-J,,Filter Paper 1,0,Non-linked and not used,,,,,,,,,,,
G100052-J,,Filter Paper 2,0,Non-linked and not used,,,,,,,,,,,
F100053-J,,Filter Paper 1,0,Non-linked and not used,,,,,,,,,,,
G100053-J,,Filter Paper 2,0,Non-linked and not used,,,,,,,,,,,
F100054-J,,Filter Paper 1,0,Non-linked and not used,,,,,,,,,,,
G100054-J,,Filter Paper 2,0,Non-linked and not used,,,,,,,,,,,
F100055-J,,Filter Paper 1,0,Non-linked and not used,,,,,,,,,,,
G100055-J,,Filter Paper 2,0,Non-linked and not used,,,,,,,,,,,
F100056-J,,Filter Paper 1,0,Non-linked and not used,,,,,,,,,,,
G100056-J,,Filter Paper 2,0,Non-linked and not used,,,,,,,,,,,
F100057-J,,Filter Paper 1,0,Non-linked and not used,,,,,,,,,,,
G100057-J,,Filter Paper 2,0,Non-linked and not used,,,,,,,,,,,
F100058-J,,Filter Paper 1,0,Non-linked and not used,,,,,,,,,,,
G100058-J,,Filter Paper 2,0,Non-linked and not used,,,,,,,,,,,
F100059-J,,Filter Paper 1,0,Non-linked and not used,,,,,,,,,,,
G100059-J,,Filter Paper 2,0,Non-linked and not used,,,,,,,,,,,
F100060-J,,Filter Paper 1,0,Non-linked and not used,,,,,,,,,,,
G100060-J,,Filter Paper 2,0,Non-linked and not used,,,,,,,,,,,
F100061-J,,Filter Paper 1,0,Non-linked and not used,,,,,,,,,,,
G100061-J,,Filter Paper 2,0,Non-linked and not used,,,,,,,,,,,
F100062-J,,Filter Paper 1,0,Non-linked and not used,,,,,,,,,,,
G100062-J,,Filter Paper 2,0,Non-linked and not used,,,,,,,,,,,
F100063-J,,Filter Paper 1,0,Non-linked and not used,,,,,,,,,,,
G100063-J,,Filter Paper 2,0,Non-linked and not used,,,,,,,,,,,
F100064-J,,Filter Paper 1,0,Non-linked and not used,,,,,,,,,,,
G100064-J,,Filter Paper 2,0,Non-linked and not used,,,,,,,,,,,
F100065-J,,Filter Paper 1,0,Non-linked and not used,,,,,,,,,,,
G100065-J,,Filter Paper 2,0,Non-linked and not used,,,,,,,,,,,
F100066-J,,Filter Paper 1,0,Non-linked and not used,,,,,,,,,,,
G100066-J,,Filter Paper 2,0,Non-linked and not used,,,,,,,,,,,
F100067-J,,Filter Paper 1,0,Non-linked and not used,,,,,,,,,,,
G100067-J,,Filter Paper 2,0,Non-linked and not used,,,,,,,,,,,
F100068-J,,Filter Paper 1,0,Non-linked and not used,,,,,,,,,,,
G100068-J,,Filter Paper 2,0,Non-linked and not used,,,,,,,,,,,
F100069-J,,Filter Paper 1,0,Non-linked and not used,,,,,,,,,,,
G100069-J,,Filter Paper 2,0,Non-linked and not used,,,,,,,,,,,
F100070-J,,Filter Paper 1,0,Non-linked and not used,,,,,,,,,,,
G100070-J,,Filter Paper 2,0,Non-linked and not used,,,,,,,,,,,
F100071-J,,Filter Paper 1,0,Non-linked and not used,,,,,,,,,,,
G100071-J,,Filter Paper 2,0,Non-linked and not used,,,,,,,,,,,
F100072-J,,Filter Paper 1,0,Non-linked and not used,,,,,,,,,,,
G100072-J,,Filter Paper 2,0,Non-linked and not used,,,,,,,,,,,
F100073-J,,Filter Paper 1,0,Non-linked and not used,,,,,,,,,,,
G100073-J,,Filter Paper 2,0,Non-linked and not used,,,,,,,,,,,
F100074-J,,Filter Paper 1,0,Non-linked and not used,,,,,,,,,,,
G100074-J,,Filter Paper 2,0,Non-linked and not used,,,,,,,,,,,
F100075-J,,Filter Paper 1,0,Non-linked and not used,,,,,,,,,,,
G100075-J,,Filter Paper 2,0,Non-linked and not used,,,,,,,,,,,
F100076-J,,Filter Paper 1,0,Non-linked and not used,,,,,,,,,,,
G100076-J,,Filter Paper 2,0,Non-linked and not used,,,,,,,,,,,
F100077-J,,Filter Paper 1,0,Non-linked and not used,,,,,,,,,,,
G100077-J,,Filter Paper 2,0,Non-linked and not used,,,,,,,,,,,
F100078-J,,Filter Paper 1,0,Non-linked and not used,,,,,,,,,,,
G100078-J,,Filter Paper 2,0,Non-linked and not used,,,,,,,,,,,
F100101-K,,Filter Paper 1,0,Non-linked and not used,,,,,,,,,,,
G100101-K,,Filter Paper 2,0,Non-linked and not used,,,,,,,,,,,
F100102-K,,Filter Paper 1,0,Non-linked and not used,,,,,,,,,,,
G100102-K,,Filter Paper 2,0,Non-linked and not used,,,,,,,,,,,
F100103-K,,Filter Paper 1,0,Non-linked and not used,,,,,,,,,,,
G100103-K,,Filter Paper 2,0,Non-linked and not used,,,,,,,,,,,
F100104-K,,Filter Paper 1,0,Non-linked and not used,,,,,,,,,,,
G100104-K,,Filter Paper 2,0,Non-linked and not used,,,,,,,,,,,
F100105-K,,Filter Paper 1,0,Non-linked and not used,,,,,,,,,,,
G100105-K,,Filter Paper 2,0,Non-linked and not used,,,,,,,,,,,
F100106-K,,Filter Paper 1,0,Non-linked and not used,,,,,,,,,,,
G100106-K,,Filter Paper 2,0,Non-linked and not used,,,,,,,,,,,
F100107-K,,Filter Paper 1,0,Non-linked and not used,,,,,,,,,,,
G100107-K,,Filter Paper 2,0,Non-linked and not used,,,,,,,,,,,
F100108-K,,Filter Paper 1,0,Non-linked and not used,,,,,,,,,,,
G100108-K,,Filter Paper 2,0,Non-linked and not used,,,,,,,,,,,
F100109-K,,Filter Paper 1,0,Non-linked and not used,,,,,,,,,,,
G100109-K,,Filter Paper 2,0,Non-linked and not used,,,,,,,,,,,
F100110-K,,Filter Paper 1,0,Non-linked and not used,,,,,,,,,,,
G100110-K,,Filter Paper 2,0,Non-linked and not used,,,,,,,,,,,
F100111-K,,Filter Paper 1,0,Non-linked and not used,,,,,,,,,,,
G100111-K,,Filter Paper 2,0,Non-linked and not used,,,,,,,,,,,
F100112-K,,Filter Paper 1,0,Non-linked and not used,,,,,,,,,,,
G100112-K,,Filter Paper 2,0,Non-linked and not used,,,,,,,,,,,
F100113-K,,Filter Paper 1,0,Non-linked and not used,,,,,,,,,,,
G100113-K,,Filter Paper 2,0,Non-linked and not used,,,,,,,,,,,
F100114-K,,Filter Paper 1,0,Non-linked and not used,,,,,,,,,,,
G100114-K,,Filter Paper 2,0,Non-linked and not used,,,,,,,,,,,
F100115-K,,Filter Paper 1,0,Non-linked and not used,,,,,,,,,,,
G100115-K,,Filter Paper 2,0,Non-linked and not used,,,,,,,,,,,
F100116-K,,Filter Paper 1,0,Non-linked and not used,,,,,,,,,,,
G100116-K,,Filter Paper 2,0,Non-linked and not used,,,,,,,,,,,
F100117-K,,Filter Paper 1,0,Non-linked and not used,,,,,,,,,,,
G100117-K,,Filter Paper 2,0,Non-linked and not used,,,,,,,,,,,
F100118-K,,Filter Paper 1,0,Non-linked and not used,,,,,,,,,,,
G100118-K,,Filter Paper 2,0,Non-linked and not used,,,,,,,,,,,
F100119-K,,Filter Paper 1,0,Non-linked and not used,,,,,,,,,,,
G100119-K,,Filter Paper 2,0,Non-linked and not used,,,,,,,,,,,
F100120-K,,Filter Paper 1,0,Non-linked and not used,,,,,,,,,,,
G100120-K,,Filter Paper 2,0,Non-linked and not used,,,,,,,,,,,
F100121-K,,Filter Paper 1,0,Non-linked and not used,,,,,,,,,,,
G100121-K,,Filter Paper 2,0,Non-linked and not used,,,,,,,,,,,
F100122-K,,Filter Paper 1,0,Non-linked and not used,,,,,,,,,,,
G100122-K,,Filter Paper 2,0,Non-linked and not used,,,,,,,,,,,
F100123-K,,Filter Paper 1,0,Non-linked and not used,,,,,,,,,,,
G100123-K,,Filter Paper 2,0,Non-linked and not used,,,,,,,,,,,
F100124-K,,Filter Paper 1,0,Non-linked and not used,,,,,,,,,,,
G100124-K,,Filter Paper 2,0,Non-linked and not used,,,,,,,,,,,
F100125-K,,Filter Paper 1,0,Non-linked and not used,,,,,,,,,,,
G100125-K,,Filter Paper 2,0,Non-linked and not used,,,,,,,,,,,
F100126-K,,Filter Paper 1,0,Non-linked and not used,,,,,,,,,,,
G100126-K,,Filter Paper 2,0,Non-linked and not used,,,,,,,,,,,
F100127-K,,Filter Paper 1,0,Non-linked and not used,,,,,,,,,,,
G100127-K,,Filter Paper 2,0,Non-linked and not used,,,,,,,,,,,
F100128-K,,Filter Paper 1,0,Non-linked and not used,,,,,,,,,,,
G100128-K,,Filter Paper 2,0,Non-linked and not used,,,,,,,,,,,
F100129-K,,Filter Paper 1,0,Non-linked and not used,,,,,,,,,,,
G100129-K,,Filter Paper 2,0,Non-linked and not used,,,,,,,,,,,
F100130-K,,Filter Paper 1,0,Non-linked and not used,,,,,,,,,,,
G100130-K,,Filter Paper 2,0,Non-linked and not used,,,,,,,,,,,
F100131-K,,Filter Paper 1,0,Non-linked and not used,,,,,,,,,,,
G100131-K,,Filter Paper 2,0,Non-linked and not used,,,,,,,,,,,
F100132-K,,Filter Paper 1,0,Non-linked and not used,,,,,,,,,,,
G100132-K,,Filter Paper 2,0,Non-linked and not used,,,,,,,,,,,
F100133-K,,Filter Paper 1,0,Non-linked and not used,,,,,,,,,,,
G100133-K,,Filter Paper 2,0,Non-linked and not used,,,,,,,,,,,
F100134-K,,Filter Paper 1,0,Non-linked and not used,,,,,,,,,,,
G100134-K,,Filter Paper 2,0,Non-linked and not used,,,,,,,,,,,
F100135-K,,Filter Paper 1,0,Non-linked and not used,,,,,,,,,,,
G100135-K,,Filter Paper 2,0,Non-linked and not used,,,,,,,,,,,
F100136-K,,Filter Paper 1,0,Non-linked and not used,,,,,,,,,,,
G100136-K,,Filter Paper 2,0,Non-linked and not used,,,,,,,,,,,
F100137-K,,Filter Paper 1,0,Non-linked and not used,,,,,,,,,,,
G100137-K,,Filter Paper 2,0,Non-linked and not used,,,,,,,,,,,
F100138-K,,Filter Paper 1,0,Non-linked and not used,,,,,,,,,,,
G100138-K,,Filter Paper 2,0,Non-linked and not used,,,,,,,,,,,
F100139-K,,Filter Paper 1,0,Non-linked and not used,,,,,,,,,,,
G100139-K,,Filter Paper 2,0,Non-linked and not used,,,,,,,,,,,
F100140-K,,Filter Paper 1,0,Non-linked and not used,,,,,,,,,,,
G100140-K,,Filter Paper 2,0,Non-linked and not used,,,,,,,,,,,
F100141-K,,Filter Paper 1,0,Non-linked and not used,,,,,,,,,,,
G100141-K,,Filter Paper 2,0,Non-linked and not used,,,,,,,,,,,
F100142-K,,Filter Paper 1,0,Non-linked and not used,,,,,,,,,,,
G100142-K,,Filter Paper 2,0,Non-linked and not used,,,,,,,,,,,
F100143-K,,Filter Paper 1,0,Non-linked and not used,,,,,,,,,,,
G100143-K,,Filter Paper 2,0,Non-linked and not used,,,,,,,,,,,
F100144-K,,Filter Paper 1,0,Non-linked and not used,,,,,,,,,,,
G100144-K,,Filter Paper 2,0,Non-linked and not used,,,,,,,,,,,
F100145-K,,Filter Paper 1,0,Non-linked and not used,,,,,,,,,,,
G100145-K,,Filter Paper 2,0,Non-linked and not used,,,,,,,,,,,
F100146-K,,Filter Paper 1,0,Non-linked and not used,,,,,,,,,,,
G100146-K,,Filter Paper 2,0,Non-linked and not used,,,,,,,,,,,
F100147-K,,Filter Paper 1,0,Non-linked and not used,,,,,,,,,,,
G100147-K,,Filter Paper 2,0,Non-linked and not used,,,,,,,,,,,
F100148-K,,Filter Paper 1,0,Non-linked and not used,,,,,,,,,,,
G100148-K,,Filter Paper 2,0,Non-linked and not used,,,,,,,,,,,
F100149-K,,Filter Paper 1,0,Non-linked and not used,,,,,,,,,,,
G100149-K,,Filter Paper 2,0,Non-linked and not used,,,,,,,,,,,
F100150-K,,Filter Paper 1,0,Non-linked and not used,,,,,,,,,,,
G100150-K,,Filter Paper 2,0,Non-linked and not used,,,,,,,,,,,
F100151-K,,Filter Paper 1,0,Non-linked and not used,,,,,,,,,,,
G100151-K,,Filter Paper 2,0,Non-linked and not used,,,,,,,,,,,
F100152-K,,Filter Paper 1,0,Non-linked and not used,,,,,,,,,,,
G100152-K,,Filter Paper 2,0,Non-linked and not used,,,,,,,,,,,
F100153-K,,Filter Paper 1,0,Non-linked and not used,,,,,,,,,,,
G100153-K,,Filter Paper 2,0,Non-linked and not used,,,,,,,,,,,
F100154-K,,Filter Paper 1,0,Non-linked and not used,,,,,,,,,,,
G100154-K,,Filter Paper 2,0,Non-linked and not used,,,,,,,,,,,
F100155-K,,Filter Paper 1,0,Non-linked and not used,,,,,,,,,,,
G100155-K,,Filter Paper 2,0,Non-linked and not used,,,,,,,,,,,
F100156-K,,Filter Paper 1,0,Non-linked and not used,,,,,,,,,,,
G100156-K,,Filter Paper 2,0,Non-linked and not used,,,,,,,,,,,
F100157-K,,Filter Paper 1,0,Non-linked and not used,,,,,,,,,,,
G100157-K,,Filter Paper 2,0,Non-linked and not used,,,,,,,,,,,
F100158-K,,Filter Paper 1,0,Non-linked and not used,,,,,,,,,,,
G100158-K,,Filter Paper 2,0,Non-linked and not used,,,,,,,,,,,
F100159-K,,Filter Paper 1,0,Non-linked and not used,,,,,,,,,,,
G100159-K,,Filter Paper 2,0,Non-linked and not used,,,,,,,,,,,
F100160-K,,Filter Paper 1,0,Non-linked and not used,,,,,,,,,,,
G100160-K,,Filter Paper 2,0,Non-linked and not used,,,,,,,,,,,
F100161-K,,Filter Paper 1,0,Non-linked and not used,,,,,,,,,,,
G100161-K,,Filter Paper 2,0,Non-linked and not used,,,,,,,,,,,
F100162-K,,Filter Paper 1,0,Non-linked and not used,,,,,,,,,,,
G100162-K,,Filter Paper 2,0,Non-linked and not used,,,,,,,,,,,
F100163-K,,Filter Paper 1,0,Non-linked and not used,,,,,,,,,,,
G100163-K,,Filter Paper 2,0,Non-linked and not used,,,,,,,,,,,
F100164-K,,Filter Paper 1,0,Non-linked and not used,,,,,,,,,,,
G100164-K,,Filter Paper 2,0,Non-linked and not used,,,,,,,,,,,
F100165-K,,Filter Paper 1,0,Non-linked and not used,,,,,,,,,,,
G100165-K,,Filter Paper 2,0,Non-linked and not used,,,,,,,,,,,
F100166-K,,Filter Paper 1,0,Non-linked and not used,,,,,,,,,,,
G100166-K,,Filter Paper 2,0,Non-linked and not used,,,,,,,,,,,
F100167-K,,Filter Paper 1,0,Non-linked and not used,,,,,,,,,,,
G100167-K,,Filter Paper 2,0,Non-linked and not used,,,,,,,,,,,
F100168-K,,Filter Paper 1,0,Non-linked and not used,,,,,,,,,,,
G100168-K,,Filter Paper 2,0,Non-linked and not used,,,,,,,,,,,
F100169-K,,Filter Paper 1,0,Non-linked and not used,,,,,,,,,,,
G100169-K,,Filter Paper 2,0,Non-linked and not used,,,,,,,,,,,
F100170-K,,Filter Paper 1,0,Non-linked and not used,,,,,,,,,,,
G100170-K,,Filter Paper 2,0,Non-linked and not used,,,,,,,,,,,
F100171-K,,Filter Paper 1,0,Non-linked and not used,,,,,,,,,,,
G100171-K,,Filter Paper 2,0,Non-linked and not used,,,,,,,,,,,
F100172-K,,Filter Paper 1,0,Non-linked and not used,,,,,,,,,,,
G100172-K,,Filter Paper 2,0,Non-linked and not used,,,,,,,,,,,
F100173-K,,Filter Paper 1,0,Non-linked and not used,,,,,,,,,,,
G100173-K,,Filter Paper 2,0,Non-linked and not used,,,,,,,,,,,
F100174-K,,Filter Paper 1,0,Non-linked and not used,,,,,,,,,,,
G100174-K,,Filter Paper 2,0,Non-linked and not used,,,,,,,,,,,
F100175-K,,Filter Paper 1,0,Non-linked and not used,,,,,,,,,,,
G100175-K,,Filter Paper 2,0,Non-linked and not used,,,,,,,,,,,
F100176-K,,Filter Paper 1,0,Non-linked and not used,,,,,,,,,,,
G100176-K,,Filter Paper 2,0,Non-linked and not used,,,,,,,,,,,
F100177-K,,Filter Paper 1,0,Non-linked and not used,,,,,,,,,,,
G100177-K,,Filter Paper 2,0,Non-linked and not used,,,,,,,,,,,
F100178-K,,Filter Paper 1,0,Non-linked and not used,,,,,,,,,,,
G100178-K,,Filter Paper 2,0,Non-linked and not used,,,,,,,,,,,
F100179-K,,Filter Paper 1,0,Non-linked and not used,,,,,,,,,,,
G100179-K,,Filter Paper 2,0,Non-linked and not used,,,,,,,,,,,
F100180-K,,Filter Paper 1,0,Non-linked and not used,,,,,,,,,,,
G100180-K,,Filter Paper 2,0,Non-linked and not used,,,,,,,,,,,
F100181-K,,Filter Paper 1,0,Non-linked and not used,,,,,,,,,,,
G100181-K,,Filter Paper 2,0,Non-linked and not used,,,,,,,,,,,
F100182-K,,Filter Paper 1,0,Non-linked and not used,,,,,,,,,,,
G100182-K,,Filter Paper 2,0,Non-linked and not used,,,,,,,,,,,
F100183-K,,Filter Paper 1,0,Non-linked and not used,,,,,,,,,,,
G100183-K,,Filter Paper 2,0,Non-linked and not used,,,,,,,,,,,
F100184-K,,Filter Paper 1,0,Non-linked and not used,,,,,,,,,,,
G100184-K,,Filter Paper 2,0,Non-linked and not used,,,,,,,,,,,
F100185-K,,Filter Paper 1,0,Non-linked and not used,,,,,,,,,,,
G100185-K,,Filter Paper 2,0,Non-linked and not used,,,,,,,,,,,
F100186-K,,Filter Paper 1,0,Non-linked and not used,,,,,,,,,,,
G100186-K,,Filter Paper 2,0,Non-linked and not used,,,,,,,,,,,
F100187-K,,Filter Paper 1,0,Non-linked and not used,,,,,,,,,,,
G100187-K,,Filter Paper 2,0,Non-linked and not used,,,,,,,,,,,
F100188-K,,Filter Paper 1,0,Non-linked and not used,,,,,,,,,,,
G100188-K,,Filter Paper 2,0,Non-linked and not used,,,,,,,,,,,
F100189-K,,Filter Paper 1,0,Non-linked and not used,,,,,,,,,,,
G100189-K,,Filter Paper 2,0,Non-linked and not used,,,,,,,,,,,
F100190-K,,Filter Paper 1,0,Non-linked and not used,,,,,,,,,,,
G100190-K,,Filter Paper 2,0,Non-linked and not used,,,,,,,,,,,
F300001-X,,PCD Filter Paper 1,0,Non-linked and not used,,,,,,,,,,,
G300001-X,,PCD Filter Paper 2,0,Non-linked and not used,,,,,,,,,,,
F300002-X,,PCD Filter Paper 1,0,Non-linked and not used,,,,,,,,,,,
G300002-X,,PCD Filter Paper 2,0,Non-linked and not used,,,,,,,,,,,
F300003-X,,PCD Filter Paper 1,0,Non-linked and not used,,,,,,,,,,,
G300003-X,,PCD Filter Paper 2,0,Non-linked and not used,,,,,,,,,,,
F300004-X,,PCD Filter Paper 1,0,Non-linked and not used,,,,,,,,,,,
G300004-X,,PCD Filter Paper 2,0,Non-linked and not used,,,,,,,,,,,
F300005-X,,PCD Filter Paper 1,0,Non-linked and not used,,,,,,,,,,,
G300005-X,,PCD Filter Paper 2,0,Non-linked and not used,,,,,,,,,,,
F300006-X,,PCD Filter Paper 1,0,Non-linked and not used,,,,,,,,,,,
G300006-X,,PCD Filter Paper 2,0,Non-linked and not used,,,,,,,,,,,
F300007-X,,PCD Filter Paper 1,0,Non-linked and not used,,,,,,,,,,,
G300007-X,,PCD Filter Paper 2,0,Non-linked and not used,,,,,,,,,,,
F300008-X,,PCD Filter Paper 1,0,Non-linked and not used,,,,,,,,,,,
G300008-X,,PCD Filter Paper 2,0,Non-linked and not used,,,,,,,,,,,
F300009-X,,PCD Filter Paper 1,0,Non-linked and not used,,,,,,,,,,,
G300009-X,,PCD Filter Paper 2,0,Non-linked and not used,,,,,,,,,,,
F300010-X,,PCD Filter Paper 1,0,Non-linked and not used,,,,,,,,,,,
G300010-X,,PCD Filter Paper 2,0,Non-linked and not used,,,,,,,,,,,
F300011-X,,PCD Filter Paper 1,0,Non-linked and not used,,,,,,,,,,,
G300011-X,,PCD Filter Paper 2,0,Non-linked and not used,,,,,,,,,,,
F300012-X,,PCD Filter Paper 1,0,Non-linked and not used,,,,,,,,,,,
G300012-X,,PCD Filter Paper 2,0,Non-linked and not used,,,,,,,,,,,
F300013-X,,PCD Filter Paper 1,0,Non-linked and not used,,,,,,,,,,,
G300013-X,,PCD Filter Paper 2,0,Non-linked and not used,,,,,,,,,,,
F300014-X,,PCD Filter Paper 1,0,Non-linked and not used,,,,,,,,,,,
G300014-X,,PCD Filter Paper 2,0,Non-linked and not used,,,,,,,,,,,
F300015-X,,PCD Filter Paper 1,0,Non-linked and not used,,,,,,,,,,,
G300015-X,,PCD Filter Paper 2,0,Non-linked and not used,,,,,,,,,,,
F300016-X,,PCD Filter Paper 1,0,Non-linked and not used,,,,,,,,,,,
G300016-X,,PCD Filter Paper 2,0,Non-linked and not used,,,,,,,,,,,
F300017-X,,PCD Filter Paper 1,0,Non-linked and not used,,,,,,,,,,,
G300017-X,,PCD Filter Paper 2,0,Non-linked and not used,,,,,,,,,,,
F300018-X,,PCD Filter Paper 1,0,Non-linked and not used,,,,,,,,,,,
G300018-X,,PCD Filter Paper 2,0,Non-linked and not used,,,,,,,,,,,
F300019-X,,PCD Filter Paper 1,0,Non-linked and not used,,,,,,,,,,,
G300019-X,,PCD Filter Paper 2,0,Non-linked and not used,,,,,,,,,,,
F300020-X,,PCD Filter Paper 1,0,Non-linked and not used,,,,,,,,,,,
G300020-X,,PCD Filter Paper 2,0,Non-linked and not used,,,,,,,,,,,
F300021-X,,PCD Filter Paper 1,0,Non-linked and not used,,,,,,,,,,,
G300021-X,,PCD Filter Paper 2,0,Non-linked and not used,,,,,,,,,,,
F300022-X,,PCD Filter Paper 1,0,Non-linked and not used,,,,,,,,,,,
G300022-X,,PCD Filter Paper 2,0,Non-linked and not used,,,,,,,,,,,
F300023-X,,PCD Filter Paper 1,0,Non-linked and not used,,,,,,,,,,,
G300023-X,,PCD Filter Paper 2,0,Non-linked and not used,,,,,,,,,,,
F300024-X,,PCD Filter Paper 1,0,Non-linked and not used,,,,,,,,,,,
G300024-X,,PCD Filter Paper 2,0,Non-linked and not used,,,,,,,,,,,
F300025-X,,PCD Filter Paper 1,0,Non-linked and not used,,,,,,,,,,,
G300025-X,,PCD Filter Paper 2,0,Non-linked and not used,,,,,,,,,,,
F300026-X,,PCD Filter Paper 1,0,Non-linked and not used,,,,,,,,,,,
G300026-X,,PCD Filter Paper 2,0,Non-linked and not used,,,,,,,,,,,
F300027-X,,PCD Filter Paper 1,0,Non-linked and not used,,,,,,,,,,,
G300027-X,,PCD Filter Paper 2,0,Non-linked and not used,,,,,,,,,,,
F300028-X,,PCD Filter Paper 1,0,Non-linked and not used,,,,,,,,,,,
G300028-X,,PCD Filter Paper 2,0,Non-linked and not used,,,,,,,,,,,
F300029-X,,PCD Filter Paper 1,0,Non-linked and not used,,,,,,,,,,,
G300029-X,,PCD Filter Paper 2,0,Non-linked and not used,,,,,,,,,,,
F300030-X,,PCD Filter Paper 1,0,Non-linked and not used,,,,,,,,,,,
G300030-X,,PCD Filter Paper 2,0,Non-linked and not used,,,,,,,,,,,
F300031-X,,PCD Filter Paper 1,0,Non-linked and not used,,,,,,,,,,,
G300031-X,,PCD Filter Paper 2,0,Non-linked and not used,,,,,,,,,,,
F300032-X,,PCD Filter Paper 1,0,Non-linked and not used,,,,,,,,,,,
G300032-X,,PCD Filter Paper 2,0,Non-linked and not used,,,,,,,,,,,
F300033-X,,PCD Filter Paper 1,0,Non-linked and not used,,,,,,,,,,,
G300033-X,,PCD Filter Paper 2,0,Non-linked and not used,,,,,,,,,,,
F300034-X,,PCD Filter Paper 1,0,Non-linked and not used,,,,,,,,,,,
G300034-X,,PCD Filter Paper 2,0,Non-linked and not used,,,,,,,,,,,
F300035-X,,PCD Filter Paper 1,0,Non-linked and not used,,,,,,,,,,,
G300035-X,,PCD Filter Paper 2,0,Non-linked and not used,,,,,,,,,,,
F300036-X,,PCD Filter Paper 1,0,Non-linked and not used,,,,,,,,,,,
G300036-X,,PCD Filter Paper 2,0,Non-linked and not used,,,,,,,,,,,
F300037-X,,PCD Filter Paper 1,0,Non-linked and not used,,,,,,,,,,,
G300037-X,,PCD Filter Paper 2,0,Non-linked and not used,,,,,,,,,,,
F300038-X,,PCD Filter Paper 1,0,Non-linked and not used,,,,,,,,,,,
G300038-X,,PCD Filter Paper 2,0,Non-linked and not used,,,,,,,,,,,
F300039-X,,PCD Filter Paper 1,0,Non-linked and not used,,,,,,,,,,,
G300039-X,,PCD Filter Paper 2,0,Non-linked and not used,,,,,,,,,,,
F300040-X,,PCD Filter Paper 1,0,Non-linked and not used,,,,,,,,,,,
G300040-X,,PCD Filter Paper 2,0,Non-linked and not used,,,,,,,,,,,
F300041-X,,PCD Filter Paper 1,0,Non-linked and not used,,,,,,,,,,,
G300041-X,,PCD Filter Paper 2,0,Non-linked and not used,,,,,,,,,,,
F300042-X,,PCD Filter Paper 1,0,Non-linked and not used,,,,,,,,,,,
G300042-X,,PCD Filter Paper 2,0,Non-linked and not used,,,,,,,,,,,
F300043-X,,PCD Filter Paper 1,0,Non-linked and not used,,,,,,,,,,,
G300043-X,,PCD Filter Paper 2,0,Non-linked and not used,,,,,,,,,,,
F300044-X,,PCD Filter Paper 1,0,Non-linked and not used,,,,,,,,,,,
G300044-X,,PCD Filter Paper 2,0,Non-linked and not used,,,,,,,,,,,
F300045-X,,PCD Filter Paper 1,0,Non-linked and not used,,,,,,,,,,,
G300045-X,,PCD Filter Paper 2,0,Non-linked and not used,,,,,,,,,,,
F300046-X,,PCD Filter Paper 1,0,Non-linked and not used,,,,,,,,,,,
G300046-X,,PCD Filter Paper 2,0,Non-linked and not used,,,,,,,,,,,
F300047-X,,PCD Filter Paper 1,0,Non-linked and not used,,,,,,,,,,,
G300047-X,,PCD Filter Paper 2,0,Non-linked and not used,,,,,,,,,,,
F300048-X,,PCD Filter Paper 1,0,Non-linked and not used,,,,,,,,,,,
G300048-X,,PCD Filter Paper 2,0,Non-linked and not used,,,,,,,,,,,
F300049-X,,PCD Filter Paper 1,0,Non-linked and not used,,,,,,,,,,,
G300049-X,,PCD Filter Paper 2,0,Non-linked and not used,,,,,,,,,,,
F300050-X,,PCD Filter Paper 1,0,Non-linked and not used,,,,,,,,,,,
G300050-X,,PCD Filter Paper 2,0,Non-linked and not used,,,,,,,,,,,
MC10001-A,,Mosquito Cup,0,Non-linked and not used,,,,,,,,,,,
MC10002-A,,Mosquito Cup,0,Non-linked and not used,,,,,,,,,,,
MC10003-A,,Mosquito Cup,0,Non-linked and not used,,,,,,,,,,,
MC10004-A,,Mosquito Cup,0,Non-linked and not used,,,,,,,,,,,
MC10005-A,,Mosquito Cup,0,Non-linked and not used,,,,,,,,,,,
MT10001-A,,Mosquito Tube,0,Non-linked and not used,,,,,,,,,,,
MT10002-A,,Mosquito Tube,0,Non-linked and not used,,,,,,,,,,,
A100001-A,,Assay,0,Non-linked and not used,,,,,,,,,,,
A100002-A,,Assay,0,Non-linked and not used,,,,,,,,,,,
