<?xml version="1.0" encoding="UTF-8" standalone="no"?><pregnancyvisits><pregnancyvisit><visitCode>INSSA1001-002-001</visitCode><code>CARYV1031002-01</code><motherCode>CARYV1031002</motherCode><status>PREGNANT</status><visitNumber>1</visitNumber><visitType>ANTEPARTUM</visitType><visitDate>2025-07-11</visitDate><weeksGestation>5</weeksGestation><prenatalCareReceived>false</prenatalCareReceived><prenatalCareProvider/><complicationsReported>false</complicationsReported><complicationDetails/><hasBirthPlan>false</hasBirthPlan><expectedBirthPlace/><birthPlaceOther/><transportationPlan>false</transportationPlan><financialPreparedness>false</financialPreparedness><postpartumComplications/><postpartumComplicationDetails/><breastfeedingStatus/><resumedDailyActivities/><attendedPostpartumCheckup/><collectedId>ff80818198ad16ee0198ad17bca80066</collectedId><childs/></pregnancyvisit><pregnancyvisit><visitCode>URAHV1042-002-001</visitCode><code>URAHV1042001-01</code><motherCode>URAHV1042001</motherCode><status>PREGNANT</status><visitNumber>1</visitNumber><visitType>ANTEPARTUM</visitType><visitDate>2025-07-05</visitDate><weeksGestation>25</weeksGestation><prenatalCareReceived>true</prenatalCareReceived><prenatalCareProvider>HOSPITAL</prenatalCareProvider><complicationsReported>false</complicationsReported><complicationDetails/><hasBirthPlan>false</hasBirthPlan><expectedBirthPlace/><birthPlaceOther/><transportationPlan>false</transportationPlan><financialPreparedness>false</financialPreparedness><postpartumComplications/><postpartumComplicationDetails/><breastfeedingStatus/><resumedDailyActivities/><attendedPostpartumCheckup/><collectedId>ff80818199053553019905375adb006b</collectedId><childs/></pregnancyvisit><pregnancyvisit><visitCode>URAHV1042-002-001</visitCode><code>URAHV1042001-01</code><motherCode>URAHV1042001</motherCode><status>DELIVERED</status><visitNumber>2</visitNumber><visitType>POSTPARTUM</visitType><visitDate>2025-08-31</visitDate><weeksGestation/><prenatalCareReceived/><prenatalCareProvider/><complicationsReported/><complicationDetails/><hasBirthPlan/><expectedBirthPlace/><birthPlaceOther/><transportationPlan/><financialPreparedness/><postpartumComplications>false</postpartumComplications><postpartumComplicationDetails/><breastfeedingStatus>PARTIAL</breastfeedingStatus><resumedDailyActivities>true</resumedDailyActivities><attendedPostpartumCheckup>true</attendedPostpartumCheckup><collectedId>ff80818199053553019905375c97006d</collectedId><childs><child><pregnancyCode>URAHV1042001-01</pregnancyCode><outcomeType>LBR</outcomeType><childCode>URAHV1042003</childCode><childStatus>ALIVE</childStatus><childWeight>4.0</childWeight><childIllnessSymptoms/><childBreastfeedingStatus>EXCLUSIVE</childBreastfeedingStatus><childImmunizationStatus>UP_TO_DATE</childImmunizationStatus><notes/></child></childs></pregnancyvisit><pregnancyvisit><visitCode>MUVNT1001-002-001</visitCode><code>MUVNT1001002-01</code><motherCode>MUVNT1001002</motherCode><status>DELIVERED</status><visitNumber>1</visitNumber><visitType>POSTPARTUM</visitType><visitDate>2025-08-17</visitDate><weeksGestation/><prenatalCareReceived/><prenatalCareProvider/><complicationsReported/><complicationDetails/><hasBirthPlan/><expectedBirthPlace/><birthPlaceOther/><transportationPlan/><financialPreparedness/><postpartumComplications>false</postpartumComplications><postpartumComplicationDetails/><breastfeedingStatus>PARTIAL</breastfeedingStatus><resumedDailyActivities>false</resumedDailyActivities><attendedPostpartumCheckup>false</attendedPostpartumCheckup><collectedId>ff8081819905493a01990641ecbf0cac</collectedId><childs><child><pregnancyCode>MUVNT1001002-01</pregnancyCode><outcomeType>LBR</outcomeType><childCode>MUVNT1001006</childCode><childStatus>ALIVE</childStatus><childWeight>3.0</childWeight><childIllnessSymptoms/><childBreastfeedingStatus>PARTIAL</childBreastfeedingStatus><childImmunizationStatus>UP_TO_DATE</childImmunizationStatus><notes/></child></childs></pregnancyvisit><pregnancyvisit><visitCode>REURN3008-002-001</visitCode><code>REURN3008002-01</code><motherCode>REURN3008002</motherCode><status>DELIVERED</status><visitNumber>1</visitNumber><visitType>POSTPARTUM</visitType><visitDate>2025-09-01</visitDate><weeksGestation/><prenatalCareReceived/><prenatalCareProvider/><complicationsReported/><complicationDetails/><hasBirthPlan/><expectedBirthPlace/><birthPlaceOther/><transportationPlan/><financialPreparedness/><postpartumComplications>false</postpartumComplications><postpartumComplicationDetails/><breastfeedingStatus>PARTIAL</breastfeedingStatus><resumedDailyActivities>false</resumedDailyActivities><attendedPostpartumCheckup>false</attendedPostpartumCheckup><collectedId>ff808181990b3a0001990ea9454e02b4</collectedId><childs><child><pregnancyCode>REURN3008002-01</pregnancyCode><outcomeType>LBR</outcomeType><childCode>REURN3008005</childCode><childStatus>ALIVE</childStatus><childWeight>5.0</childWeight><childIllnessSymptoms/><childBreastfeedingStatus>PARTIAL</childBreastfeedingStatus><childImmunizationStatus>PARTIALLY_DONE</childImmunizationStatus><notes/></child></childs></pregnancyvisit></pregnancyvisits>