<?xml version="1.0" encoding="UTF-8" standalone="no"?><pregnancyvisits><pregnancyvisit><visitCode>CPTRC1015-002-001</visitCode><code>CPTRC1015002-01</code><motherCode>CPTRC1015002</motherCode><status>PREGNANT</status><visitNumber>1</visitNumber><visitType>ANTEPARTUM</visitType><visitDate>2025-06-25</visitDate><weeksGestation>28</weeksGestation><prenatalCareReceived>false</prenatalCareReceived><prenatalCareProvider/><complicationsReported>false</complicationsReported><complicationDetails/><hasBirthPlan>false</hasBirthPlan><expectedBirthPlace/><birthPlaceOther/><transportationPlan>false</transportationPlan><financialPreparedness>false</financialPreparedness><postpartumComplications>false</postpartumComplications><postpartumComplicationDetails/><breastfeedingStatus>EXCLUSIVE</breastfeedingStatus><resumedDailyActivities>false</resumedDailyActivities><attendedPostpartumCheckup>false</attendedPostpartumCheckup><collectedId>ff8081819847d104019847d16cc10066</collectedId><childs/></pregnancyvisit><pregnancyvisit><visitCode>VIYYV1087-002-002</visitCode><code>VIYYV1087001-01</code><motherCode>VIYYV1087001</motherCode><status>DELIVERED</status><visitNumber>1</visitNumber><visitType>POSTPARTUM</visitType><visitDate>2025-05-29</visitDate><weeksGestation/><prenatalCareReceived/><prenatalCareProvider/><complicationsReported/><complicationDetails/><hasBirthPlan/><expectedBirthPlace/><birthPlaceOther/><transportationPlan/><financialPreparedness/><postpartumComplications>false</postpartumComplications><postpartumComplicationDetails/><breastfeedingStatus>NOT_BREASTFEEDING</breastfeedingStatus><resumedDailyActivities>true</resumedDailyActivities><attendedPostpartumCheckup>true</attendedPostpartumCheckup><collectedId>ff8081819847d104019847d56bc100cd</collectedId><childs><child><pregnancyCode>VIYYV1087001-01</pregnancyCode><outcomeType>LBR</outcomeType><childCode>VIYYV1087011</childCode><childStatus>ALIVE</childStatus><childWeight>5.0</childWeight><childIllnessSymptoms>FEVER,EYE_DISCHARGE,DIARRHEA,COUGH</childIllnessSymptoms><childBreastfeedingStatus>NOT_BREASTFEEDING</childBreastfeedingStatus><childImmunizationStatus>UP_TO_DATE</childImmunizationStatus><notes>df</notes></child><child><pregnancyCode>VIYYV1087001-01</pregnancyCode><outcomeType>LBR</outcomeType><childCode>VIYYV1087012</childCode><childStatus>ALIVE</childStatus><childWeight>5.0</childWeight><childIllnessSymptoms>EYE_DISCHARGE,DIARRHEA</childIllnessSymptoms><childBreastfeedingStatus>NOT_BREASTFEEDING</childBreastfeedingStatus><childImmunizationStatus>UP_TO_DATE</childImmunizationStatus><notes>t</notes></child></childs></pregnancyvisit><pregnancyvisit><visitCode>VIYYV1087-002-003</visitCode><code>VIYYV1087001-01</code><motherCode>VIYYV1087001</motherCode><status>DELIVERED</status><visitNumber>2</visitNumber><visitType>POSTPARTUM</visitType><visitDate>2025-07-28</visitDate><weeksGestation/><prenatalCareReceived/><prenatalCareProvider/><complicationsReported/><complicationDetails/><hasBirthPlan/><expectedBirthPlace/><birthPlaceOther/><transportationPlan/><financialPreparedness/><postpartumComplications>true</postpartumComplications><postpartumComplicationDetails>DIAREIA</postpartumComplicationDetails><breastfeedingStatus>EXCLUSIVE</breastfeedingStatus><resumedDailyActivities>true</resumedDailyActivities><attendedPostpartumCheckup>true</attendedPostpartumCheckup><collectedId>ff80818198509e190198509e9fb60066</collectedId><childs><child><pregnancyCode>VIYYV1087001-01</pregnancyCode><outcomeType>LBR</outcomeType><childCode>VIYYV1087012</childCode><childStatus>ALIVE</childStatus><childWeight>7.0</childWeight><childIllnessSymptoms>RASH,BREATHING_PROBLEMS</childIllnessSymptoms><childBreastfeedingStatus>EXCLUSIVE</childBreastfeedingStatus><childImmunizationStatus>UP_TO_DATE</childImmunizationStatus><notes>NONE</notes></child><child><pregnancyCode>VIYYV1087001-01</pregnancyCode><outcomeType>LBR</outcomeType><childCode>VIYYV1087011</childCode><childStatus>ALIVE</childStatus><childWeight>8.0</childWeight><childIllnessSymptoms>EYE_DISCHARGE,VOMITING</childIllnessSymptoms><childBreastfeedingStatus>NOT_BREASTFEEDING</childBreastfeedingStatus><childImmunizationStatus>PARTIALLY_DONE</childImmunizationStatus><notes>none</notes></child></childs></pregnancyvisit><pregnancyvisit><visitCode>IRONT1001-002-001</visitCode><code>IRONT1001002-01</code><motherCode>IRONT1001002</motherCode><status>DELIVERED</status><visitNumber>1</visitNumber><visitType>POSTPARTUM</visitType><visitDate>2025-07-26</visitDate><weeksGestation/><prenatalCareReceived/><prenatalCareProvider/><complicationsReported/><complicationDetails/><hasBirthPlan/><expectedBirthPlace/><birthPlaceOther/><transportationPlan/><financialPreparedness/><postpartumComplications>true</postpartumComplications><postpartumComplicationDetails>fever</postpartumComplicationDetails><breastfeedingStatus>PARTIAL</breastfeedingStatus><resumedDailyActivities>true</resumedDailyActivities><attendedPostpartumCheckup>true</attendedPostpartumCheckup><collectedId>ff80818198509e190198516e662203a8</collectedId><childs><child><pregnancyCode>IRONT1001002-01</pregnancyCode><outcomeType>LBR</outcomeType><childCode>IRONT1001005</childCode><childStatus>DIED_AFTER_BIRTH</childStatus><childWeight/><childIllnessSymptoms>EYE_DISCHARGE,DIARRHEA,VOMITING,COUGH</childIllnessSymptoms><childBreastfeedingStatus/><childImmunizationStatus/><notes/></child><child><pregnancyCode>IRONT1001002-01</pregnancyCode><outcomeType>SBR</outcomeType><childCode>IRONT1001006</childCode><childStatus>SBR</childStatus><childWeight/><childIllnessSymptoms/><childBreastfeedingStatus/><childImmunizationStatus/><notes/></child></childs></pregnancyvisit></pregnancyvisits>