<?xml version="1.0" encoding="UTF-8" standalone="no"?><forms><form><formType>REGULAR</formType><formId>testodk2</formId><formName>Test ODK Paul</formName><formDescription>Test ODK Paul</formDescription><formSubjectType>MEMBER</formSubjectType><regionLevel>hierarchy1</regionLevel><gender>ALL</gender><minAge>0</minAge><maxAge>120</maxAge><isFollowUpForm>false</isFollowUpForm><isFormGroupExclusive>false</isFormGroupExclusive><multiCollPerSession>false</multiCollPerSession><formMap>$.Timestamp:visitDate-&gt;Date[yyyy-MM-dd];Visit.code:visitId-&gt;None;$.Timestamp:visitDatetime-&gt;None;FollowUp-List.subject_visit_uuid:roundNumber-&gt;None;Household.code:locationId-&gt;None</formMap><redcapApi/><redcapMap/><modules>MX-004,MX-002,MX-003,MX-001</modules><groupMappings/></form><form><formType>REGULAR</formType><formId>covid19_indiv_natural</formId><formName>CHAMPS Form 1</formName><formDescription>CHAMPS First Form</formDescription><formSubjectType>MEMBER</formSubjectType><regionLevel>hierarchy1</regionLevel><gender>ALL</gender><minAge>0</minAge><maxAge>120</maxAge><isFollowUpForm>false</isFollowUpForm><isFormGroupExclusive>false</isFormGroupExclusive><multiCollPerSession>false</multiCollPerSession><formMap>Member.fatherName:fatherName-&gt;None;Member.householdName:headName-&gt;None;Member.householdCode:locationId-&gt;None;MedOpenHDS.hhid:openhds_hbarcode-&gt;None;Member.code:individualId-&gt;None;Member.age:age-&gt;None;Member.isHouseholdHead:isHouseholdHead-&gt;None;Member.gender:sex-&gt;None;User.username:fieldWorkerId-&gt;None;Member.name:name-&gt;None</formMap><redcapApi/><redcapMap/><modules>MX-001</modules><groupMappings/></form><form><formType>REGULAR</formType><formId>covid19_phone_call</formId><formName>CHAMPS Form 2</formName><formDescription>CHAMPS Second Form</formDescription><formSubjectType>MEMBER</formSubjectType><regionLevel>hierarchy1</regionLevel><gender>ALL</gender><minAge>0</minAge><maxAge>120</maxAge><isFollowUpForm>false</isFollowUpForm><isFormGroupExclusive>false</isFormGroupExclusive><multiCollPerSession>false</multiCollPerSession><formMap>Member.fatherName:fatherName-&gt;None;Member.motherName:motherName-&gt;None;Member.gender:sex-&gt;None;User.username:fieldWorkerId-&gt;None;MedOpenHDS.cohort:cohort-&gt;None;Member.isHouseholdHead:isHouseholdHead-&gt;None;MedOpenHDS.relationtohead:relationtohead-&gt;None;Member.householdName:headName-&gt;None;Member.dob:indiv_dob-&gt;Date[yyyy-MM-dd];Member.householdCode:locationId-&gt;None;Member.name:name-&gt;None;Member.age:age-&gt;None;Member.code:individualId-&gt;None;MedOpenHDS.hhid:openhds_hbarcode-&gt;None;MedOpenHDS.visit:visit-&gt;None</formMap><redcapApi/><redcapMap/><modules>MX-001</modules><groupMappings/></form><form><formType>REGULAR</formType><formId>covid19_study_term</formId><formName>CHAMPS Form 3</formName><formDescription>CHAMPS Third Form</formDescription><formSubjectType>MEMBER</formSubjectType><regionLevel>hierarchy1</regionLevel><gender>ALL</gender><minAge>0</minAge><maxAge>120</maxAge><isFollowUpForm>false</isFollowUpForm><isFormGroupExclusive>false</isFormGroupExclusive><multiCollPerSession>false</multiCollPerSession><formMap>Member.gender:sex-&gt;None;Member.fatherName:fatherName-&gt;None;MedOpenHDS.cohort:cohort-&gt;None;Member.householdCode:locationId-&gt;None;Member.dob:indiv_dob-&gt;Date[yyyy-MM-dd];MedOpenHDS.relationtohead:relationtohead-&gt;None;User.username:fieldWorkerId-&gt;None;Member.isHouseholdHead:isHouseholdHead-&gt;None;Member.age:age-&gt;None;Member.name:name-&gt;None;Member.householdName:headName-&gt;None;Member.code:individualId-&gt;None;Member.motherName:motherName-&gt;None;MedOpenHDS.visit:visit-&gt;None;MedOpenHDS.hhid:openhds_hbarcode-&gt;None</formMap><redcapApi/><redcapMap/><modules>MX-001</modules><groupMappings/></form><form><formType>REGULAR</formType><formId>covid19_pcd</formId><formName>CHAMPS Form 4</formName><formDescription>CHAMPS Fourth Form</formDescription><formSubjectType>MEMBER</formSubjectType><regionLevel>hierarchy1</regionLevel><gender>ALL</gender><minAge>0</minAge><maxAge>120</maxAge><isFollowUpForm>false</isFollowUpForm><isFormGroupExclusive>false</isFormGroupExclusive><multiCollPerSession>false</multiCollPerSession><formMap>Member.age:age-&gt;None;Member.motherName:motherName-&gt;None;Member.householdCode:locationId-&gt;None;Member.code:individualId-&gt;None;Member.gender:sex-&gt;None;MedOpenHDS.recruited_child:recruited_child-&gt;None;User.username:fieldWorkerId-&gt;None;Member.dob:indiv_dob-&gt;Date[yyyy-MM-dd];MedOpenHDS.visit:visit-&gt;None;Member.fatherName:fatherName-&gt;None;Member.isHouseholdHead:isHouseholdHead-&gt;None;MedOpenHDS.hhid:openhds_hbarcode-&gt;None;MedOpenHDS.cohort:cohort-&gt;None;Member.name:name-&gt;None;Member.householdName:headName-&gt;None;MedOpenHDS.relationtohead:relationtohead-&gt;None</formMap><redcapApi/><redcapMap/><modules>MX-001</modules><groupMappings/></form><form><formType>REGULAR</formType><formId>covid19_visit_incomplete</formId><formName>CHAMPS Form 5</formName><formDescription>CHAMPS Fiveth Form</formDescription><formSubjectType>MEMBER</formSubjectType><regionLevel>hierarchy1</regionLevel><gender>ALL</gender><minAge>0</minAge><maxAge>120</maxAge><isFollowUpForm>false</isFollowUpForm><isFormGroupExclusive>false</isFormGroupExclusive><multiCollPerSession>false</multiCollPerSession><formMap>Member.motherName:motherName-&gt;None;Member.householdName:headName-&gt;None;MedOpenHDS.recruited_child:recruited_child-&gt;None;MedOpenHDS.cohort:cohort-&gt;None;Member.age:age-&gt;None;MedOpenHDS.visit:visit-&gt;None;Member.gender:sex-&gt;None;User.username:fieldWorkerId-&gt;None;Member.name:name-&gt;None;Member.isHouseholdHead:isHouseholdHead-&gt;None;Member.fatherName:fatherName-&gt;None;MedOpenHDS.hhid:openhds_hbarcode-&gt;None;Member.dob:indiv_dob-&gt;Date[yyyy-MM-dd];MedOpenHDS.relationtohead:relationtohead-&gt;None;Member.code:individualId-&gt;None;Member.householdCode:locationId-&gt;None</formMap><redcapApi/><redcapMap/><modules>MX-001</modules><groupMappings/></form><form><formType>REGULAR</formType><formId>covid19_sample_collection</formId><formName>CHAMPS Form 6</formName><formDescription>CHAMPS Sixth Form</formDescription><formSubjectType>MEMBER</formSubjectType><regionLevel>hierarchy1</regionLevel><gender>ALL</gender><minAge>0</minAge><maxAge>120</maxAge><isFollowUpForm>false</isFollowUpForm><isFormGroupExclusive>false</isFormGroupExclusive><multiCollPerSession>false</multiCollPerSession><formMap>User.username:fieldWorkerId-&gt;None;Member.name:name-&gt;None;Member.householdCode:locationId-&gt;None;Member.motherName:motherName-&gt;None;Member.dob:indiv_dob-&gt;Date[yyyy-MM-dd];MedOpenHDS.cohort:cohort-&gt;None;Member.gender:sex-&gt;None;Member.age:age-&gt;None;Member.isHouseholdHead:isHouseholdHead-&gt;None;Member.code:individualId-&gt;None;MedOpenHDS.hhid:openhds_hbarcode-&gt;None;MedOpenHDS.relationtohead:relationtohead-&gt;None;Member.fatherName:fatherName-&gt;None;Member.householdName:headName-&gt;None;MedOpenHDS.visit:visit-&gt;None;MedOpenHDS.recruited_child:recruited_child-&gt;None</formMap><redcapApi/><redcapMap/><modules>MX-001</modules><groupMappings/></form><form><formType>REGULAR</formType><formId>maps_household</formId><formName>MALTEM Household Enroll Form</formName><formDescription>Maltem Form 1</formDescription><formSubjectType>HOUSEHOLD</formSubjectType><regionLevel>hierarchy1</regionLevel><gender>M</gender><minAge>0</minAge><maxAge>120</maxAge><isFollowUpForm>false</isFollowUpForm><isFormGroupExclusive>false</isFormGroupExclusive><multiCollPerSession>false</multiCollPerSession><formMap>Household.code:locationId-&gt;None;User.username:ddhh_interviewer-&gt;None;Household.headName:headName-&gt;None</formMap><redcapApi/><redcapMap/><modules>MX-003</modules><groupMappings/></form><form><formType>REGULAR</formType><formId>maps_elig</formId><formName>MALTEM Individual Enrollment Form</formName><formDescription>Maltem Form 2</formDescription><formSubjectType>MEMBER</formSubjectType><regionLevel>hierarchy1</regionLevel><gender>ALL</gender><minAge>0</minAge><maxAge>120</maxAge><isFollowUpForm>false</isFollowUpForm><isFormGroupExclusive>false</isFormGroupExclusive><multiCollPerSession>false</multiCollPerSession><formMap>Member.dob:dob-&gt;None;Household.headName:headName-&gt;None;User.username:ddelig_interviewer-&gt;None;Member.name:name-&gt;None;Member.code:individualId-&gt;None;Member.householdCode:locationId-&gt;None;Member.gender:sex-&gt;None;Member.age:age-&gt;None</formMap><redcapApi/><redcapMap/><modules>MX-003</modules><groupMappings/></form><form><formType>REGULAR</formType><formId>maps_indiv</formId><formName>MALTEM Individual Updates Form</formName><formDescription>Maltem Form 3</formDescription><formSubjectType>MEMBER</formSubjectType><regionLevel>hierarchy1</regionLevel><gender>ALL</gender><minAge>0</minAge><maxAge>120</maxAge><isFollowUpForm>false</isFollowUpForm><isFormGroupExclusive>false</isFormGroupExclusive><multiCollPerSession>false</multiCollPerSession><formMap>Member.dob:dob-&gt;None;Member.code:individualId-&gt;None;Member.isHouseholdHead:relationtohead-&gt;None;Household.headName:headName-&gt;None;Member.age:age-&gt;None;Member.gender:sex-&gt;None;Member.name:name-&gt;None;User.username:ddind_interviewer-&gt;None;Member.householdCode:locationId-&gt;None</formMap><redcapApi/><redcapMap/><modules>MX-003</modules><groupMappings/></form><form><formType>REGULAR</formType><formId>maps_spec</formId><formName>MALTEM Specimen Collection Form</formName><formDescription>Maltem Form 4</formDescription><formSubjectType>MEMBER</formSubjectType><regionLevel>hierarchy1</regionLevel><gender>ALL</gender><minAge>0</minAge><maxAge>120</maxAge><isFollowUpForm>false</isFollowUpForm><isFormGroupExclusive>false</isFormGroupExclusive><multiCollPerSession>false</multiCollPerSession><formMap>Member.code:individualId-&gt;None;Member.dob:dob-&gt;None;Member.householdCode:locationId-&gt;None;Member.name:name-&gt;None;Household.headName:headName-&gt;None;User.username:ddscf_interviewer-&gt;None;Member.isHouseholdHead:relationtohead-&gt;None;Member.age:age-&gt;None;Member.gender:sex-&gt;None;MapsMedia.arm:studyarm-&gt;None</formMap><redcapApi/><redcapMap/><modules>MX-003</modules><groupMappings/></form><form><formType>REGULAR</formType><formId>maps_treat</formId><formName>MALTEM Form 5</formName><formDescription>Maltem Form 5</formDescription><formSubjectType>MEMBER</formSubjectType><regionLevel>hierarchy1</regionLevel><gender>ALL</gender><minAge>0</minAge><maxAge>120</maxAge><isFollowUpForm>false</isFollowUpForm><isFormGroupExclusive>false</isFormGroupExclusive><multiCollPerSession>false</multiCollPerSession><formMap>Member.gender:sex-&gt;None;Member.age:age-&gt;None;Member.name:name-&gt;None;Member.householdCode:locationId-&gt;None;Member.dob:dob-&gt;None;Member.code:individualId-&gt;None;Member.isHouseholdHead:relationtohead-&gt;None;User.username:ddtx_interviewer-&gt;None;Household.headName:headName-&gt;None;MapsMedia.arm:studyarm-&gt;None</formMap><redcapApi/><redcapMap/><modules>MX-003</modules><groupMappings/></form><form><formType>REGULAR</formType><formId>maps_withdraw</formId><formName>MALTEM Student Withdrawal Form</formName><formDescription>Maltem Form 6</formDescription><formSubjectType>MEMBER</formSubjectType><regionLevel>hierarchy1</regionLevel><gender>ALL</gender><minAge>0</minAge><maxAge>120</maxAge><isFollowUpForm>false</isFollowUpForm><isFormGroupExclusive>false</isFormGroupExclusive><multiCollPerSession>false</multiCollPerSession><formMap>Member.householdCode:locationId-&gt;None;Member.gender:sex-&gt;None;Member.isHouseholdHead:relationtohead-&gt;None;Member.code:individualId-&gt;None;Member.name:name-&gt;None;User.username:ddwd_interviewer-&gt;None;MapsMedia.arm:studyarm-&gt;None;Member.age:age-&gt;None;Member.dob:dob-&gt;None;Household.headName:headName-&gt;None;MapsMedia.enrolled:enrolled-&gt;None</formMap><redcapApi/><redcapMap/><modules>MX-003</modules><groupMappings/></form><form><formType>REGULAR</formType><formId>maps_newae</formId><formName>MALTEM Form 7</formName><formDescription>Maltem Form 7</formDescription><formSubjectType>MEMBER</formSubjectType><regionLevel>hierarchy1</regionLevel><gender>ALL</gender><minAge>0</minAge><maxAge>120</maxAge><isFollowUpForm>false</isFollowUpForm><isFormGroupExclusive>false</isFormGroupExclusive><multiCollPerSession>false</multiCollPerSession><formMap>Household.headName:headName-&gt;None;Member.gender:sex-&gt;None;Member.name:name-&gt;None;MapsMedia.arm:studyarm-&gt;None;Member.householdCode:locationId-&gt;None;Member.isHouseholdHead:relationtohead-&gt;None;Member.code:individualId-&gt;None;User.username:ddae_interviewer-&gt;None;Member.dob:dob-&gt;None;Member.age:age-&gt;None</formMap><redcapApi/><redcapMap/><modules>MX-003</modules><groupMappings/></form><form><formType>REGULAR</formType><formId>maps_aefup</formId><formName>MALTEM Form 8</formName><formDescription>Maltem Form 8</formDescription><formSubjectType>MEMBER</formSubjectType><regionLevel>hierarchy1</regionLevel><gender>ALL</gender><minAge>0</minAge><maxAge>120</maxAge><isFollowUpForm>false</isFollowUpForm><isFormGroupExclusive>false</isFormGroupExclusive><multiCollPerSession>false</multiCollPerSession><formMap>MapsMedia.arm:studyarm-&gt;None;Member.code:individualId-&gt;None;Member.name:name-&gt;None;Member.isHouseholdHead:relationtohead-&gt;None;Member.gender:sex-&gt;None;User.username:ddaefu_interviewer-&gt;None;Member.age:age-&gt;None;Household.headName:headName-&gt;None;Member.dob:dob-&gt;None;Member.householdCode:locationId-&gt;None</formMap><redcapApi/><redcapMap/><modules>MX-003</modules><groupMappings/></form><form><formType>REGULAR</formType><formId>maps_visitstatus</formId><formName>MALTEM Form 9</formName><formDescription>Maltem Form 9</formDescription><formSubjectType>MEMBER</formSubjectType><regionLevel>hierarchy1</regionLevel><gender>ALL</gender><minAge>0</minAge><maxAge>120</maxAge><isFollowUpForm>false</isFollowUpForm><isFormGroupExclusive>false</isFormGroupExclusive><multiCollPerSession>false</multiCollPerSession><formMap>Member.dob:dob-&gt;None;Member.code:individualId-&gt;None;Member.name:name-&gt;None;MapsMedia.enrolled:enrolled-&gt;None;Member.householdCode:locationId-&gt;None;Member.gender:sex-&gt;None;User.username:ddvs_interviewer-&gt;None;Household.headName:headName-&gt;None;MapsMedia.arm:studyarm-&gt;None;Member.age:age-&gt;None;Member.isHouseholdHead:relationtohead-&gt;None</formMap><redcapApi/><redcapMap/><modules>MX-003</modules><groupMappings/></form><form><formType>REGULAR</formType><formId>maps_incomplete</formId><formName>MALTEM Form X</formName><formDescription>Maltem Form X</formDescription><formSubjectType>MEMBER</formSubjectType><regionLevel>hierarchy1</regionLevel><gender>ALL</gender><minAge>0</minAge><maxAge>120</maxAge><isFollowUpForm>false</isFollowUpForm><isFormGroupExclusive>false</isFormGroupExclusive><multiCollPerSession>false</multiCollPerSession><formMap>Member.householdCode:locationId-&gt;None;Household.headName:headName-&gt;None;User.username:ddinc_interviewer-&gt;None;Member.name:name-&gt;None;Member.gender:sex-&gt;None;MapsMedia.enrolled:enrolled-&gt;None;MapsMedia.arm:studyarm-&gt;None;Member.code:individualId-&gt;None;Member.age:age-&gt;None;Member.dob:dob-&gt;None;Member.isHouseholdHead:relationtohead-&gt;None</formMap><redcapApi/><redcapMap/><modules>MX-003</modules><groupMappings/></form><form><formType>REGULAR</formType><formId>maps_pcd</formId><formName>MaPS PCD Form</formName><formDescription>MaPS PCD Form</formDescription><formSubjectType>MEMBER</formSubjectType><regionLevel>hierarchy1</regionLevel><gender>ALL</gender><minAge>0</minAge><maxAge>120</maxAge><isFollowUpForm>false</isFollowUpForm><isFormGroupExclusive>false</isFormGroupExclusive><multiCollPerSession>false</multiCollPerSession><formMap>Member.isHouseholdHead:relationtohead-&gt;None;Member.code:individualId-&gt;None;MapsMedia.arm:studyarm-&gt;None;Member.name:name-&gt;None;Member.age:age-&gt;None;User.username:ddpcd_interviewer-&gt;None;Household.headName:headName-&gt;None;Member.dob:dob-&gt;None;Member.householdCode:locationId-&gt;None;Member.gender:sex-&gt;None</formMap><redcapApi/><redcapMap/><modules>MX-003</modules><groupMappings/></form><form><formType>REGULAR</formType><formId>form_group_sample_main</formId><formName>FG - Entollment Main Form</formName><formDescription>Entollment Demographics Form 1</formDescription><formSubjectType>MEMBER</formSubjectType><regionLevel>hierarchy1</regionLevel><gender>ALL</gender><minAge>16</minAge><maxAge>50</maxAge><isFollowUpForm>false</isFollowUpForm><isFormGroupExclusive>true</isFormGroupExclusive><multiCollPerSession>false</multiCollPerSession><formMap>Form-Group.form_group_code:formGroupCode-&gt;None;Member.householdCode:householdCode-&gt;None;Member.name:memberName-&gt;None;Form-Group.form_group_code:form_group_id-&gt;None;Form-Group.form_group_uuid:formGroupUuid-&gt;None;Member.code:memberCode-&gt;None</formMap><redcapApi/><redcapMap/><modules>MX-001</modules><groupMappings/></form><form><formType>REGULAR</formType><formId>form_group_sample_2</formId><formName>FG - Entollment Second Form</formName><formDescription>FG - Entollment Second Form</formDescription><formSubjectType>MEMBER</formSubjectType><regionLevel>hierarchy1</regionLevel><gender>ALL</gender><minAge>16</minAge><maxAge>40</maxAge><isFollowUpForm>false</isFollowUpForm><isFormGroupExclusive>false</isFormGroupExclusive><multiCollPerSession>false</multiCollPerSession><formMap>Member.code:memberCode-&gt;None;Form-Group.form_group_uuid:formGroupUuid-&gt;None;Member.householdCode:householdCode-&gt;None;Form-Group.form_group_code:formGroupCode-&gt;None;Member.name:memberName-&gt;None</formMap><redcapApi/><redcapMap/><modules>MX-001</modules><groupMappings/></form><form><formType>REGULAR</formType><formId>form_group_sample_3</formId><formName>FG - Entollment Third Form</formName><formDescription>FG - Entollment Third Form</formDescription><formSubjectType>MEMBER</formSubjectType><regionLevel>hierarchy1</regionLevel><gender>ALL</gender><minAge>16</minAge><maxAge>40</maxAge><isFollowUpForm>false</isFollowUpForm><isFormGroupExclusive>false</isFormGroupExclusive><multiCollPerSession>false</multiCollPerSession><formMap>Member.householdCode:householdCode-&gt;None;Form-Group.form_group_uuid:formGroupUuid-&gt;None;Member.name:memberName-&gt;None;Member.code:memberCode-&gt;None;Form-Group.form_group_code:formGroupCode-&gt;None</formMap><redcapApi/><redcapMap/><modules>MX-001</modules><groupMappings/></form><form><formType>FORM_GROUP</formType><formId>FG0001</formId><formName>FG - Member Enrollment Group</formName><formDescription>A group of forms to collect during enrollment for members</formDescription><formSubjectType>MEMBER</formSubjectType><regionLevel>hierarchy1</regionLevel><gender>ALL</gender><minAge>16</minAge><maxAge>40</maxAge><isFollowUpForm>false</isFollowUpForm><isFormGroupExclusive>false</isFormGroupExclusive><multiCollPerSession>false</multiCollPerSession><formMap/><redcapApi/><redcapMap/><modules>MX-001</modules><groupMappings><formGroup><ordinal>0</ordinal><formId>form_group_sample_main</formId><formRequired>true</formRequired><formCollectType>NORMAL_COLLECT</formCollectType><formCollectCondition/><formCollectLabel/></formGroup><formGroup><ordinal>1</ordinal><formId>form_group_sample_2</formId><formRequired>true</formRequired><formCollectType>PREVIOUS_FORM_COLLECTED</formCollectType><formCollectCondition/><formCollectLabel/></formGroup><formGroup><ordinal>2</ordinal><formId>form_group_sample_3</formId><formRequired>true</formRequired><formCollectType>CALCULATE_EXPRESSION</formCollectType><formCollectCondition>${form_group_sample_main.question1}='true'</formCollectCondition><formCollectLabel>The Question 1 of the main Form must be answered true</formCollectLabel></formGroup></groupMappings></form><form><formType>REGULAR</formType><formId>testodk3</formId><formName>Household Tests Form</formName><formDescription>Household Tests Form</formDescription><formSubjectType>HOUSEHOLD</formSubjectType><regionLevel>hierarchy1</regionLevel><gender>M</gender><minAge>0</minAge><maxAge>120</maxAge><isFollowUpForm>false</isFollowUpForm><isFormGroupExclusive>false</isFormGroupExclusive><multiCollPerSession>true</multiCollPerSession><formMap>Visit.code:visitId-&gt;None;Household.code:householdId-&gt;None</formMap><redcapApi/><redcapMap/><modules>MX-004,MX-002,MX-003,MX-001</modules><groupMappings/></form></forms>