<?xml version="1.0" encoding="UTF-8" standalone="no"?><users><user><code>YC2</code><username>FWYC2</username><password>$2a$10$a.y8wbTQfJ6ddBPF6vzScOizSJzgQEXBX3NvXtI0XBaUl8dZRoN36</password><firstName>Yuri</firstName><lastName>Correia</lastName><fullName>Yuri Correia</fullName><email/><modules>MX-004,MX-001</modules></user><user><code>HP1</code><username>FWHP1</username><password>$2a$10$J.rEpppcbHWbGF6cTHL5Ku2/QD.xt62mVhunxNERPOqNcsNDjJR2a</password><firstName>Heitor</firstName><lastName>Porto</lastName><fullName>Heitor Porto</fullName><email/><modules>MX-004,MX-001</modules></user><user><code>AM8</code><username>FWAM8</username><password>$2a$10$zwSEgrhxFYtdiSq.0yhzP.KSojdi6M3D5ekynDhpjgKM1GrZOZ5KC</password><firstName>Anthony</firstName><lastName>Mendes</lastName><fullName>Anthony Mendes</fullName><email/><modules>2c9fc91d818a29100181a3d7cc1f004c,MX-004,ff80818180e8da790180e8daa3dc004e,MX-001</modules></user><user><code>PS1</code><username>FWPS1</username><password>$2a$10$2snOnnM/mAtdhb7c7mZILuBtVYg3QZasXOUusQs8NYspyc.fdBKzW</password><firstName>Paulo</firstName><lastName>Santos</lastName><fullName>Paulo Santos</fullName><email/><modules>MX-004,MX-001</modules></user><user><code>DR1</code><username>FWDR1</username><password>$2a$10$dTcFXxHNR1h8PD6Iy0vJX.SsgUQ3E0HmGKGRpXnwZulnzViILpy8K</password><firstName>Diego</firstName><lastName>Rezende</lastName><fullName>Diego Rezende</fullName><email/><modules>2c9fc91d818a29100181a3d7cc1f004c,MX-004,ff80818180e8da790180e8daa3dc004e,MX-001</modules></user><user><code>SA1</code><username>admin</username><password>$2a$10$GWV40S4kmmUgq3JOQ6jkl.PR7RRvY2FKtGF7xHydL6qEHT2ZBVE32</password><firstName>System</firstName><lastName>Administrator</lastName><fullName>System Administrator</fullName><email>youremail@domain.net</email><modules>MX-004,MX-002,MX-003,MX-001</modules></user><user><code>NJ1</code><username>FWNJ1</username><password>$2a$08$bFunpkW.BhUAxHLs8t4qjOF/JWvv8GlyV7XQerrAfmCH7WlGSrOU6</password><firstName>Noah</firstName><lastName>Jesus</lastName><fullName>Noah Jesus</fullName><email/><modules>MX-001</modules></user><user><code>PD1</code><username>FWPD1</username><password>$2a$08$3LEWajcqdds.GlmAFQ6E8OSX1YG2mcqYIKWyaIyaCOkbnHVw0umpG</password><firstName>Pedro Henrique</firstName><lastName>Dias</lastName><fullName>Pedro Henrique Dias</fullName><email/><modules>MX-001</modules></user><user><code>LC2</code><username>FWLC2</username><password>$2a$08$OWNZETym08SVIOGTeHhOy.YiV9WFhRhfj087Pt8QTp8bhgr1Zerpe</password><firstName>Lucca</firstName><lastName>Carvalho</lastName><fullName>Lucca Carvalho</fullName><email/><modules>MX-001</modules></user><user><code>DC1</code><username>FWDC1</username><password>$2a$08$tJnwSAu3S92Up.W3MCfu7uYLs3k5yNAj7NW7Rah6HL9aC6qejoSNS</password><firstName>Davi Lucas</firstName><lastName>Costa</lastName><fullName>Davi Lucas Costa</fullName><email/><modules>MX-001</modules></user><user><code>HC2</code><username>FWHC2</username><password>$2a$08$VLW2xepLKcOy86Zamm5BTeNDWHWMAw2tpk67g7NorzBrtzr.NJ0za</password><firstName>Henrique</firstName><lastName>Campos</lastName><fullName>Henrique Campos</fullName><email/><modules>MX-001</modules></user><user><code>EF1</code><username>FWEF1</username><password>$2a$08$WtDNSXRgLa9NLyT7YEB7KeuEB9n8aht/9IPSw/JL0TG1AL6dfzf3a</password><firstName>Emanuel</firstName><lastName>Farias</lastName><fullName>Emanuel Farias</fullName><email/><modules>MX-001</modules></user><user><code>PC1</code><username>FWPC1</username><password>$2a$08$FETXo5rIJDSdr4pePzwutO3QoP7L6nc3QZq9rWKKTR0/2yuEKtEsm</password><firstName>Pedro Lucas</firstName><lastName>Costela</lastName><fullName>Pedro Lucas Costela</fullName><email/><modules>MX-001</modules></user><user><code>AF2</code><username>FWAF2</username><password>$2a$08$ngOvGXlvqJa7N0pZvDhzs.TyZ1UPFLlcKYXDbTvRRKK3kX9oiTl3e</password><firstName>Alexandre</firstName><lastName>Fogaça</lastName><fullName>Alexandre Fogaça</fullName><email/><modules>MX-002,MX-003,MX-001</modules></user><user><code>EF2</code><username>FWEF2</username><password>$2a$08$L0OFK9F4FD85EkfNbZTFG.iGWL3NE5oAvXTaSBT/ph/E9DYyvH1.2</password><firstName>Enzo Gabriel</firstName><lastName>Ferreira</lastName><fullName>Enzo Gabriel Ferreira</fullName><email/><modules>MX-001</modules></user><user><code>EA1</code><username>FWEA1</username><password>$2a$08$rRE8G7WX9zWMOnXuiOpyAOLlf3gWtS7qY5JN04Y9.aiKubYe70VUq</password><firstName>Erick</firstName><lastName>Alves</lastName><fullName>Erick Alves</fullName><email/><modules>MX-001</modules></user><user><code>AA1</code><username>FWAA1</username><password>$2a$08$sSjPCxV5bQ7/JFRMhpH7ceu9zG1NKcBs.Z2/XsFFV7dqF1d/5z0f2</password><firstName>Antônio</firstName><lastName>Azevedo</lastName><fullName>Antônio Azevedo</fullName><email/><modules>MX-002,MX-001</modules></user><user><code>LS3</code><username>FWLS3</username><password>$2a$08$RT7T7SjeNOK1oUjXBkznceFPuU00Vc3W.UvyWz5SSPqlxnSW0xVnO</password><firstName>Luiz Otávio</firstName><lastName>Silveira</lastName><fullName>Luiz Otávio Silveira</fullName><email/><modules>MX-002,MX-001</modules></user><user><code>LC3</code><username>FWLC3</username><password>$2a$08$q2/OuLBilck65SGUtJig9Oa2s/PFht9/khmHzxxS1o.f05T01uVNG</password><firstName>Luiz Felipe</firstName><lastName>Caldeira</lastName><fullName>Luiz Felipe Caldeira</fullName><email/><modules>MX-001</modules></user><user><code>JR1</code><username>FWJR1</username><password>$2a$08$rvn7ab/ukzZK9oz6baoibuNd99IHIyqUee8B7dd.En0ks8CDt.wQe</password><firstName>João Felipe</firstName><lastName>Ramos</lastName><fullName>João Felipe Ramos</fullName><email/><modules>MX-003</modules></user><user><code>GG1</code><username>FWGG1</username><password>$2a$08$TPpOn5m7JEFBbQk02lQvTOlWaKUgKsewLCS96LCH7G.flD8NsdM8m</password><firstName>Gustavo Henrique</firstName><lastName>Gomes</lastName><fullName>Gustavo Henrique Gomes</fullName><email/><modules>MX-001</modules></user><user><code>BF1</code><username>FWBF1</username><password>$2a$08$/F1rLxUftZgXVnttftyjve.9vUj3Qsu4dF7l6nxTFJgtWPVIl3Jiu</password><firstName>Benício</firstName><lastName>Freitas</lastName><fullName>Benício Freitas</fullName><email/><modules>MX-001</modules></user><user><code>LP1</code><username>FWLP1</username><password>$2a$08$0Cr6P5sHufABS5k8GPz5AOyvse7JK9mugQbhapE3tvZnUw9JiAH4e</password><firstName>Lucca</firstName><lastName>Pires</lastName><fullName>Lucca Pires</fullName><email/><modules>MX-001</modules></user><user><code>BF2</code><username>FWBF2</username><password>$2a$08$cXeK/zaYjhgAm.Pe6ymf9e3NWwY6aSlajRNgebWUnC/ZM67KoDx3G</password><firstName>Bernardo</firstName><lastName>Fogaça</lastName><fullName>Bernardo Fogaça</fullName><email/><modules>MX-001</modules></user><user><code>MN1</code><username>FWMN1</username><password>$2a$08$N6bDtUiJ.UPXuzdbC3lv2uCgH/6GgTvxSzG9V7VEsDtzKSWLpKUNG</password><firstName>Murilo das</firstName><lastName>Neves</lastName><fullName>Murilo das Neves</fullName><email/><modules>MX-001</modules></user><user><code>JM4</code><username>FWJM4</username><password>$2a$08$IzDSr8YpJ2Y0z8LfLLtyVOLqBZKeHYoyyDWGNSwlYi2PQ48vPU542</password><firstName>João Pedro</firstName><lastName>Moura</lastName><fullName>João Pedro Moura</fullName><email/><modules>MX-001</modules></user><user><code>JS3</code><username>FWJS3</username><password>$2a$08$v0uvURzR6BGgdrQXTrwH5uNFBeUagog2nKw101oAOgQp1ogoHfNyW</password><firstName>João Guilherme</firstName><lastName>Santos</lastName><fullName>João Guilherme Santos</fullName><email/><modules>MX-001</modules></user><user><code>YV1</code><username>FWYV1</username><password>$2a$08$Bnpntb1BPt45afUdmZDqeeRtRccUBVgVy0JH8JX5lwm8Ybz9x9EeW</password><firstName>Yuri</firstName><lastName>Viana</lastName><fullName>Yuri Viana</fullName><email/><modules>MX-001</modules></user><user><code>JM5</code><username>FWJM5</username><password>$2a$08$wMBVFjlldTThkFAOXq4PIOyfuFcunYpd9kOV0QW0itw3yRwIjWgay</password><firstName>João Miguel</firstName><lastName>Mendes</lastName><fullName>João Miguel Mendes</fullName><email/><modules>MX-001</modules></user><user><code>JP1</code><username>FWJP1</username><password>$2a$08$YSLljZhkNgvYQH23nqMjJuY1Cm9kelVmy0xB7I50sWSg9gkttIYy6</password><firstName>João</firstName><lastName>Pedro</lastName><fullName>João Pedro</fullName><email/><modules>MX-001</modules></user><user><code>DC2</code><username>FWDC2</username><password>$2a$08$xzngyjINq31rIeyToYO5oOR.bmP2BjVAtHgx6zP012HRALSW/mjY.</password><firstName>Davi</firstName><lastName>Correia</lastName><fullName>Davi Correia</fullName><email/><modules>MX-001</modules></user><user><code>YC3</code><username>FWYC3</username><password>$2a$08$yi6HJKzG8UINYurtjIz3iObp/ZS2yUqbDT8OLnKhGnBuViqakHVYy</password><firstName>Yago</firstName><lastName>Castro</lastName><fullName>Yago Castro</fullName><email/><modules>MX-001</modules></user><user><code>RC1</code><username>FWRC1</username><password>$2a$08$df1pBrOdN67GWGcfgeXJ.eCBLq2rC4R5imzSvZSFhL9gFdWn6ouQC</password><firstName>Ryan</firstName><lastName>Correia</lastName><fullName>Ryan Correia</fullName><email/><modules>MX-001</modules></user><user><code>HA2</code><username>FWHA2</username><password>$2a$08$Gjcewp6Re2gjdquxVlaKwOFMpGfCYJY1gWipF0YbJ99DyFW4cWbkq</password><firstName>Henrique</firstName><lastName>Alves</lastName><fullName>Henrique Alves</fullName><email/><modules>MX-001</modules></user><user><code>PR1</code><username>FWPR1</username><password>$2a$08$8h4UwF3P1PyKLGiLPX28zOASqx1yV8PqzB7UJ97a7qkM/nofB2le2</password><firstName>Pedro Henrique</firstName><lastName>Ramos</lastName><fullName>Pedro Henrique Ramos</fullName><email/><modules>MX-001</modules></user><user><code>RR1</code><username>FWRR1</username><password>$2a$08$O1yLbONQAh/wDDGHu5gC1e8R4Q7UuG4zTptILkwW2UWqOlaB3uBSe</password><firstName>Rafael</firstName><lastName>Rezende</lastName><fullName>Rafael Rezende</fullName><email/><modules>MX-001</modules></user><user><code>HR1</code><username>FWHR1</username><password>$2a$08$0Gp.wQsZJC594kGKyn9Zf.HZkWpa6CR5q7ZH9m/pZ3hTmLaBMhzwi</password><firstName>Henrique</firstName><lastName>Rezende</lastName><fullName>Henrique Rezende</fullName><email/><modules>MX-001</modules></user><user><code>LF1</code><username>FWLF1</username><password>$2a$08$hLCd9votrt3msd6Umydc.On/l6RMN4TP6YPGorNxuXRsgattAVF4.</password><firstName>Luiz Henrique</firstName><lastName>Freitas</lastName><fullName>Luiz Henrique Freitas</fullName><email/><modules>MX-001</modules></user><user><code>LF2</code><username>FWLF2</username><password>$2a$08$k8zNC/JaERyZw7R7TWEXrezG3qq6QLphIQJHaGqVwuayh8XQGso62</password><firstName>Luiz</firstName><lastName>Felipe</lastName><fullName>Luiz Felipe</fullName><email/><modules>MX-001</modules></user><user><code>LC4</code><username>FWLC4</username><password>$2a$08$BJKdOGceSYb.X8xzwMlpYefM0eIM5pNTdr4nybklqsYjMQZGxQ5Na</password><firstName>Lucas</firstName><lastName>Campos</lastName><fullName>Lucas Campos</fullName><email/><modules>MX-001</modules></user><user><code>RF1</code><username>FWRF1</username><password>$2a$08$X3vQBhytunnjlhGm.ZVnjutzz99g5a/uD7G8OJ.ybqKdYxtJ3EJv6</password><firstName>Rebeca</firstName><lastName>Freitas</lastName><fullName>Rebeca Freitas</fullName><email/><modules>MX-001</modules></user><user><code>EM7</code><username>FWEM7</username><password>$2a$08$HVpiNDzJak/NA2Ha/ZJyGOU5u36VvnzUZFAwodHmVE6yLl4Y9pfKy</password><firstName>Emanuella</firstName><lastName>Moura</lastName><fullName>Emanuella Moura</fullName><email/><modules>MX-001</modules></user><user><code>CC4</code><username>FWCC4</username><password>$2a$08$YrHWE6Kvu./WOtPiBqrffO1EQj/S.JKFPHGfBJF/ocsSzr1z4bAHO</password><firstName>Cecília</firstName><lastName>Cardoso</lastName><fullName>Cecília Cardoso</fullName><email/><modules>MX-001</modules></user><user><code>BN1</code><username>FWBN1</username><password>$2a$08$miOJpQDaUuHKh2hJ7pWknuVoEzMyr0cSqrW46o9qsKEZKs9Un5ysC</password><firstName>Bianca</firstName><lastName>Novaes</lastName><fullName>Bianca Novaes</fullName><email/><modules>MX-001</modules></user><user><code>LS4</code><username>FWLS4</username><password>$2a$08$xWg1edE9fe38M5cCj7joKO10dZ66q3YISI4zu06OLfQOHrd7LMrAm</password><firstName>Letícia</firstName><lastName>Santos</lastName><fullName>Letícia Santos</fullName><email/><modules>MX-001</modules></user><user><code>SC3</code><username>FWSC3</username><password>$2a$08$DnKl/TO6Xfvv.MDEI3eQge4o.Tc3DeptPr18J50ZBBTfTCQO1B/pS</password><firstName>Stephany</firstName><lastName>Cardoso</lastName><fullName>Stephany Cardoso</fullName><email/><modules>MX-001</modules></user><user><code>RG1</code><username>FWRG1</username><password>$2a$08$.TKJYNUGONDmIZndG4SI3.qA5fuQRWApO9.ckA3PZWACmVda6jh.u</password><firstName>Raquel</firstName><lastName>Gonçalves</lastName><fullName>Raquel Gonçalves</fullName><email/><modules>MX-001</modules></user><user><code>NL1</code><username>FWNL1</username><password>$2a$08$u2SYpo89cC/xIokqlTweMe.BTQoFZg6JbZ6ExHzY9uUyQzXtofaLG</password><firstName>Nicole</firstName><lastName>Lima</lastName><fullName>Nicole Lima</fullName><email/><modules>MX-001</modules></user><user><code>AF3</code><username>FWAF3</username><password>$2a$08$7iO9D8ZIgGykR3Y4vqFix.JlfNEoD8YwwVDA7nd4kbA4CTJGdwPOm</password><firstName>Ana Luiza</firstName><lastName>Freitas</lastName><fullName>Ana Luiza Freitas</fullName><email/><modules>MX-001</modules></user><user><code>MS1</code><username>FWMS1</username><password>$2a$08$tIF.A8TTvPP6XOiRAtVSsuDMTzfUuz6enfCDL.kdbGGpbNa5UZjU2</password><firstName>Marina</firstName><lastName>Silva</lastName><fullName>Marina Silva</fullName><email/><modules>MX-001</modules></user><user><code>BM4</code><username>FWBM4</username><password>$2a$08$BjHlcMJkTtJ8It7N4a8I5.9KXSqGpu7cdUCifnOz9sZo..Ycjvadi</password><firstName>Beatriz</firstName><lastName>Martins</lastName><fullName>Beatriz Martins</fullName><email/><modules>MX-001</modules></user><user><code>LC5</code><username>FWLC5</username><password>$2a$08$t4PC5zR.1f8HDsejDcGb..mc0W0pdEadJAn12MfXXvVOaf0yszBu.</password><firstName>Laura</firstName><lastName>Cardoso</lastName><fullName>Laura Cardoso</fullName><email/><modules>MX-001</modules></user><user><code>BN2</code><username>FWBN2</username><password>$2a$08$pWDU08TPLnf4iUz.xoo3COOZupDZ7ZeD811DJ7tVSI5b.KN8Ri.wS</password><firstName>Bruna</firstName><lastName>Novaes</lastName><fullName>Bruna Novaes</fullName><email/><modules>MX-001</modules></user><user><code>BC1</code><username>FWBC1</username><password>$2a$08$O80qt4Bfofyr6aNqh0GWDOwRZF1r0YFIzCCrxYWQaIeayUFRU1q9K</password><firstName>Bárbara</firstName><lastName>Costela</lastName><fullName>Bárbara Costela</fullName><email/><modules>MX-001</modules></user><user><code>MF2</code><username>FWMF2</username><password>$2a$08$4b9r2bzrpltIIqsc5unhK.cTLayLCOBii1lbP8Ctcon1HVoMS7emu</password><firstName>Maria Sophia</firstName><lastName>Fogaça</lastName><fullName>Maria Sophia Fogaça</fullName><email/><modules>MX-001</modules></user><user><code>BC2</code><username>FWBC2</username><password>$2a$08$gRMoI.Tz1jOnGDe11.R1KeZAkQQugXyXd8LrCdCef/UHDF2jRkBrC</password><firstName>Bruna</firstName><lastName>Carvalho</lastName><fullName>Bruna Carvalho</fullName><email/><modules>MX-001</modules></user><user><code>AF4</code><username>FWAF4</username><password>$2a$08$lxyCgqQL5duyTrdnTKDlVet/FZQt62Tg94kdy4ueVxhOM36u2/Nd.</password><firstName>Ana Laura</firstName><lastName>Fogaça</lastName><fullName>Ana Laura Fogaça</fullName><email/><modules>MX-001</modules></user><user><code>AJ1</code><username>FWAJ1</username><password>$2a$08$88lpiHc20KLVb9GK489LXeb06HEvS7Fmm2nTLlLwaAEOlvITDISSm</password><firstName>Ana</firstName><lastName>Júlia</lastName><fullName>Ana Júlia</fullName><email/><modules>MX-001</modules></user><user><code>CR1</code><username>FWCR1</username><password>$2a$08$F4DtggQWrufDm7q7.T3EC.K6/N9UKcj18ZoW.5iSVgBATj8eW2ROG</password><firstName>Caroline</firstName><lastName>Ribeiro</lastName><fullName>Caroline Ribeiro</fullName><email/><modules>MX-001</modules></user><user><code>KR1</code><username>FWKR1</username><password>$2a$08$z9ucONCqkrgO8lxEY1/ys.D/fd9y.FH49rAK6ggOmIP0gCAwUJhh.</password><firstName>Kamilly</firstName><lastName>Ramos</lastName><fullName>Kamilly Ramos</fullName><email/><modules>MX-001</modules></user><user><code>LM2</code><username>FWLM2</username><password>$2a$08$0J4cXOGkAmSv32Kqv7Hpu.Eq3u1LBqaE2ho/HH8cUIBnjDzjHbH1u</password><firstName>Larissa</firstName><lastName>Moreira</lastName><fullName>Larissa Moreira</fullName><email/><modules>MX-001</modules></user><user><code>LS5</code><username>FWLS5</username><password>$2a$08$rbut5s4rx52E6XCJ5id1TeFNYO8UTwC3eINnoNt8Z7vr8VFB/qCa2</password><firstName>Lara</firstName><lastName>Souza</lastName><fullName>Lara Souza</fullName><email/><modules>MX-001</modules></user><user><code>MC6</code><username>FWMC6</username><password>$2a$08$YR8.5WQBYQpMm/3SlE4Yw.v1e7jPmbl60BT0dJ5nyV9bwW5Jw/DZ.</password><firstName>Maria Fernanda</firstName><lastName>Cavalcanti</lastName><fullName>Maria Fernanda Cavalcanti</fullName><email/><modules>MX-001</modules></user><user><code>MC7</code><username>FWMC7</username><password>$2a$08$lKKVb.AMgOZUKXsA5nB8G.H77rzlfi/2kxCSb5cNlqeMNnaDnE0EG</password><firstName>Maria Clara</firstName><lastName>Cunha</lastName><fullName>Maria Clara Cunha</fullName><email/><modules>MX-001</modules></user><user><code>AS3</code><username>FWAS3</username><password>$2a$08$h56M5yOGDq5R1szIReAaE.i2KYLXGQR7vtV.66SbqiCLi9iTzU3LG</password><firstName>Ana Laura</firstName><lastName>Santos</lastName><fullName>Ana Laura Santos</fullName><email/><modules>MX-001</modules></user><user><code>SR2</code><username>FWSR2</username><password>$2a$08$yYXbRuqoIMrAGQK6di4IweGeZiJztydiKmydCEp0EyuwpzUQrGXg2</password><firstName>Stephany</firstName><lastName>Rodrigues</lastName><fullName>Stephany Rodrigues</fullName><email/><modules>MX-001</modules></user><user><code>IP2</code><username>FWIP2</username><password>$2a$08$JSwgqm1fzh.kB0imNvzJVuAu7p.y.m4Ogon1ffTpQdUSMBcmghsZu</password><firstName>Isabella</firstName><lastName>Porto</lastName><fullName>Isabella Porto</fullName><email/><modules>MX-001</modules></user><user><code>CR2</code><username>FWCR2</username><password>$2a$08$MetK4YBTd4wDH8ohOg7mu.H51zGzzP29tRL11A8qVaTaEIfu9v93q</password><firstName>Catarina</firstName><lastName>Rocha</lastName><fullName>Catarina Rocha</fullName><email/><modules>MX-001</modules></user><user><code>EC3</code><username>FWEC3</username><password>$2a$08$srz5jflQSez1NC6DBsLpKeiu0xA2RhiHgjT.SR81pyx59m5E5eAsm</password><firstName>Evelyn</firstName><lastName>Cunha</lastName><fullName>Evelyn Cunha</fullName><email/><modules>MX-001</modules></user><user><code>TS1</code><username>FWTS1</username><password>$2a$08$WtjUs2YntXBsxSRYnhP7Ge9lc7/fqNeoT20pd2be1.SHmtd2ASPOi</password><firstName>Thiago</firstName><lastName>Sales</lastName><fullName>Thiago Sales</fullName><email/><modules>MX-001</modules></user><user><code>TP2</code><username>FWTP2</username><password>$2a$08$tGBrSQGXAfmKYdgfBSbq1exeokGVTPJYewkKY1ey/mBEJKyim6RSG</password><firstName>Thomas</firstName><lastName>Pires</lastName><fullName>Thomas Pires</fullName><email/><modules>MX-001</modules></user><user><code>LP2</code><username>FWLP2</username><password>$2a$08$aViCvTF3HcJuLHmqiWtO5uE1zoS2o8e10sLtUy1SgpKW1FETwe5Uy</password><firstName>Luiz Miguel</firstName><lastName>Peixoto</lastName><fullName>Luiz Miguel Peixoto</fullName><email/><modules>MX-001</modules></user><user><code>TS2</code><username>FWTS2</username><password>$2a$08$pZOxZZ3PWGiUq/m6hBuz3.FRdUGQUbhc0k0EZB3gasHXN1D3Kk0Yy</password><firstName>Thales</firstName><lastName>Silveira</lastName><fullName>Thales Silveira</fullName><email/><modules>MX-001</modules></user><user><code>PF2</code><username>FWPF2</username><password>$2a$08$MGGQwtCUXseuyRl105vOWezgmAZKN9FhsoPmpoI5ozqbm/DkZcK3i</password><firstName>Pedro Henrique</firstName><lastName>Freitas</lastName><fullName>Pedro Henrique Freitas</fullName><email/><modules>MX-001</modules></user><user><code>DA1</code><username>FWDA1</username><password>$2a$08$6MX.idXIyI624q7Pn.aU.uKm2Wt6bxPyx9kg8pyiYfN5qSfFH/aOy</password><firstName>Davi Luiz</firstName><lastName>Aragão</lastName><fullName>Davi Luiz Aragão</fullName><email/><modules>MX-001</modules></user><user><code>FR1</code><username>FWFR1</username><password>$2a$08$EKwZx0E6MoyqOh38dzsXnuSTY9arCNOPsJ/JBz3oLxCSsUDXTF3t.</password><firstName>Francisco</firstName><lastName>Rocha</lastName><fullName>Francisco Rocha</fullName><email/><modules>MX-001</modules></user><user><code>PA1</code><username>FWPA1</username><password>$2a$08$chIlL1b71f4gd37lEPMyPevWIy1ZKw7nXXz9UMa4rqsfBtkHQyMZa</password><firstName>Pedro Miguel</firstName><lastName>Almeida</lastName><fullName>Pedro Miguel Almeida</fullName><email/><modules>MX-001</modules></user><user><code>LP3</code><username>FWLP3</username><password>$2a$08$a7Mm2yq49ad0GmWa0tMoPeC0lFJig1yXgLgLTrpZmfzOv5xVFyGOe</password><firstName>Lucas</firstName><lastName>Porto</lastName><fullName>Lucas Porto</fullName><email/><modules>MX-001</modules></user><user><code>PR2</code><username>FWPR2</username><password>$2a$08$UzTnUGOKud1U2J0CYskijudSCZ6e91DanvzodwrItg5eaQHT6lwHm</password><firstName>Paulo</firstName><lastName>Rodrigues</lastName><fullName>Paulo Rodrigues</fullName><email/><modules>MX-001</modules></user><user><code>LP4</code><username>FWLP4</username><password>invalid-password-hash</password><firstName>Luiz Otávio</firstName><lastName>Pinto</lastName><fullName>Luiz Otávio Pinto</fullName><email/><modules>MX-001</modules></user><user><code>NP1</code><username>FWNP1</username><password>$2a$10$8JSRk4xkCxT8GgCQHBGzr.ftrxDxqDuW4Rb0a6tlwiDVxDfT9DdPa</password><firstName>Noah</firstName><lastName>Pinto</lastName><fullName>Noah Pinto</fullName><email/><modules>MX-004,MX-002,MX-003,MX-001</modules></user><user><code>MS2</code><username>FWMS2</username><password>$2a$10$2WAxnNs3vgpsXXuhYo7rvekZfZ7TA9/wcTvjWHx12HWalYXn.U1Ae</password><firstName>Marcos Vinicius</firstName><lastName>Souza</lastName><fullName>Marcos Vinicius Souza</fullName><email/><modules>MX-003,MX-001</modules></user><user><code>AN2</code><username>FWAN2</username><password>$2a$08$8yw4r5FKNdZUr1AKoA2wB.VPRY1MDDZ8LTNY4iDb9tq3S45NWAFMy</password><firstName>Anthony</firstName><lastName>Novaes</lastName><fullName>Anthony Novaes</fullName><email/><modules>MX-001</modules></user><user><code>GC2</code><username>FWGC2</username><password>$2a$08$k3vxWxJpNPJu3CSKKhoo0OjA4eGEdHjAfUkBKFIUwihThKH2IVWHi</password><firstName>Gustavo</firstName><lastName>Campos</lastName><fullName>Gustavo Campos</fullName><email/><modules>MX-001</modules></user><user><code>RM4</code><username>FWRM4</username><password>$2a$08$Uusqeu8bTFns5a3cW.X.a.aRgcVrOje2kLclvnxfdb4hAJRk8nM5e</password><firstName>Ryan</firstName><lastName>Moraes</lastName><fullName>Ryan Moraes</fullName><email/><modules>MX-001</modules></user><user><code>IA1</code><username>FWIA1</username><password>$2a$08$Jfu678pBd0o4aacTWeBPR.0GF9N9VWPqsLhnF43wlTJRle6LwhhKW</password><firstName>Ian</firstName><lastName>Araújo</lastName><fullName>Ian Araújo</fullName><email/><modules>MX-001</modules></user><user><code>ON2</code><username>FWON2</username><password>$2a$08$AQ.2WD4kNQkcFEeuYhh6Yen8w90p6/WS1GVmLOse3yng97AuHeVxy</password><firstName>Otávio</firstName><lastName>Nunes</lastName><fullName>Otávio Nunes</fullName><email/><modules>MX-001</modules></user><user><code>KM2</code><username>FWKM2</username><password>$2a$08$1/iPbjMchgZ4KZMpo/qIzesrqFgloEy/vlmap1ypBQ85dCXIYheju</password><firstName>Kevin</firstName><lastName>Melo</lastName><fullName>Kevin Melo</fullName><email/><modules>MX-001</modules></user><user><code>BG1</code><username>FWBG1</username><password>$2a$08$F6gg3Yqm0Q1yswUvPuc5eed9kUZN9s0fc0pbpyj4mr67u9ZZhv6Le</password><firstName>Bryan</firstName><lastName>Gomes</lastName><fullName>Bryan Gomes</fullName><email/><modules>MX-001</modules></user><user><code>MG2</code><username>FWMG2</username><password>$2a$08$bqTna2HlMKuTcB/WZ/ru6OYQSFQDnMn2Po9Un.tbUoJ.PRJu2ECCC</password><firstName>Matheus</firstName><lastName>Gonçalves</lastName><fullName>Matheus Gonçalves</fullName><email/><modules>MX-001</modules></user><user><code>YS1</code><username>FWYS1</username><password>$2a$08$uXcp68epXZY0qFFUTJo9k.X0pGI7o56mgBsGb28T.vXZ.nXxsHtHW</password><firstName>Yuri</firstName><lastName>Sales</lastName><fullName>Yuri Sales</fullName><email/><modules>MX-001</modules></user><user><code>DP1</code><username>FWDP1</username><password>$2a$08$G1ocmCj48iYVs7sV0XrWI.EcJPwlvJmgfXiSejrBVhDcevj1CdSUu</password><firstName>Davi</firstName><lastName>Pires</lastName><fullName>Davi Pires</fullName><email/><modules>MX-001</modules></user><user><code>EF3</code><username>FWEF3</username><password>$2a$08$2tDKTphNvdYlh2bYY.MxgOOAOzBg9Eg59RDQoyLGtNBk6JJBdd2Y.</password><firstName>Enzo Gabriel</firstName><lastName>Fernandes</lastName><fullName>Enzo Gabriel Fernandes</fullName><email/><modules>MX-001</modules></user><user><code>VS1</code><username>FWVS1</username><password>$2a$08$hNR.a.17pKF8.Ax9Zs6bZu02t.tqyEB0E.XvUePldb0XaV4kVEDvK</password><firstName>Vitor Gabriel</firstName><lastName>Silveira</lastName><fullName>Vitor Gabriel Silveira</fullName><email/><modules>MX-001</modules></user><user><code>LS6</code><username>FWLS6</username><password>$2a$08$yIKIHpxRmiQNTcwwE76wheC6GdBR7AmrCUmH4mFz10iYNh6mvpYX.</password><firstName>Leandro</firstName><lastName>Santos</lastName><fullName>Leandro Santos</fullName><email/><modules>MX-001</modules></user><user><code>DP2</code><username>FWDP2</username><password>$2a$08$giys6eEY64snHfUFDc03zexExMo6KFfevMMi9dsIXZiIDUzgDcZp6</password><firstName>Davi Lucca</firstName><lastName>Peixoto</lastName><fullName>Davi Lucca Peixoto</fullName><email/><modules>MX-001</modules></user><user><code>JP2</code><username>FWJP2</username><password>$2a$08$ygPDhghkXnV.GPFlPdP9WuDMxhM7uYcqQrQeHIXC77du/ScJFuApG</password><firstName>Joaquim</firstName><lastName>Peixoto</lastName><fullName>Joaquim Peixoto</fullName><email/><modules>MX-003</modules></user><user><code>FJ1</code><username>FWFJ1</username><password>$2a$08$9nRvDDGMPSVdcqgnHjMM6eT56kVLxkfY/UrXWkD3rJ9NpVBitNLd.</password><firstName>Francisco</firstName><lastName>Jesus</lastName><fullName>Francisco Jesus</fullName><email/><modules>MX-001</modules></user><user><code>GM4</code><username>FWGM4</username><password>$2a$08$92n/7fN1j88MVdIbVhs/RO6dWEtbel0CRtIKWhDlxVGNo3FyZwXZa</password><firstName>Gabriela</firstName><lastName>Monteiro</lastName><fullName>Gabriela Monteiro</fullName><email/><modules>MX-001</modules></user><user><code>EN4</code><username>FWEN4</username><password>$2a$08$E0u4h9qrCgUF3cwKruTGrOZFkVeJZx7.Eyxio7FvTVaIppY5UG8ES</password><firstName>Evelyn das</firstName><lastName>Neves</lastName><fullName>Evelyn das Neves</fullName><email/><modules>MX-001</modules></user><user><code>AP1</code><username>FWAP1</username><password>$2a$08$QYJnXQrk.yCS2tEp1NuGE.fPNCm3AGmaG4Hxz0RP1R/JvzPCYpzRq</password><firstName>Ana Beatriz</firstName><lastName>Porto</lastName><fullName>Ana Beatriz Porto</fullName><email/><modules>MX-001</modules></user><user><code>CV2</code><username>FWCV2</username><password>$2a$08$rnoDy/G9q2H7MpKURlNVa.Je0h8XePnyIAl6PDeWtC9ug5CTCd6ji</password><firstName>Caroline</firstName><lastName>Vieira</lastName><fullName>Caroline Vieira</fullName><email/><modules>MX-003</modules></user><user><code>GN1</code><username>FWGN1</username><password>$2a$08$pnOtZ6F8RyjfJw073KApc.eU/dxuHvQ01uTTRWuE.n0LvbeJPbis.</password><firstName>Giovanna</firstName><lastName>Nunes</lastName><fullName>Giovanna Nunes</fullName><email/><modules>MX-001</modules></user><user><code>AL1</code><username>FWAL1</username><password>$2a$08$FWoW7c1Fqv.xyzyK0Yny4OW/IuWLsAzIf5yfU/3KoytPZPd85/Y16</password><firstName>Ana</firstName><lastName>Laura</lastName><fullName>Ana Laura</fullName><email/><modules>MX-001</modules></user><user><code>AL2</code><username>FWAL2</username><password>$2a$08$O8rQhcRszizAsQXCfbF93uSmLT43ND7i5AMAANg/dR5Ywwpd1.c4S</password><firstName>Ana Júlia</firstName><lastName>Lima</lastName><fullName>Ana Júlia Lima</fullName><email/><modules>MX-001</modules></user><user><code>AC4</code><username>FWAC4</username><password>$2a$08$kcerQWFo8lvtsWAgt3u9M.6oRmQZaas3actOhbKKFqHa7zpGSp9Yy</password><firstName>Ana</firstName><lastName>Carolina</lastName><fullName>Ana Carolina</fullName><email/><modules>MX-001</modules></user><user><code>MG3</code><username>FWMG3</username><password>$2a$08$Q18o1DjFnAtXam.xHoBfKO9RkCy6uibrRNm6C8/BC2fvhb6F6QHJe</password><firstName>Maria Cecília</firstName><lastName>Gomes</lastName><fullName>Maria Cecília Gomes</fullName><email/><modules>MX-001</modules></user><user><code>EA2</code><username>FWEA2</username><password>$2a$08$zjM26/N/3FGeQJF0NgKxS.E5spLMTVseMCjjzf5H4eoitu169GWj2</password><firstName>Eloah</firstName><lastName>Araújo</lastName><fullName>Eloah Araújo</fullName><email/><modules>MX-001</modules></user><user><code>AL3</code><username>FWAL3</username><password>$2a$08$1LI2k5T8BY/1yyAqQOIKjeehlspcJOkOwMzg4ObuIfaCS41rXvFb.</password><firstName>Ana</firstName><lastName>Lívia</lastName><fullName>Ana Lívia</fullName><email/><modules>MX-001</modules></user><user><code>MN2</code><username>FWMN2</username><password>$2a$08$VkMSceTOrivPhBFuP1O5Y.udvqTzOkt/.dy8GkGhKqaL3ZVRHhmoy</password><firstName>Maria Cecília</firstName><lastName>Nascimento</lastName><fullName>Maria Cecília Nascimento</fullName><email/><modules>MX-001</modules></user><user><code>AG1</code><username>FWAG1</username><password>$2a$08$8kAiZb18dKnyUT3hO96FIumifggjh6dap6klQssL5UBevj/t0niqq</password><firstName>Ana Beatriz</firstName><lastName>Gomes</lastName><fullName>Ana Beatriz Gomes</fullName><email/><modules>MX-001</modules></user><user><code>AC5</code><username>FWAC5</username><password>$2a$08$mnxFDZWQhchnKWNmLWEpWuvu1u2wSzcWdziVBvFei8cP4U3Ues0ry</password><firstName>Ana Sophia</firstName><lastName>Cardoso</lastName><fullName>Ana Sophia Cardoso</fullName><email/><modules>MX-001</modules></user><user><code>AR3</code><username>FWAR3</username><password>$2a$08$Ts9EAmm6irjUEel7cfyt3.WzmJ/buS5QFuaSJ0A4DsGFDSOBV6aA2</password><firstName>Ana Júlia</firstName><lastName>Rezende</lastName><fullName>Ana Júlia Rezende</fullName><email/><modules>MX-001</modules></user><user><code>IS1</code><username>FWIS1</username><password>$2a$08$U1kpzJvbsadIFA9FCl3iK.9DyshJ4p8q2jaEf37O14Mhxefude.Ia</password><firstName>Isabelly</firstName><lastName>Silva</lastName><fullName>Isabelly Silva</fullName><email/><modules>MX-001</modules></user><user><code>BB1</code><username>FWBB1</username><password>$2a$08$S5rNRs/1tfgMpj811XEmUOdZQw01h7vtN4j5Ukh1Bm5SL2yMUy2Ku</password><firstName>Brenda</firstName><lastName>Barbosa</lastName><fullName>Brenda Barbosa</fullName><email/><modules>MX-001</modules></user><user><code>VM2</code><username>FWVM2</username><password>$2a$08$9gcq/gLwRs/oxDzKAjjRAOowrAASCjUMl/mAE7Wcq21KG0jcLab92</password><firstName>Vitória</firstName><lastName>Martins</lastName><fullName>Vitória Martins</fullName><email/><modules>MX-001</modules></user><user><code>MN3</code><username>FWMN3</username><password>$2a$08$fOtb0CzW0qgbd9qZ93kjROFmn.ZPhIwnsgPB6x8UUjQjatcmSLh1e</password><firstName>Maria Cecília</firstName><lastName>Nogueira</lastName><fullName>Maria Cecília Nogueira</fullName><email/><modules>MX-001</modules></user><user><code>VM3</code><username>FWVM3</username><password>$2a$08$NnswY9VZ7hsceEMzUrCdZuezq6N0JE0OkISARq4OqkgpzowlQo.Zi</password><firstName>Valentina</firstName><lastName>Martins</lastName><fullName>Valentina Martins</fullName><email/><modules>MX-001</modules></user><user><code>AP2</code><username>FWAP2</username><password>$2a$08$5EdQ/hctocEab4WVvkp8NO75Xb75ra.ngv6sAx2BxezfO/CykCgaG</password><firstName>Alana</firstName><lastName>Pires</lastName><fullName>Alana Pires</fullName><email/><modules>MX-001</modules></user><user><code>EL1</code><username>FWEL1</username><password>$2a$08$VrPz7kuTOjV91mJabS7J5.S2TV2bu32Jtidr.yrOBS2N.bfZ4PNxK</password><firstName>Emanuelly</firstName><lastName>Lopes</lastName><fullName>Emanuelly Lopes</fullName><email/><modules>MX-001</modules></user><user><code>GC3</code><username>FWGC3</username><password>$2a$08$CBqNKu.Kg/USPTXXQ8SvR.l8k46wCv2x5FE0qz76oop4aNoliiwo2</password><firstName>Giovanna</firstName><lastName>Castro</lastName><fullName>Giovanna Castro</fullName><email/><modules>MX-001</modules></user><user><code>MA1</code><username>FWMA1</username><password>$2a$08$XKEhPEx9QyVY2LGicR4XFOPIiIr3AQ2xpZN4PFIw4F9jb55yqA5yi</password><firstName>Marina</firstName><lastName>Azevedo</lastName><fullName>Marina Azevedo</fullName><email/><modules>MX-001</modules></user><user><code>NT1</code><username>FWNT1</username><password>$2a$08$QSTIWFPk4LukJpRB/rzgdufol0A/F8264NREdmnJmzpepTDcaEOb2</password><firstName>Natália</firstName><lastName>Teixeira</lastName><fullName>Natália Teixeira</fullName><email/><modules>MX-001</modules></user><user><code>IC1</code><username>FWIC1</username><password>$2a$08$BZNaRFOyPG9TQ9XkuwnYO.MaJtc0Whj3xHJJ0udFUX7r59/lsB9Uq</password><firstName>Isadora</firstName><lastName>Carvalho</lastName><fullName>Isadora Carvalho</fullName><email/><modules>MX-001</modules></user><user><code>RN3</code><username>FWRN3</username><password>$2a$08$SONNsz./CAYPfoSSccdnI.NflCYBDr.uicFFqWF6Z3lRyiUEgxhHy</password><firstName>Raquel</firstName><lastName>Nunes</lastName><fullName>Raquel Nunes</fullName><email/><modules>MX-001</modules></user><user><code>AP3</code><username>FWAP3</username><password>$2a$08$yTIyKODc9do5kUl6RbBz0Owwk0QN6Wx.1pvbKLvDfPJsis6XnsrAC</password><firstName>Ana Clara</firstName><lastName>Pereira</lastName><fullName>Ana Clara Pereira</fullName><email/><modules>MX-001</modules></user><user><code>AM9</code><username>FWAM9</username><password>$2a$08$bKsP.nVn1HLPRvikZb8pDuJe0IY.gOJR9hbF43ChpUfqhWNm1HIky</password><firstName>Ana Sophia</firstName><lastName>Martins</lastName><fullName>Ana Sophia Martins</fullName><email/><modules>MX-001</modules></user><user><code>MT2</code><username>FWMT2</username><password>$2a$08$HK.Yw/Oo0YPaJjWo5M7lx.b0PsqyKLxzKzTosVvm29Gr0NPICoSj2</password><firstName>Maria Alice</firstName><lastName>Teixeira</lastName><fullName>Maria Alice Teixeira</fullName><email/><modules>MX-001</modules></user><user><code>MA2</code><username>FWMA2</username><password>$2a$08$GEaZ3xSxJ6tD93iLo0IBiukUrD/knqyHA2FJ3ZF0COgmZ8XlZYk06</password><firstName>Milena</firstName><lastName>Azevedo</lastName><fullName>Milena Azevedo</fullName><email/><modules>MX-001</modules></user><user><code>AC6</code><username>FWAC6</username><password>$2a$08$3nn10ZlEyt1nEFumzQFIGOZcu5478nyWOlmtmFBYK1u53ds/Pb4ii</password><firstName>Ana Júlia</firstName><lastName>Cardoso</lastName><fullName>Ana Júlia Cardoso</fullName><email/><modules>MX-001</modules></user><user><code>MM3</code><username>FWMM3</username><password>$2a$08$dGHZi0wrfoDropaEkGEdaOLSRfeNIBs2z.S720AHFBsiYWViDUcaO</password><firstName>Mariane</firstName><lastName>Moura</lastName><fullName>Mariane Moura</fullName><email/><modules>MX-001</modules></user><user><code>SB1</code><username>FWSB1</username><password>$2a$08$93ysQMXMtTl58FaQigqDw.WUS9Rp786nixtY7zxtqyh4KLQtE16Lu</password><firstName>Sophia</firstName><lastName>Barros</lastName><fullName>Sophia Barros</fullName><email/><modules>MX-001</modules></user><user><code>AA2</code><username>FWAA2</username><password>$2a$08$MP.nzXjAY90tfsralNSlBewE/6kd1SwKPPo/2sFjNGY35jCkVC6WW</password><firstName>Ana Luiza</firstName><lastName>Aragão</lastName><fullName>Ana Luiza Aragão</fullName><email/><modules>MX-001</modules></user><user><code>MF3</code><username>FWMF3</username><password>$2a$08$BTThNpg5LAxDcJRfMtvoM.FOeLI1Qn2PhXK8mDmHuLiphjF40XNpi</password><firstName>Maria</firstName><lastName>Fernanda</lastName><fullName>Maria Fernanda</fullName><email/><modules>MX-001</modules></user><user><code>SP1</code><username>FWSP1</username><password>$2a$08$jveYDTAJfont8.xEpV4lRezg6RC2MyzExiHp3eso2jRCR0rvhloIe</password><firstName>Sarah</firstName><lastName>Pereira</lastName><fullName>Sarah Pereira</fullName><email/><modules>MX-001</modules></user><user><code>ES1</code><username>FWES1</username><password>$2a$08$rIlB219VpILo1F/j6X7CduNXI9c/RKXW8rd3ashxIXyN7z9LQnlhi</password><firstName>Emilly</firstName><lastName>Souza</lastName><fullName>Emilly Souza</fullName><email/><modules>MX-001</modules></user><user><code>CA1</code><username>FWCA1</username><password>$2a$10$rSic8QMJf10WkOM/VQy9.eK942SRzgIS1WWhl4s8PDsD6WbCBiz4C</password><firstName>Clara</firstName><lastName>Alves</lastName><fullName>Clara Alves</fullName><email/><modules>MX-004,MX-002,MX-003,MX-001</modules></user><user><code>MC8</code><username>FWMC8</username><password>$2a$08$7w9tAt4Y2sP0fjk.sxBLhemFEzMOuGZGjKQ3fFPu8QyLNZKKzSbTq</password><firstName>Marcela</firstName><lastName>Cardoso</lastName><fullName>Marcela Cardoso</fullName><email/><modules>MX-001</modules></user><user><code>LC6</code><username>FWLC6</username><password>$2a$08$31ct5olahvjNYvVWLS6GRubxiITjw.7MIdoYjIagFFbg8WrJZA86y</password><firstName>Lívia</firstName><lastName>Costa</lastName><fullName>Lívia Costa</fullName><email/><modules>MX-001</modules></user><user><code>MR1</code><username>FWMR1</username><password>$2a$08$2KdN9y.Xuwtv2uX.W6oSmuV.wscgiKBhImEigQAQC/Fwh61i8sLQ.</password><firstName>Maria Luiza</firstName><lastName>Rocha</lastName><fullName>Maria Luiza Rocha</fullName><email/><modules>MX-001</modules></user><user><code>NR1</code><username>FWNR1</username><password>$2a$08$/dH7s8ApxM2/QASvYYCqtOQ5D0N3uq76Y2mwGhGdrR3X9qCPf76/i</password><firstName>Nina</firstName><lastName>Ramos</lastName><fullName>Nina Ramos</fullName><email/><modules>MX-001</modules></user><user><code>HN1</code><username>FWHN1</username><password>$2a$08$O5zGxfS6wuBWG2E1294SpeJvBelwyFE516dwX0gMmqRgQYXkL3PNe</password><firstName>Helena</firstName><lastName>Nascimento</lastName><fullName>Helena Nascimento</fullName><email/><modules>MX-001</modules></user><user><code>SP2</code><username>FWSP2</username><password>$2a$08$Dj/gqx6lFKoC.ST2t3XOx.GzgAF82azIWbFR6vY/p6OMG9xen7SRe</password><firstName>Sarah</firstName><lastName>Porto</lastName><fullName>Sarah Porto</fullName><email/><modules>MX-001</modules></user><user><code>AC7</code><username>FWAC7</username><password>$2a$08$Du2cADxPJcr47vLkMQfz5Oo9f0Iga/AisrjN63ByG7W8FXK/t/XFW</password><firstName>Ana Beatriz</firstName><lastName>Castro</lastName><fullName>Ana Beatriz Castro</fullName><email/><modules>MX-001</modules></user><user><code>SS3</code><username>FWSS3</username><password>$2a$08$kO6YEaavqBELAUdWpaqkxOGJIeTzvAOurZfbPdySqKKXOQCTs3W5.</password><firstName>Stella</firstName><lastName>Silva</lastName><fullName>Stella Silva</fullName><email/><modules>MX-001</modules></user><user><code>AB3</code><username>FWAB3</username><password>$2a$08$tsuFs1LqAjpGV5mdqT643OCrYNV3kABUUSbEGa3JJ.S3l46Baa9Wm</password><firstName>Alice</firstName><lastName>Barbosa</lastName><fullName>Alice Barbosa</fullName><email/><modules>MX-001</modules></user><user><code>VS2</code><username>FWVS2</username><password>$2a$08$SjOBhVOMwPAgaQvAeQWvrOnBb5U06m2XnEQp4YBm5HjhvC2zhniF.</password><firstName>Valentina</firstName><lastName>Souza</lastName><fullName>Valentina Souza</fullName><email/><modules>MX-003</modules></user><user><code>JJ2</code><username>FWJJ2</username><password>$2a$08$wlDJCBHF361nB9Tt9iSLPeB9W3JgdiC1EDv19B8EE.eawKm6HKfCG</password><firstName>Joana</firstName><lastName>Jesus</lastName><fullName>Joana Jesus</fullName><email/><modules>MX-001</modules></user><user><code>RS1</code><username>FWRS1</username><password>$2a$08$L2HcaR6yCjAADkYrCglejuPIBm2VhYM52pp0mO6HvTE75cDqmOStq</password><firstName>Rebeca</firstName><lastName>Silveira</lastName><fullName>Rebeca Silveira</fullName><email/><modules>MX-003</modules></user><user><code>RS2</code><username>FWRS2</username><password>$2a$08$x8jsOAogHa.32JNUFcep7.rrWIWs3eo4pUw45AE8qkZoiUEg3pY.q</password><firstName>Rebeca</firstName><lastName>Sales</lastName><fullName>Rebeca Sales</fullName><email/><modules>MX-001</modules></user><user><code>MM4</code><username>FWMM4</username><password>$2a$08$REpJFaYwe/5h6xuWebF2suApb7iG1fS3lfvQLo2jAIlgr.NVrCeMy</password><firstName>Maysa</firstName><lastName>Moraes</lastName><fullName>Maysa Moraes</fullName><email/><modules>MX-001</modules></user><user><code>CMO</code><username>FWCMO</username><password>$2a$08$uioWi1OabKJ6yp3rhF82WuvfyQ4svMZkOtmePOZMPuEWdvYGmhGJS</password><firstName>Cecília</firstName><lastName>Moraes</lastName><fullName>Cecília Moraes</fullName><email/><modules>MX-001</modules></user><user><code>MC9</code><username>FWMC9</username><password>$2a$08$riWd7SAAgAGX.VK5NF.fBuoyqD3FDfSLBaG1XpiSbIYkO3KB.lK/2</password><firstName>Manuela</firstName><lastName>Correia</lastName><fullName>Manuela Correia</fullName><email/><modules>MX-001</modules></user><user><code>LM3</code><username>FWLM3</username><password>$2a$08$nI.eZg/x5C.tic2o0V0wEuvNysU1nUg6BYcwpSTqLj1qNveHFQnZi</password><firstName>Luna</firstName><lastName>Moraes</lastName><fullName>Luna Moraes</fullName><email/><modules>MX-001</modules></user><user><code>MM5</code><username>FWMM5</username><password>$2a$08$GIvuZTeSo7.2v89Db4kOG.r/RDzRz4QdiK22E8KjY9Fe1BM3ejfG.</password><firstName>Melissa</firstName><lastName>Martins</lastName><fullName>Melissa Martins</fullName><email/><modules>MX-002</modules></user><user><code>LM4</code><username>FWLM4</username><password>$2a$08$VbvPeC1tyAGIMbcJ1BJJGeMqjqt3nGGxAV6VfKS89ADecFJh4a2Rm</password><firstName>Lara</firstName><lastName>Moraes</lastName><fullName>Lara Moraes</fullName><email/><modules>MX-002</modules></user><user><code>JP3</code><username>FWJP3</username><password>$2a$08$i3VAlC506n9gZoKdnRg8/esyNKb5yx4B75qOl2i2wkxlgYflCBRNK</password><firstName>Juliana</firstName><lastName>Pires</lastName><fullName>Juliana Pires</fullName><email/><modules>MX-002</modules></user><user><code>JM6</code><username>FWJM6</username><password>$2a$08$8cIqWcbU/uXckFd8j.a.F.WiUZXKwp5qAoWY/hC.Cl/M6IRtr9rNK</password><firstName>Joana</firstName><lastName>Moura</lastName><fullName>Joana Moura</fullName><email/><modules>MX-002</modules></user><user><code>AC8</code><username>FWAC8</username><password>$2a$08$Jfo2o1Q9TqTptV2ZooZZNeJqLNMjdAnrQsZGkmeq90v44JUA4jVpy</password><firstName>Alexia</firstName><lastName>Cavalcanti</lastName><fullName>Alexia Cavalcanti</fullName><email/><modules>MX-002</modules></user><user><code>ML3</code><username>FWML3</username><password>$2a$08$inyfwfUhH02PL9WhXRKWLu4PokAJ2Ik1MXF4YLzzq412Gn1.hPuDG</password><firstName>Maria Cecília</firstName><lastName>Lima</lastName><fullName>Maria Cecília Lima</fullName><email/><modules>MX-002</modules></user><user><code>BR1</code><username>FWBR1</username><password>$2a$08$ACvCEaorSt4KKUnZ1QXDPezlEZWUKVpcJBXkQ4kiF9xnTfsUVI5wa</password><firstName>Brenda</firstName><lastName>Rocha</lastName><fullName>Brenda Rocha</fullName><email/><modules>MX-002</modules></user><user><code>AJ2</code><username>FWAJ2</username><password>$2a$08$3rV6BUcJxzPSVd6PmSGrje/Sk07bdoyZCP2jxLxHGWPJ.PiFgNrJa</password><firstName>Ana</firstName><lastName>Julia</lastName><fullName>Ana Julia</fullName><email/><modules>MX-002</modules></user><user><code>SP3</code><username>FWSP3</username><password>$2a$08$cA0r1lz0cXehPr64tIZq.eOX7brq7c6VoqCwW45WI1A1OjnlEJkZC</password><firstName>Sophie</firstName><lastName>Pires</lastName><fullName>Sophie Pires</fullName><email/><modules>MX-001</modules></user><user><code>SC4</code><username>FWSC4</username><password>$2a$08$rLhAeqU2Z8gKH4wFDTDO4uR7/gr7jAv7vk3TxxWtJft4y75Om/Foe</password><firstName>Sofia</firstName><lastName>Cardoso</lastName><fullName>Sofia Cardoso</fullName><email/><modules>MX-002</modules></user><user><code>HR2</code><username>FWHR2</username><password>$2a$08$QuA7Sec3mPUZ7LvY99V0SeuD7FgaTBQvNUDDkplYQnMC199MDnyAq</password><firstName>Heloísa</firstName><lastName>Ribeiro</lastName><fullName>Heloísa Ribeiro</fullName><email/><modules>MX-002</modules></user><user><code>HV1</code><username>FWHV1</username><password>$2a$08$1FbsQNGZIun6Ee5dS6vv.OrLhTa8PjD2BTWfbzHr0k7N5u6gDkFLi</password><firstName>Heloísa</firstName><lastName>Vieira</lastName><fullName>Heloísa Vieira</fullName><email/><modules>MX-002</modules></user><user><code>MA3</code><username>FWMA3</username><password>$2a$08$7WfB96VxkRR.S8S.BsxOQuWRdhDDizM8DsK5oXiU9NyPQXfdpXrPe</password><firstName>Maysa</firstName><lastName>Alves</lastName><fullName>Maysa Alves</fullName><email/><modules>MX-002</modules></user><user><code>RJ1</code><username>FWRJ1</username><password>$2a$08$mN4jNNVHiQGSst.1Da6A3edloihYya0V1fyomNgXX21xwu0E/33e6</password><firstName>Raquel</firstName><lastName>Jesus</lastName><fullName>Raquel Jesus</fullName><email/><modules>MX-002</modules></user><user><code>CA2</code><username>FWCA2</username><password>$2a$08$iVjxbnQsbvpTjM3zmbkhh.yh.JMS0AaSPJ01hmFxXqrlxOdU4DxV.</password><firstName>Catarina</firstName><lastName>Almeida</lastName><fullName>Catarina Almeida</fullName><email/><modules>MX-003,MX-001</modules></user><user><code>AV1</code><username>FWAV1</username><password>$2a$10$lCadn/X4cJuvy9ptSWV.kubzq2vUIUa.4jjBWbn4kkvSmU1fd84ke</password><firstName>Alice</firstName><lastName>Viana</lastName><fullName>Alice Viana</fullName><email/><modules>MX-002</modules></user><user><code>JN4</code><username>FWJN4</username><password>$2a$08$yn4irxFIGk5lz.ira4VlJ.BuX7RqZmY1j5aw12EE2vdJbn5ePll.W</password><firstName>João Miguel</firstName><lastName>Nogueira</lastName><fullName>João Miguel Nogueira</fullName><email/><modules>MX-002</modules></user><user><code>HR3</code><username>FWHR3</username><password>$2a$08$z0/GBIFrssoUZyoqQh6O7eYVLAvUbBNFLlW2xh0YPhy6F4J7f.RPu</password><firstName>Henrique</firstName><lastName>Ramos</lastName><fullName>Henrique Ramos</fullName><email/><modules>MX-001</modules></user><user><code>DR2</code><username>FWDR2</username><password>$2a$08$iP1m9Ri1uVLLDAaRfP.ZFOTa6KFG2IvB2JT7HJ/WA7UQ8F.GKs10m</password><firstName>Daniel</firstName><lastName>Ribeiro</lastName><fullName>Daniel Ribeiro</fullName><email/><modules>MX-001</modules></user><user><code>JF1</code><username>FWJF1</username><password>$2a$08$tD3zaL7XJWYfzQetBuGpKuRRskuwZzLOi4TGAJP/TT4EkTW4yEZZ2</password><firstName>João Pedro</firstName><lastName>Fernandes</lastName><fullName>João Pedro Fernandes</fullName><email/><modules>MX-001</modules></user><user><code>JN5</code><username>FWJN5</username><password>$2a$08$6GjV1dPNbYJm27LQfDrQCem4FYloP0dg1lJpzgLuhuNHJX/Q32dr2</password><firstName>João Pedro</firstName><lastName>Nascimento</lastName><fullName>João Pedro Nascimento</fullName><email/><modules>MX-003</modules></user><user><code>PO1</code><username>FWPO1</username><password>$2a$08$wMaKj9xFO7tdFjqhN7Cpg.x30DODhCz4n0mZZta9FgiOJWDtEfsNu</password><firstName>Pedro Henrique</firstName><lastName>Oliveira</lastName><fullName>Pedro Henrique Oliveira</fullName><email/><modules>MX-001</modules></user><user><code>VC1</code><username>FWVC1</username><password>$2a$08$1pLGyVJf/JDCxbEcAZ/Uf.nL.npVidd.zPrLEIspurT6s81eTzMIS</password><firstName>Vitor</firstName><lastName>Carvalho</lastName><fullName>Vitor Carvalho</fullName><email/><modules>MX-001</modules></user><user><code>DM2</code><username>FWDM2</username><password>$2a$08$lQkBdYo3XIDb2155pZ90SeXEJSVGTnaPuxkHMr.OCIpFM5aAkTdRC</password><firstName>Diogo</firstName><lastName>Martins</lastName><fullName>Diogo Martins</fullName><email/><modules>MX-001</modules></user><user><code>ED1</code><username>FWED1</username><password>$2a$08$83RFaLN16ICaJp5cwJZFkun/tJTt0FhKqpw7GGeIKarDd3MFdzDVi</password><firstName>Erick</firstName><lastName>Duarte</lastName><fullName>Erick Duarte</fullName><email/><modules>MX-001</modules></user><user><code>DC3</code><username>FWDC3</username><password>$2a$08$KDA697RKkfZ2Jks4gaDefOczB01ihlzq1KWDEqx6X4lODKzwDRmAO</password><firstName>Davi</firstName><lastName>Correia</lastName><fullName>Davi Correia</fullName><email/><modules>MX-003</modules></user><user><code>RV1</code><username>FWRV1</username><password>$2a$08$ts0LJxbHXOWbY3ZqFfDiz.lMMWPV6BnTS/qQWV5beW9h0jbwYM/xC</password><firstName>Rodrigo</firstName><lastName>Viana</lastName><fullName>Rodrigo Viana</fullName><email/><modules>MX-003</modules></user><user><code>ID1</code><username>FWID1</username><password>$2a$08$7irFhef9X/HnTvnI8JobjelBju.ci1b4hekHvMm3QDgkBz5wqRNXC</password><firstName>Igor</firstName><lastName>Dias</lastName><fullName>Igor Dias</fullName><email/><modules>MX-001</modules></user><user><code>ES2</code><username>FWES2</username><password>$2a$08$BES8RWAL6K8wQwPrXRoOrucwNXPOllwPWoMMAyneWZcgrXp6l34Aq</password><firstName>Eduardo</firstName><lastName>Sales</lastName><fullName>Eduardo Sales</fullName><email/><modules>MX-003</modules></user><user><code>JN6</code><username>FWJN6</username><password>$2a$08$iCiqp7SWbIk8i6OyEBiDGur9xHvXHCEkxGAHd.E.LZjGfJTT6FOr.</password><firstName>Juan</firstName><lastName>Nunes</lastName><fullName>Juan Nunes</fullName><email/><modules>MX-001</modules></user><user><code>AC9</code><username>FWAC9</username><password>$2a$08$pkI68Yb12Q/zrNrr4umCWuzSombzRNa57dfQDeKk67ev1Rt6s8NvC</password><firstName>André</firstName><lastName>Cardoso</lastName><fullName>André Cardoso</fullName><email/><modules>MX-003</modules></user><user><code>PM6</code><username>FWPM6</username><password>$2a$08$E/j.F.ndeevOBVuQkTI6ue3gp/bdPr.GWTeApQAfVd8PZXrn2iqou</password><firstName>Pedro</firstName><lastName>Miguel</lastName><fullName>Pedro Miguel</fullName><email/><modules>MX-001</modules></user><user><code>DT1</code><username>FWDT1</username><password>$2a$10$3Pt5zj1fxk0e9tEQ.ui9buBa4.zkq5ns1hoTzjb.U/fxpVR4pNZ3S</password><firstName>Danilo</firstName><lastName>Teixeira</lastName><fullName>Danilo Teixeira</fullName><email/><modules>MX-003,MX-001</modules></user><user><code>MA4</code><username>FWMA4</username><password>$2a$08$sBvjM89ilY6ektzlqJPZ5uZoRoIW11Ar8aJUEOUrvb4bhytU5roZu</password><firstName>Matheus</firstName><lastName>Azevedo</lastName><fullName>Matheus Azevedo</fullName><email/><modules>MX-001</modules></user><user><code>JS4</code><username>FWJS4</username><password>$2a$08$0nDiigV4eWqZzy3GBRrIBeWQKAOCq0t2wFH3k9mNvop/fQKYalxC.</password><firstName>Juan</firstName><lastName>Santos</lastName><fullName>Juan Santos</fullName><email/><modules>MX-001</modules></user><user><code>LC7</code><username>FWLC7</username><password>$2a$08$CHOCJB2D47h5z.y6BA4cfeezJnfuQ084wXFwOCNyA5iKsCBWhMzqy</password><firstName>Luiz Gustavo</firstName><lastName>Caldeira</lastName><fullName>Luiz Gustavo Caldeira</fullName><email/><modules>MX-001</modules></user><user><code>ER1</code><username>FWER1</username><password>$2a$08$jQssfYBE3t/X6Qgc5vyNueOBk5UdQ1VXOJdyaD0UawoC1knHGaTRa</password><firstName>Emanuel</firstName><lastName>Rodrigues</lastName><fullName>Emanuel Rodrigues</fullName><email/><modules>MX-001</modules></user><user><code>DM3</code><username>FWDM3</username><password>$2a$08$6RT6LCTUMFjbT0LLx6Eay.KaWzU6QScWWt8prIi8GqrVqK56sC1lO</password><firstName>Davi Luiz</firstName><lastName>Martins</lastName><fullName>Davi Luiz Martins</fullName><email/><modules>MX-001</modules></user><user><code>DL1</code><username>FWDL1</username><password>$2a$08$Q8BHcTTvU8S6bhS5pqFAGeypXWM/hLPhmqeIdFTa1VALjYA6IF1Xe</password><firstName>Davi</firstName><lastName>Lucas</lastName><fullName>Davi Lucas</fullName><email/><modules>MX-001</modules></user><user><code>BV1</code><username>FWBV1</username><password>$2a$08$vJlVetoE1saoIS9Qq8Fce.ZJdaDEQj.GPd4Utorgn8jDaVcdWYBza</password><firstName>Bruno</firstName><lastName>Vieira</lastName><fullName>Bruno Vieira</fullName><email/><modules>MX-001</modules></user><user><code>MCA</code><username>FWMCA</username><password>$2a$08$FBdF9Edo.zh3noX08IBjO.VEAdw.iif9yLNAsmu34zf0ByDRkcOVu</password><firstName>Miguel</firstName><lastName>Caldeira</lastName><fullName>Miguel Caldeira</fullName><email/><modules>MX-002</modules></user><user><code>FT1</code><username>FWFT1</username><password>$2a$08$XUIW55VPt/aLYRu70ayM1uyF3Gy45u2ZMOiysxSIt3FNce2a3ZEbi</password><firstName>Felipe</firstName><lastName>Teixeira</lastName><fullName>Felipe Teixeira</fullName><email/><modules>MX-001</modules></user><user><code>PT1</code><username>ptene</username><password>$2a$10$YxsMo6ZZpf.O1Efa6dXV9uNnwGQxV6VvvV470Qd4UJ488mP7.TiIO</password><firstName>Pinto</firstName><lastName>Tene</lastName><fullName>Pinto Tene</fullName><email>pinto@tene.com</email><modules>2c9fc91d818a29100181a3d7cc1f004c,MX-004,MX-002,MX-003,ff80818180e8da790180e8daa3dc004e,ff80818180e8db410180e8db5caf0001,MX-001,ff80818180e8db410180e8db5ca00000</modules></user><user><code>PG1</code><username>gorr</username><password>$2a$10$hfbJdpGHTvP.zxE9DF0sNeudi7.rWoZZep.IMwlZck0cSgOdA.gwW</password><firstName>Pinto</firstName><lastName>ggorr</lastName><fullName>Pinto ggorr</fullName><email>pinto@tenegor.com</email><modules>MX-001</modules></user><user><code>PF1</code><username>adminx</username><password>$2a$10$s8AjLvnMZu4xAarP76KqouGvP4XvEFUG2YbXeLF0Y/FR.8CiV7eN6</password><firstName>Paulo</firstName><lastName>Filimone</lastName><fullName>Paulo Filimone</fullName><email/><modules>2c9fc91d818a29100181a3d7cc1f004c,MX-004,MX-002,MX-003,ff80818180e8da790180e8daa3dc004e,ff80818180e8db410180e8db5caf0001,MX-001,ff80818180e8db410180e8db5ca00000</modules></user><user><code>GU1</code><username>guest</username><password>$2a$10$Op.SFd54M.T0q7PkjAVfseG52MQnUdjgZcl8ztOEKX1oyn5aadgkS</password><firstName>Guest</firstName><lastName>User</lastName><fullName>Guest User</fullName><email>guest@guest.com</email><modules>2c9fc91d818a29100181a3d7cc1f004c,MX-004,MX-002,MX-003,ff80818180e8da790180e8daa3dc004e,ff80818180e8db410180e8db5caf0001,MX-001,ff80818180e8db410180e8db5ca00000</modules></user><user><code>GE1</code><username>demo</username><password>$2a$10$JEjhwdA0.Qt1xqKZtNLFKOP8rGeoD2lYa5HHmeHIGeby/kxxJICfe</password><firstName>George</firstName><lastName>Explorer</lastName><fullName>George Explorer</fullName><email>demo@hds-explorer.org</email><modules>2c9fc91d818a29100181a3d7cc1f004c,MX-004,MX-002,MX-003,ff80818180e8da790180e8daa3dc004e,ff80818180e8db410180e8db5caf0001,MX-001,ff80818180e8db410180e8db5ca00000</modules></user></users>