<?xml version="1.0" encoding="UTF-8" standalone="no"?><modules><module><code>MX-004</code><name>CHAMPS Mozambique</name><description>CHAMPS Project in Mozambique Site</description></module><module><code>MX-001</code><name>DSS Surveillance</name><description>The default module of HDS-Explorer that allows you to navigate the system</description></module><module><code>MX-002</code><name>Study One</name><description>First Study Project</description></module><module><code>MX-003</code><name>MALTEM Project</name><description>Malaria Elimination Study</description></module></modules>